DBRep_DrawableShape

CASCADE Topology V3, (c) Open Cascade
Locations 294
1
              1               0               0               0 
              0               1               0               0 
              0               0               1               0 
1
              1               0               0               0 
              0               1               0               0 
              0               0               1               0 
1
              1              -0               0              -0 
              0               1               0               0 
             -0               0               1              -0 
2  1 1 2 1 3 1 0
2  3 -1 2 -1 1 -1 0
1
              1               0               0               0 
              0               1               0               0 
              0               0               1               4 
2  1 1 2 1 3 1 6 1 0
2  6 -1 3 -1 2 -1 1 -1 0
1
              1               0               0               0 
              0               1               0               0 
              0               0               1               0 
1
              1               0               0               0 
              0               1               0               0 
              0               0               1               0 
1
              1              -0               0              -0 
              0               1               0               0 
             -0               0               1               4 
2  9 1 10 1 11 1 0
2  11 -1 10 -1 9 -1 0
1
              1               0               0              -0 
              0               1               0              -0 
              0               0               1               0 
1
              1               0               0               0 
              0               1               0             108 
              0               0               1               0 
2  14 1 15 1 11 1 0
2  11 -1 15 -1 14 -1 0
1
              1               0               0              -0 
              0               1               0              -0 
              0               0               1               0 
1
              1               0               0               0 
              0               1               0            -108 
              0               0               1               0 
2  18 1 19 1 11 1 0
2  11 -1 19 -1 18 -1 0
1
              1               0               0               0 
              0               1               0               0 
              0               0               1               2 
2  9 1 10 1 11 1 22 1 0
2  22 -1 11 -1 10 -1 9 -1 0
1
              1               0               0               0 
              0               1               0               0 
              0               0               1               0 
1
              1               0               0               0 
              0               1               0               0 
              0               0               1               0 
1
              1              -0               0              -0 
              0               1               0               0 
             -0               0               1               6 
1
              1               0               0               0 
              0               1               0               0 
              0               0               1               2 
2  25 1 26 1 27 1 28 1 0
2  28 -1 27 -1 26 -1 25 -1 0
2  14 1 15 1 11 1 22 1 0
2  22 -1 11 -1 15 -1 14 -1 0
2  18 1 19 1 11 1 22 1 0
2  22 -1 11 -1 19 -1 18 -1 0
2  25 1 26 1 27 1 0
2  27 -1 26 -1 25 -1 0
1
              1               0               0               0 
              0               1               0               0 
              0               0               1               0 
1
              1               0               0               0 
              0               1               0               0 
              0               0               1               0 
1
              1              -0               0              -0 
              0               1               0               0 
             -0               0               1               6 
1
              1               0               0             -48 
              0               1               0               0 
              0               0               1               0 
2  37 1 38 1 39 1 40 1 0
2  39 -1 38 -1 37 -1 0
2  40 -1 39 -1 38 -1 37 -1 0
1
              1               0               0             -36 
              0               1               0               0 
              0               0               1               0 
2  37 1 38 1 39 1 44 1 0
2  44 -1 39 -1 38 -1 37 -1 0
1
              1               0               0             -24 
              0               1               0               0 
              0               0               1               0 
2  37 1 38 1 39 1 47 1 0
2  47 -1 39 -1 38 -1 37 -1 0
1
              1               0               0             -12 
              0               1               0               0 
              0               0               1               0 
2  37 1 38 1 39 1 50 1 0
2  50 -1 39 -1 38 -1 37 -1 0
2  37 1 38 1 39 1 0
1
              1               0               0              12 
              0               1               0               0 
              0               0               1               0 
2  37 1 38 1 39 1 54 1 0
2  54 -1 39 -1 38 -1 37 -1 0
1
              1               0               0              24 
              0               1               0               0 
              0               0               1               0 
2  37 1 38 1 39 1 57 1 0
2  57 -1 39 -1 38 -1 37 -1 0
1
              1               0               0              36 
              0               1               0               0 
              0               0               1               0 
2  37 1 38 1 39 1 60 1 0
2  60 -1 39 -1 38 -1 37 -1 0
1
              1               0               0              48 
              0               1               0               0 
              0               0               1               0 
2  37 1 38 1 39 1 63 1 0
2  63 -1 39 -1 38 -1 37 -1 0
1
              1               0               0               0 
              0               1               0               0 
              0               0               1               0 
1
              1               0               0               0 
              0               1               0               0 
              0               0               1               0 
1
              1              -0               0              -0 
              0               1               0               0 
             -0               0               1               8 
2  66 1 67 1 68 1 0
2  68 -1 67 -1 66 -1 0
1
              1               0               0            10.5 
              0               1               0               0 
              0               0               1               0 
2  66 1 67 1 68 1 71 1 0
2  71 -1 68 -1 67 -1 66 -1 0
1
              1               0               0              21 
              0               1               0               0 
              0               0               1               0 
2  66 1 67 1 68 1 74 1 0
2  74 -1 68 -1 67 -1 66 -1 0
1
              1               0               0            31.5 
              0               1               0               0 
              0               0               1               0 
2  66 1 67 1 68 1 77 1 0
2  77 -1 68 -1 67 -1 66 -1 0
1
              1               0               0              42 
              0               1               0               0 
              0               0               1               0 
2  66 1 67 1 68 1 80 1 0
2  80 -1 68 -1 67 -1 66 -1 0
1
              1               0               0            52.5 
              0               1               0               0 
              0               0               1               0 
2  66 1 67 1 68 1 83 1 0
2  83 -1 68 -1 67 -1 66 -1 0
1
              1               0               0              63 
              0               1               0               0 
              0               0               1               0 
2  66 1 67 1 68 1 86 1 0
2  86 -1 68 -1 67 -1 66 -1 0
1
              1               0               0            73.5 
              0               1               0               0 
              0               0               1               0 
2  66 1 67 1 68 1 89 1 0
2  89 -1 68 -1 67 -1 66 -1 0
1
              1               0               0              84 
              0               1               0               0 
              0               0               1               0 
2  66 1 67 1 68 1 92 1 0
2  92 -1 68 -1 67 -1 66 -1 0
1
              1               0               0            94.5 
              0               1               0               0 
              0               0               1               0 
2  66 1 67 1 68 1 95 1 0
2  95 -1 68 -1 67 -1 66 -1 0
1
              1               0               0             105 
              0               1               0               0 
              0               0               1               0 
2  66 1 67 1 68 1 98 1 0
2  98 -1 68 -1 67 -1 66 -1 0
1
              1               0               0           115.5 
              0               1               0               0 
              0               0               1               0 
2  66 1 67 1 68 1 101 1 0
2  101 -1 68 -1 67 -1 66 -1 0
1
              1               0               0             126 
              0               1               0               0 
              0               0               1               0 
2  66 1 67 1 68 1 104 1 0
2  104 -1 68 -1 67 -1 66 -1 0
1
              1               0               0           136.5 
              0               1               0               0 
              0               0               1               0 
2  66 1 67 1 68 1 107 1 0
2  107 -1 68 -1 67 -1 66 -1 0
1
              1               0               0             147 
              0               1               0               0 
              0               0               1               0 
2  66 1 67 1 68 1 110 1 0
2  110 -1 68 -1 67 -1 66 -1 0
1
              1               0               0           157.5 
              0               1               0               0 
              0               0               1               0 
2  66 1 67 1 68 1 113 1 0
2  113 -1 68 -1 67 -1 66 -1 0
1
              1               0               0             168 
              0               1               0               0 
              0               0               1               0 
2  66 1 67 1 68 1 116 1 0
2  116 -1 68 -1 67 -1 66 -1 0
1
              1               0               0               0 
              0               1               0               0 
              0               0               1               0 
1
              1               0               0               0 
              0               1               0               0 
              0               0               1               0 
1
              1              -0               0              -0 
              0               1               0               0 
             -0               0               1               8 
2  119 1 120 1 121 1 0
2  121 -1 120 -1 119 -1 0
2  40 -1 0
1
              1               0               0               0 
              0               1               0               0 
              0               0               1               0 
1
              1               0               0               0 
              0               1               0               0 
              0               0               1               0 
1
              1              -0               0              -0 
              0               1               0               0 
             -0               0               1             8.5 
2  125 1 126 1 127 1 0
2  127 -1 126 -1 125 -1 0
2  40 -1 127 -1 126 -1 125 -1 0
2  44 -1 0
2  44 -1 127 -1 126 -1 125 -1 0
2  47 -1 0
2  47 -1 127 -1 126 -1 125 -1 0
2  50 -1 0
2  50 -1 127 -1 126 -1 125 -1 0
2  54 -1 0
2  54 -1 127 -1 126 -1 125 -1 0
2  57 -1 0
2  57 -1 127 -1 126 -1 125 -1 0
2  60 -1 0
2  60 -1 127 -1 126 -1 125 -1 0
2  63 -1 0
2  63 -1 127 -1 126 -1 125 -1 0
1
              1               0               0               0 
              0               1               0               0 
              0               0               1               0 
1
              1               0               0               0 
              0               1               0               0 
              0               0               1               0 
1
              1              -0               0              -0 
              0               1               0               0 
             -0               0               1             9.8 
2  145 1 146 1 147 1 0
2  147 -1 146 -1 145 -1 0
2  71 -1 0
2  71 -1 147 -1 146 -1 145 -1 0
2  74 -1 0
2  74 -1 147 -1 146 -1 145 -1 0
2  77 -1 0
2  77 -1 147 -1 146 -1 145 -1 0
2  80 -1 0
2  80 -1 147 -1 146 -1 145 -1 0
2  83 -1 0
2  83 -1 147 -1 146 -1 145 -1 0
2  86 -1 0
2  86 -1 147 -1 146 -1 145 -1 0
2  89 -1 0
2  89 -1 147 -1 146 -1 145 -1 0
2  92 -1 0
2  92 -1 147 -1 146 -1 145 -1 0
2  95 -1 0
2  95 -1 147 -1 146 -1 145 -1 0
2  98 -1 0
2  98 -1 147 -1 146 -1 145 -1 0
2  101 -1 0
2  101 -1 147 -1 146 -1 145 -1 0
2  104 -1 0
2  104 -1 147 -1 146 -1 145 -1 0
2  107 -1 0
2  107 -1 147 -1 146 -1 145 -1 0
2  110 -1 0
2  110 -1 147 -1 146 -1 145 -1 0
2  113 -1 0
2  113 -1 147 -1 146 -1 145 -1 0
2  116 -1 0
2  116 -1 147 -1 146 -1 145 -1 0
1
              1               0               0               0 
              0               1               0               0 
              0               0               1             1.3 
2  119 1 120 1 121 1 182 1 0
2  182 -1 121 -1 120 -1 119 -1 0
1
              1               0               0               0 
              0               1               0               0 
              0               0               1               0 
1
              1               0               0               0 
              0               1               0               0 
              0               0               1               0 
1
              1              -0               0              -0 
              0               1               0               0 
             -0               0               1             9.3 
2  185 1 186 1 187 1 0
2  187 -1 186 -1 185 -1 0
1
              1               0               0               0 
              0               1               0               0 
              0               0               1               0 
1
              1               0               0               0 
              0               1               0               0 
              0               0               1               0 
2  190 1 191 1 187 1 0
2  187 -1 191 -1 190 -1 0
1
              1               0               0               0 
              0               1               0               0 
              0               0               1               0 
1
              1               0               0               0 
              0               1               0               0 
              0               0               1               0 
1
              1              -0               0              -0 
              0               1               0               0 
             -0               0               1             9.3 
2  194 1 195 1 196 1 0
2  196 -1 195 -1 194 -1 0
1
              1               0               0               0 
              0               1               0               0 
              0               0               1               0 
1
              1               0               0               0 
              0               1               0               0 
              0               0               1               0 
2  199 1 200 1 196 1 0
2  196 -1 200 -1 199 -1 0
1
              1               0               0               0 
              0               1               0               0 
              0               0               1               0 
1
              1               0               0               0 
              0               1               0               0 
              0               0               1               0 
2  203 1 204 1 196 1 0
2  196 -1 204 -1 203 -1 0
1
              1               0               0               0 
              0               1               0               0 
              0               0               1               0 
1
              1               0               0               0 
              0               1               0               0 
              0               0               1               0 
2  207 1 208 1 196 1 0
2  196 -1 208 -1 207 -1 0
1
              1               0               0               0 
              0               1               0               0 
              0               0               1               0 
1
              1               0               0               0 
              0               1               0               0 
              0               0               1               0 
2  211 1 212 1 187 1 0
2  187 -1 212 -1 211 -1 0
2  187 -1 0
1
              1               0               0               0 
              0               1               0               0 
              0               0               1               0 
1
              1               0               0               0 
              0               1               0               0 
              0               0               1               0 
2  216 1 217 1 196 1 0
2  196 -1 217 -1 216 -1 0
1
              1               0               0               0 
              0               1               0               0 
              0               0               1               0 
1
              1               0               0               0 
              0               1               0               0 
              0               0               1               0 
2  220 1 221 1 196 1 0
2  196 -1 221 -1 220 -1 0
1
              1               0               0               0 
              0               1               0               0 
              0               0               1               0 
1
              1               0               0               0 
              0               1               0               0 
              0               0               1               0 
2  224 1 225 1 196 1 0
2  196 -1 225 -1 224 -1 0
1
              1               0               0               0 
              0               1               0               0 
              0               0               1               0 
1
              1               0               0               0 
              0               1               0               0 
              0               0               1               0 
2  228 1 229 1 187 1 0
2  187 -1 229 -1 228 -1 0
1
              1               0               0               0 
              0               1               0               0 
              0               0               1 0.699999999999999 
2  185 1 186 1 187 1 232 1 0
2  232 -1 187 -1 186 -1 185 -1 0
1
              1               0               0               0 
              0               1               0               0 
              0               0               1 0.699999999999999 
2  190 1 191 1 187 1 235 1 0
2  235 -1 187 -1 191 -1 190 -1 0
1
              1               0               0               0 
              0               1               0               0 
              0               0               1 0.699999999999999 
2  194 1 195 1 196 1 238 1 0
2  238 -1 196 -1 195 -1 194 -1 0
1
              1               0               0               0 
              0               1               0               0 
              0               0               1 0.699999999999999 
2  199 1 200 1 196 1 241 1 0
2  241 -1 196 -1 200 -1 199 -1 0
1
              1               0               0               0 
              0               1               0               0 
              0               0               1 0.699999999999999 
2  203 1 204 1 196 1 244 1 0
2  244 -1 196 -1 204 -1 203 -1 0
1
              1               0               0               0 
              0               1               0               0 
              0               0               1 0.699999999999999 
2  207 1 208 1 196 1 247 1 0
2  247 -1 196 -1 208 -1 207 -1 0
1
              1               0               0               0 
              0               1               0               0 
              0               0               1 0.699999999999999 
2  211 1 212 1 187 1 250 1 0
2  250 -1 187 -1 212 -1 211 -1 0
2  187 1 250 1 0
2  250 -1 187 -1 0
1
              1               0               0               0 
              0               1               0               0 
              0               0               1 0.699999999999999 
2  216 1 217 1 196 1 255 1 0
2  255 -1 196 -1 217 -1 216 -1 0
1
              1               0               0               0 
              0               1               0               0 
              0               0               1 0.699999999999999 
2  220 1 221 1 196 1 258 1 0
2  258 -1 196 -1 221 -1 220 -1 0
1
              1               0               0               0 
              0               1               0               0 
              0               0               1 0.699999999999999 
2  224 1 225 1 196 1 261 1 0
2  261 -1 196 -1 225 -1 224 -1 0
1
              1               0               0               0 
              0               1               0               0 
              0               0               1 0.699999999999999 
2  228 1 229 1 187 1 264 1 0
2  264 -1 187 -1 229 -1 228 -1 0
2  196 1 241 1 0
2  199 1 200 1 0
1
              1               0               0               0 
              0               1               0               0 
              0               0               1               0 
1
              1               0               0               0 
              0               1               0               0 
              0               0               1               0 
2  269 1 270 1 0
2  241 -1 196 -1 270 -1 269 -1 0
2  196 1 247 1 0
2  207 1 208 1 0
1
              1               0               0               0 
              0               1               0               0 
              0               0               1               0 
1
              1               0               0               0 
              0               1               0               0 
              0               0               1               0 
2  275 1 276 1 0
2  247 -1 196 -1 276 -1 275 -1 0
2  212 -1 211 -1 0
2  196 1 258 1 0
2  220 1 221 1 0
1
              1               0               0               0 
              0               1               0               0 
              0               0               1               0 
1
              1               0               0               0 
              0               1               0               0 
              0               0               1               0 
2  282 1 283 1 0
2  258 -1 196 -1 283 -1 282 -1 0
2  269 1 270 1 196 1 0
2  196 -1 270 -1 269 -1 0
2  269 1 270 1 196 1 241 1 0
2  275 1 276 1 196 1 0
2  196 -1 276 -1 275 -1 0
2  275 1 276 1 196 1 247 1 0
2  282 1 283 1 196 1 0
2  196 -1 283 -1 282 -1 0
2  282 1 283 1 196 1 258 1 0
Curve2ds 992
8 0 6
1 0.785928587430342 0 0 -1 
8 0 6
1 0 0 0 -1 
8 0 6
1 0 0 0 -1 
8 0 0.785928587430342
1 0 0 1 0 
8 0 0.785928587430342
1 0 -6 1 0 
8 0 6
1 0.785928587430342 0 0 -1 
8 0 0.785928587430342
1 0 0 1 0 
8 0 0.785928587430342
1 0 -6 1 0 
8 0 0.78592858743034355
1 0 0 1 0 
8 1.1197695149986338 2.0218231385911594
1 6.2831853071795862 -1.5 -1 0 
8 0 0.78592858743034366
1 0 0 1 0 
8 0 0.78592858743034366
1 0 0 1 0 
8 4.2613621685884269 5.1634157921809525
1 6.2831853071795862 -1.5 -1 0 
8 0 0.785928587430342
1 0 0 1 0 
8 0 0.78592858743034355
1 0 0 1 0 
8 0 0.785928587430342
1 0 0 1 0 
8 0 6.2831853071795862
1 6.2831853071795862 -1.5 -1 0 
8 0 6.2831853071795862
1 6.2831853071795862 -1.5 -1 0 
8 0 6.2831853071795862
1 6.2831853071795862 -1.5 -1 0 
8 0 6.2831853071795862
1 6.2831853071795862 -1.5 -1 0 
8 0 0.78592858743034355
1 0 -6 1 0 
8 1.1197695149986338 2.0218231385911594
1 6.2831853071795862 -7.5 -1 0 
8 0 0.78592858743034366
1 0 -6 1 0 
8 0 0.78592858743034366
1 0 -6 1 0 
8 4.2613621685884269 5.1634157921809525
1 6.2831853071795862 -7.5 -1 0 
8 0 0.785928587430342
1 0 -6 1 0 
8 0 0.78592858743034355
1 0 -6 1 0 
8 0 0.785928587430342
1 0 -6 1 0 
8 0 6.2831853071795862
1 6.2831853071795862 -7.5 -1 0 
8 0 6.2831853071795862
1 6.2831853071795862 -7.5 -1 0 
8 0 0.78548266292216939
1 0 0 1 0 
8 0 0.78548266292217894
1 0 0 1 0 
8 4.2891531188852587 5.135624841884189
1 0 0 1 0 
8 0 0.78548266292217894
1 0 0 1 0 
8 0 0.78548266292216951
1 0 0 1 0 
8 0 0.78548266292216951
1 0 0 1 0 
8 0 0.78548266292217894
1 0 0 1 0 
8 1.1475604652953961 1.9940321882943275
1 0 0 1 0 
8 0 0.78548266292217894
1 0 0 1 0 
8 0 0.78548266292216939
1 0 0 1 0 
8 0 6.2831853071795862
1 6.2831853071795862 -7.5 -1 0 
8 0 6.2831853071795862
1 6.2831853071795862 -7.5 -1 0 
8 0 6
1 0.78592858743034355 0 0 -1 
8 0 6
1 0 0 0 -1 
8 0 6
1 0 0 0 -1 
8 -7.5 -1.5
1 4.2613621685884269 0 0 1 
8 -7.5 -1.5
1 5.1634157921809525 0 0 1 
8 0 6
1 0.78592858743034366 0 0 -1 
8 0 6
1 0.78592858743034366 0 0 -1 
8 -7.5 -1.5
1 2.0218231385911589 0 0 1 
8 0 6
1 0 0 0 -1 
8 -7.5 -1.5
1 1.1197695149986342 0 0 1 
8 0 6
1 0.785928587430342 0 0 -1 
8 0 6
1 0 0 0 -1 
8 0 6
1 0 0 0 -1 
8 0 6
1 0.78592858743034355 0 0 -1 
8 0 6
1 0.785928587430342 0 0 -1 
8 0 6
1 0 0 0 -1 
8 1.5 7.5
1 0 0 0 -1 
8 1.5 7.5
1 6.2831853071795862 0 0 -1 
8 1.5 7.5
1 0 0 0 -1 
8 1.5 7.5
1 6.2831853071795862 0 0 -1 
8 1.5 7.5
1 0 0 0 -1 
8 1.5 7.5
1 6.2831853071795862 0 0 -1 
8 1.5 7.5
1 0 0 0 -1 
8 1.5 7.5
1 6.2831853071795862 0 0 -1 
8 0 3
1 0.78548266292216939 0 0 -1 
8 0 3
1 0.78548266292216862 0 0 -1 
8 0 6
1 0 0 0 -1 
8 0 3
1 0 0 0 -1 
8 0 0.78548266292216939
1 0 -3 1 0 
8 0 0.78548266292217894
1 0 -6 1 0 
8 0 6
1 0.78548266292217894 0 0 -1 
8 0 3
1 4.2891531188852587 0 0 -1 
8 0 6
1 0 0 0 -1 
8 0 3
1 5.135624841884189 0 0 -1 
8 4.2891531188852587 5.135624841884189
1 0 -3 1 0 
8 0 0.78548266292217894
1 0 -6 1 0 
8 0 6
1 0.78548266292217894 0 0 -1 
8 0 3
1 0.78548266292216951 0 0 -1 
8 0 3
1 0 0 0 -1 
8 0 3
1 0 0 0 -1 
8 0 3
1 0 0 0 -1 
8 0 0.78548266292216951
1 0 -3 1 0 
8 0 3
1 0.78548266292216951 0 0 -1 
8 0 0.78548266292216951
1 0 -3 1 0 
8 0 6
1 0.78548266292217894 0 0 -1 
8 0 3
1 0 0 0 -1 
8 0 3
1 1.9940321882943275 0 0 -1 
8 0 6
1 0 0 0 -1 
8 0 0.78548266292217894
1 0 -6 1 0 
8 0 3
1 1.1475604652953961 0 0 -1 
8 1.1475604652953961 1.9940321882943275
1 0 -3 1 0 
8 0 6
1 0.78548266292217894 0 0 -1 
8 0 3
1 0 0 0 -1 
8 0 6
1 0 0 0 -1 
8 0 0.78548266292217894
1 0 -6 1 0 
8 0 3
1 0.78548266292216939 0 0 -1 
8 0 0.78548266292216939
1 0 -3 1 0 
8 0 3
1 0.78548266292216862 0 0 -1 
8 0 0.78548266292216862
1 0 0 1 0 
8 0 0.78548266292216862
1 0 0 1 0 
7 0 0  1 2 2  0 0  5.6568542494923806 0 
 0 2 8.4852813742385713 2
7 0 0  1 2 2  0 0  5.6568542494923806 0 
 0 2 8.4852813742385713 2
7 0 0  1 2 2  0 0  5.6568542494923806 0 
 0 2 8.4852813742385713 2
7 0 0  1 2 2  0 0  5.6568542494923806 0 
 0 2 8.4852813742385713 2
7 0 0  1 2 2  0 0  5.6568542494923806 0 
 0 2 8.4852813742385713 2
7 0 0  1 2 2  0 0  5.6568542494923806 0 
 0 2 8.4852813742385713 2
7 0 0  1 2 2  0 0  5.6568542494923806 0 
 0 2 8.4852813742385713 2
7 0 0  1 2 2  0 0  5.6568542494923806 0 
 0 2 8.4852813742385713 2
7 0 0  1 2 2  0 0  5.6568542494923806 0 
 0 2 8.4852813742385713 2
7 0 0  1 2 2  0 0  5.6568542494923806 0 
 0 2 8.4852813742385713 2
7 0 0  1 2 2  0 0  5.6568542494923806 0 
 0 2 8.4852813742385713 2
7 0 0  1 2 2  0 0  5.6568542494923806 0 
 0 2 8.4852813742385713 2
7 0 0  1 2 2  0 0  5.6568542494923806 0 
 0 2 8.4852813742385713 2
7 0 0  1 2 2  0 0  5.6568542494923806 0 
 0 2 8.4852813742385713 2
7 0 0  1 2 2  0 0  5.6568542494923806 0 
 0 2 8.4852813742385713 2
7 0 0  1 2 2  0 0  5.6568542494923806 0 
 0 2 8.4852813742385713 2
7 0 0  1 2 2  0 0  5.6568542494923806 0 
 0 2 8.4852813742385713 2
7 0 0  1 2 2  0 0  5.6568542494923806 0 
 0 2 8.4852813742385713 2
7 0 0  1 2 2  0 0  5.6568542494923806 0 
 0 2 8.4852813742385713 2
7 0 0  1 2 2  0 0  5.6568542494923806 0 
 0 2 8.4852813742385713 2
7 0 0  1 2 2  0 0  5.6568542494923806 0 
 0 2 8.4852813742385713 2
7 0 0  1 2 2  0 0  5.6568542494923806 0 
 0 2 8.4852813742385713 2
7 0 0  1 2 2  0 0  5.6568542494923806 0 
 0 2 8.4852813742385713 2
7 0 0  1 2 2  0 0  5.6568542494923806 0 
 0 2 8.4852813742385713 2
7 0 0  1 2 2  0 0  5.6568542494923806 0 
 0 2 8.4852813742385713 2
7 0 0  1 2 2  0 0  5.6568542494923806 0 
 0 2 8.4852813742385713 2
7 0 0  1 2 2  0 0  5.6568542494923806 0 
 0 2 8.4852813742385713 2
7 0 0  1 2 2  0 0  5.6568542494923806 0 
 0 2 8.4852813742385713 2
7 0 0  1 2 2  0 0  5.6568542494923806 0 
 0 2 8.4852813742385713 2
7 0 0  1 2 2  0 0  5.6568542494923806 0 
 0 2 8.4852813742385713 2
7 0 0  1 2 2  0 0  5.6568542494923806 0 
 0 2 8.4852813742385713 2
7 0 0  1 2 2  0 0  5.6568542494923806 0 
 0 2 8.4852813742385713 2
7 0 0  1 2 2  0 0  5.6568542494923806 0 
 0 2 8.4852813742385713 2
7 0 0  1 2 2  0 0  5.6568542494923806 0 
 0 2 8.4852813742385713 2
7 0 0  1 2 2  0 0  5.6568542494923806 0 
 0 2 8.4852813742385713 2
7 0 0  1 2 2  0 0  5.6568542494923806 0 
 0 2 8.4852813742385713 2
7 0 0  1 2 2  0 0  5.6568542494923806 0 
 0 2 8.4852813742385713 2
7 0 0  1 2 2  0 0  5.6568542494923806 0 
 0 2 8.4852813742385713 2
7 0 0  1 2 2  0 0  5.6568542494923806 0 
 0 2 8.4852813742385713 2
7 0 0  1 2 2  0 0  5.6568542494923806 0 
 0 2 8.4852813742385713 2
8 0 3
1 0 0 0 -1 
8 0 0.78548266292216862
1 0 -3 1 0 
8 0 0.78548266292216862
1 0 -3 1 0 
8 0 0.78548266292216862
1 0 -3 1 0 
8 0 0.78548266292216862
1 0 -3 1 0 
7 0 0  1 2 2  0 0  4.525483399593905 0 
 0 2 6.7882250993908571 2
7 0 0  1 2 2  0 0  4.525483399593905 0 
 0 2 6.7882250993908571 2
7 0 0  1 2 2  0 0  4.525483399593905 0 
 0 2 6.7882250993908571 2
7 0 0  1 2 2  0 0  4.525483399593905 0 
 0 2 6.7882250993908571 2
7 0 0  1 2 2  0 0  4.525483399593905 0 
 0 2 6.7882250993908571 2
7 0 0  1 2 2  0 0  4.525483399593905 0 
 0 2 6.7882250993908571 2
7 0 0  1 2 2  0 0  4.525483399593905 0 
 0 2 6.7882250993908571 2
7 0 0  1 2 2  0 0  4.525483399593905 0 
 0 2 6.7882250993908571 2
7 0 0  1 2 2  0 0  4.525483399593905 0 
 0 2 6.7882250993908571 2
7 0 0  1 2 2  0 0  4.525483399593905 0 
 0 2 6.7882250993908571 2
7 0 0  1 2 2  0 0  4.525483399593905 0 
 0 2 6.7882250993908571 2
7 0 0  1 2 2  0 0  4.525483399593905 0 
 0 2 6.7882250993908571 2
7 0 0  1 2 2  0 0  4.525483399593905 0 
 0 2 6.7882250993908571 2
7 0 0  1 2 2  0 0  4.525483399593905 0 
 0 2 6.7882250993908571 2
7 0 0  1 2 2  0 0  4.525483399593905 0 
 0 2 6.7882250993908571 2
7 0 0  1 2 2  0 0  4.525483399593905 0 
 0 2 6.7882250993908571 2
7 0 0  1 2 2  0 0  4.525483399593905 0 
 0 2 6.7882250993908571 2
7 0 0  1 2 2  0 0  4.525483399593905 0 
 0 2 6.7882250993908571 2
7 0 0  1 2 2  0 0  4.525483399593905 0 
 0 2 6.7882250993908571 2
7 0 0  1 2 2  0 0  4.525483399593905 0 
 0 2 6.7882250993908571 2
7 0 0  1 2 2  0 0  4.525483399593905 0 
 0 2 6.7882250993908571 2
7 0 0  1 2 2  0 0  4.525483399593905 0 
 0 2 6.7882250993908571 2
7 0 0  1 2 2  0 0  4.525483399593905 0 
 0 2 6.7882250993908571 2
7 0 0  1 2 2  0 0  4.525483399593905 0 
 0 2 6.7882250993908571 2
7 0 0  1 2 2  0 0  4.525483399593905 0 
 0 2 6.7882250993908571 2
7 0 0  1 2 2  0 0  4.525483399593905 0 
 0 2 6.7882250993908571 2
7 0 0  1 2 2  0 0  4.525483399593905 0 
 0 2 6.7882250993908571 2
7 0 0  1 2 2  0 0  4.525483399593905 0 
 0 2 6.7882250993908571 2
7 0 0  1 2 2  0 0  4.525483399593905 0 
 0 2 6.7882250993908571 2
7 0 0  1 2 2  0 0  4.525483399593905 0 
 0 2 6.7882250993908571 2
7 0 0  1 2 2  0 0  4.525483399593905 0 
 0 2 6.7882250993908571 2
7 0 0  1 2 2  0 0  4.525483399593905 0 
 0 2 6.7882250993908571 2
7 0 0  1 2 2  0 0  4.525483399593905 0 
 0 2 6.7882250993908571 2
7 0 0  1 2 2  0 0  4.525483399593905 0 
 0 2 6.7882250993908571 2
7 0 0  1 2 2  0 0  4.525483399593905 0 
 0 2 6.7882250993908571 2
7 0 0  1 2 2  0 0  4.525483399593905 0 
 0 2 6.7882250993908571 2
7 0 0  1 2 2  0 0  4.525483399593905 0 
 0 2 6.7882250993908571 2
7 0 0  1 2 2  0 0  4.525483399593905 0 
 0 2 6.7882250993908571 2
7 0 0  1 2 2  0 0  4.525483399593905 0 
 0 2 6.7882250993908571 2
7 0 0  1 2 2  0 0  4.525483399593905 0 
 0 2 6.7882250993908571 2
7 0 0  1 2 2  0 0  4.525483399593905 0 
 0 2 6.7882250993908571 2
7 0 0  1 2 2  0 0  4.525483399593905 0 
 0 2 6.7882250993908571 2
7 0 0  1 2 2  0 0  4.525483399593905 0 
 0 2 6.7882250993908571 2
7 0 0  1 2 2  0 0  4.525483399593905 0 
 0 2 6.7882250993908571 2
7 0 0  1 2 2  0 0  4.525483399593905 0 
 0 2 6.7882250993908571 2
7 0 0  1 2 2  0 0  4.525483399593905 0 
 0 2 6.7882250993908571 2
7 0 0  1 2 2  0 0  4.525483399593905 0 
 0 2 6.7882250993908571 2
7 0 0  1 2 2  0 0  4.525483399593905 0 
 0 2 6.7882250993908571 2
7 0 0  1 2 2  0 0  4.525483399593905 0 
 0 2 6.7882250993908571 2
7 0 0  1 2 2  0 0  4.525483399593905 0 
 0 2 6.7882250993908571 2
7 0 0  1 2 2  0 0  4.525483399593905 0 
 0 2 6.7882250993908571 2
7 0 0  1 2 2  0 0  4.525483399593905 0 
 0 2 6.7882250993908571 2
7 0 0  1 2 2  0 0  4.525483399593905 0 
 0 2 6.7882250993908571 2
7 0 0  1 2 2  0 0  4.525483399593905 0 
 0 2 6.7882250993908571 2
7 0 0  1 2 2  0 0  4.525483399593905 0 
 0 2 6.7882250993908571 2
7 0 0  1 2 2  0 0  4.525483399593905 0 
 0 2 6.7882250993908571 2
7 0 0  1 2 2  0 0  4.525483399593905 0 
 0 2 6.7882250993908571 2
7 0 0  1 2 2  0 0  4.525483399593905 0 
 0 2 6.7882250993908571 2
7 0 0  1 2 2  0 0  4.525483399593905 0 
 0 2 6.7882250993908571 2
7 0 0  1 2 2  0 0  4.525483399593905 0 
 0 2 6.7882250993908571 2
7 0 0  1 2 2  0 0  4.525483399593905 0 
 0 2 6.7882250993908571 2
7 0 0  1 2 2  0 0  4.525483399593905 0 
 0 2 6.7882250993908571 2
7 0 0  1 2 2  0 0  4.525483399593905 0 
 0 2 6.7882250993908571 2
7 0 0  1 2 2  0 0  4.525483399593905 0 
 0 2 6.7882250993908571 2
7 0 0  1 2 2  0 0  4.525483399593905 0 
 0 2 6.7882250993908571 2
7 0 0  1 2 2  0 0  4.525483399593905 0 
 0 2 6.7882250993908571 2
7 0 0  1 2 2  0 0  4.525483399593905 0 
 0 2 6.7882250993908571 2
7 0 0  1 2 2  0 0  4.525483399593905 0 
 0 2 6.7882250993908571 2
7 0 0  1 2 2  0 0  4.525483399593905 0 
 0 2 6.7882250993908571 2
7 0 0  1 2 2  0 0  4.525483399593905 0 
 0 2 6.7882250993908571 2
7 0 0  1 2 2  0 0  4.525483399593905 0 
 0 2 6.7882250993908571 2
7 0 0  1 2 2  0 0  4.525483399593905 0 
 0 2 6.7882250993908571 2
7 0 0  1 2 2  0 0  4.525483399593905 0 
 0 2 6.7882250993908571 2
7 0 0  1 2 2  0 0  4.525483399593905 0 
 0 2 6.7882250993908571 2
7 0 0  1 2 2  0 0  4.525483399593905 0 
 0 2 6.7882250993908571 2
7 0 0  1 2 2  0 0  4.525483399593905 0 
 0 2 6.7882250993908571 2
7 0 0  1 2 2  0 0  4.525483399593905 0 
 0 2 6.7882250993908571 2
7 0 0  1 2 2  0 0  4.525483399593905 0 
 0 2 6.7882250993908571 2
7 0 0  1 2 2  0 0  4.525483399593905 0 
 0 2 6.7882250993908571 2
7 0 0  1 2 2  0 0  4.525483399593905 0 
 0 2 6.7882250993908571 2
7 0 0  1 2 2  0 0  4.525483399593905 0 
 0 2 6.7882250993908571 2
7 0 0  1 2 2  0 0  4.525483399593905 0 
 0 2 6.7882250993908571 2
7 0 0  1 2 2  0 0  4.525483399593905 0 
 0 2 6.7882250993908571 2
7 0 0  1 2 2  0 0  4.525483399593905 0 
 0 2 6.7882250993908571 2
7 0 0  1 2 2  0 0  4.525483399593905 0 
 0 2 6.7882250993908571 2
7 0 0  1 2 2  0 0  4.525483399593905 0 
 0 2 6.7882250993908571 2
7 0 0  1 2 2  0 0  4.525483399593905 0 
 0 2 6.7882250993908571 2
7 0 0  1 2 2  0 0  4.525483399593905 0 
 0 2 6.7882250993908571 2
7 0 0  1 2 2  0 0  4.525483399593905 0 
 0 2 6.7882250993908571 2
7 0 0  1 2 2  0 0  4.525483399593905 0 
 0 2 6.7882250993908571 2
7 0 0  1 2 2  0 0  4.525483399593905 0 
 0 2 6.7882250993908571 2
7 0 0  1 2 2  0 0  4.525483399593905 0 
 0 2 6.7882250993908571 2
7 0 0  1 2 2  0 0  4.525483399593905 0 
 0 2 6.7882250993908571 2
7 0 0  1 2 2  0 0  4.525483399593905 0 
 0 2 6.7882250993908571 2
7 0 0  1 2 2  0 0  4.525483399593905 0 
 0 2 6.7882250993908571 2
7 0 0  1 2 2  0 0  4.525483399593905 0 
 0 2 6.7882250993908571 2
7 0 0  1 2 2  0 0  4.525483399593905 0 
 0 2 6.7882250993908571 2
7 0 0  1 2 2  0 0  4.525483399593905 0 
 0 2 6.7882250993908571 2
7 0 0  1 2 2  0 0  4.525483399593905 0 
 0 2 6.7882250993908571 2
7 0 0  1 2 2  0 0  4.525483399593905 0 
 0 2 6.7882250993908571 2
8 0 1.5709207310321587
1 0 0 1 0 
8 0 1.5709207310321587
1 0 0 1 0 
8 0 1.5709207310321587
1 0 0 1 0 
8 0 1.5709207310321587
1 0 0 1 0 
7 0 0  1 2 2  0 0  4.525483399593905 0 
 0 2 6.7882250993908571 2
7 0 0  1 2 2  0 0  4.525483399593905 0 
 0 2 6.7882250993908571 2
7 0 0  1 2 2  0 0  4.525483399593905 0 
 0 2 6.7882250993908571 2
7 0 0  1 2 2  0 0  4.525483399593905 0 
 0 2 6.7882250993908571 2
7 0 0  1 2 2  0 0  4.525483399593905 0 
 0 2 6.7882250993908571 2
7 0 0  1 2 2  0 0  4.525483399593905 0 
 0 2 6.7882250993908571 2
7 0 0  1 2 2  0 0  4.525483399593905 0 
 0 2 6.7882250993908571 2
7 0 0  1 2 2  0 0  4.525483399593905 0 
 0 2 6.7882250993908571 2
7 0 0  1 2 2  0 0  4.525483399593905 0 
 0 2 6.7882250993908571 2
7 0 0  1 2 2  0 0  4.525483399593905 0 
 0 2 6.7882250993908571 2
7 0 0  1 2 2  0 0  4.525483399593905 0 
 0 2 6.7882250993908571 2
7 0 0  1 2 2  0 0  4.525483399593905 0 
 0 2 6.7882250993908571 2
7 0 0  1 2 2  0 0  4.525483399593905 0 
 0 2 6.7882250993908571 2
7 0 0  1 2 2  0 0  4.525483399593905 0 
 0 2 6.7882250993908571 2
7 0 0  1 2 2  0 0  4.525483399593905 0 
 0 2 6.7882250993908571 2
7 0 0  1 2 2  0 0  4.525483399593905 0 
 0 2 6.7882250993908571 2
7 0 0  1 2 2  0 0  4.525483399593905 0 
 0 2 6.7882250993908571 2
7 0 0  1 2 2  0 0  4.525483399593905 0 
 0 2 6.7882250993908571 2
7 0 0  1 2 2  0 0  4.525483399593905 0 
 0 2 6.7882250993908571 2
7 0 0  1 2 2  0 0  4.525483399593905 0 
 0 2 6.7882250993908571 2
7 0 0  1 2 2  0 0  4.525483399593905 0 
 0 2 6.7882250993908571 2
7 0 0  1 2 2  0 0  4.525483399593905 0 
 0 2 6.7882250993908571 2
7 0 0  1 2 2  0 0  4.525483399593905 0 
 0 2 6.7882250993908571 2
7 0 0  1 2 2  0 0  4.525483399593905 0 
 0 2 6.7882250993908571 2
7 0 0  1 2 2  0 0  4.525483399593905 0 
 0 2 6.7882250993908571 2
7 0 0  1 2 2  0 0  4.525483399593905 0 
 0 2 6.7882250993908571 2
7 0 0  1 2 2  0 0  4.525483399593905 0 
 0 2 6.7882250993908571 2
7 0 0  1 2 2  0 0  4.525483399593905 0 
 0 2 6.7882250993908571 2
7 0 0  1 2 2  0 0  4.525483399593905 0 
 0 2 6.7882250993908571 2
7 0 0  1 2 2  0 0  4.525483399593905 0 
 0 2 6.7882250993908571 2
7 0 0  1 2 2  0 0  4.525483399593905 0 
 0 2 6.7882250993908571 2
7 0 0  1 2 2  0 0  4.525483399593905 0 
 0 2 6.7882250993908571 2
7 0 0  1 2 2  0 0  4.525483399593905 0 
 0 2 6.7882250993908571 2
7 0 0  1 2 2  0 0  4.525483399593905 0 
 0 2 6.7882250993908571 2
7 0 0  1 2 2  0 0  4.525483399593905 0 
 0 2 6.7882250993908571 2
7 0 0  1 2 2  0 0  4.525483399593905 0 
 0 2 6.7882250993908571 2
8 0 3
1 0.78548266292216862 0 0 -1 
8 0 0.78548266292216862
1 0 0 1 0 
8 0 0.78548266292216862
1 0 0 1 0 
7 0 0  1 2 2  0 0  5.6568542494923806 0 
 0 2 8.4852813742385713 2
7 0 0  1 2 2  0 0  5.6568542494923806 0 
 0 2 8.4852813742385713 2
7 0 0  1 2 2  0 0  5.6568542494923806 0 
 0 2 8.4852813742385713 2
7 0 0  1 2 2  0 0  5.6568542494923806 0 
 0 2 8.4852813742385713 2
7 0 0  1 2 2  0 0  5.6568542494923806 0 
 0 2 8.4852813742385713 2
7 0 0  1 2 2  0 0  5.6568542494923806 0 
 0 2 8.4852813742385713 2
7 0 0  1 2 2  0 0  5.6568542494923806 0 
 0 2 8.4852813742385713 2
7 0 0  1 2 2  0 0  5.6568542494923806 0 
 0 2 8.4852813742385713 2
7 0 0  1 2 2  0 0  5.6568542494923806 0 
 0 2 8.4852813742385713 2
7 0 0  1 2 2  0 0  5.6568542494923806 0 
 0 2 8.4852813742385713 2
7 0 0  1 2 2  0 0  5.6568542494923806 0 
 0 2 8.4852813742385713 2
7 0 0  1 2 2  0 0  5.6568542494923806 0 
 0 2 8.4852813742385713 2
7 0 0  1 2 2  0 0  5.6568542494923806 0 
 0 2 8.4852813742385713 2
7 0 0  1 2 2  0 0  5.6568542494923806 0 
 0 2 8.4852813742385713 2
7 0 0  1 2 2  0 0  5.6568542494923806 0 
 0 2 8.4852813742385713 2
7 0 0  1 2 2  0 0  5.6568542494923806 0 
 0 2 8.4852813742385713 2
7 0 0  1 2 2  0 0  5.6568542494923806 0 
 0 2 8.4852813742385713 2
7 0 0  1 2 2  0 0  5.6568542494923806 0 
 0 2 8.4852813742385713 2
7 0 0  1 2 2  0 0  5.6568542494923806 0 
 0 2 8.4852813742385713 2
7 0 0  1 2 2  0 0  5.6568542494923806 0 
 0 2 8.4852813742385713 2
7 0 0  1 2 2  0 0  5.6568542494923806 0 
 0 2 8.4852813742385713 2
7 0 0  1 2 2  0 0  5.6568542494923806 0 
 0 2 8.4852813742385713 2
7 0 0  1 2 2  0 0  5.6568542494923806 0 
 0 2 8.4852813742385713 2
7 0 0  1 2 2  0 0  5.6568542494923806 0 
 0 2 8.4852813742385713 2
7 0 0  1 2 2  0 0  5.6568542494923806 0 
 0 2 8.4852813742385713 2
7 0 0  1 2 2  0 0  5.6568542494923806 0 
 0 2 8.4852813742385713 2
7 0 0  1 2 2  0 0  5.6568542494923806 0 
 0 2 8.4852813742385713 2
7 0 0  1 2 2  0 0  5.6568542494923806 0 
 0 2 8.4852813742385713 2
7 0 0  1 2 2  0 0  5.6568542494923806 0 
 0 2 8.4852813742385713 2
7 0 0  1 2 2  0 0  5.6568542494923806 0 
 0 2 8.4852813742385713 2
7 0 0  1 2 2  0 0  5.6568542494923806 0 
 0 2 8.4852813742385713 2
7 0 0  1 2 2  0 0  5.6568542494923806 0 
 0 2 8.4852813742385713 2
7 0 0  1 2 2  0 0  5.6568542494923806 0 
 0 2 8.4852813742385713 2
7 0 0  1 2 2  0 0  5.6568542494923806 0 
 0 2 8.4852813742385713 2
7 0 0  1 2 2  0 0  5.6568542494923806 0 
 0 2 8.4852813742385713 2
7 0 0  1 2 2  0 0  5.6568542494923806 0 
 0 2 8.4852813742385713 2
7 0 0  1 2 2  0 0  5.6568542494923806 0 
 0 2 8.4852813742385713 2
7 0 0  1 2 2  0 0  5.6568542494923806 0 
 0 2 8.4852813742385713 2
7 0 0  1 2 2  0 0  5.6568542494923806 0 
 0 2 8.4852813742385713 2
7 0 0  1 2 2  0 0  5.6568542494923806 0 
 0 2 8.4852813742385713 2
8 0 3
1 0.78548266292216862 0 0 -1 
8 0 3
1 0 0 0 -1 
8 0 1
1 5.6568542494923806 0 0 1 
8 0 1
1 0 0 0 1 
7 0 0  1 2 2  0 1  5.6568542494923806 1 
 0 2 1.6970562748477116 2
8 0 1
1 0 0 0 1 
8 0 1
1 5.6568542494923806 0 0 1 
7 0 0  1 2 2  0 1  5.6568542494923806 1 
 0 2 1.6970562748477116 2
8 0 1
1 0 0 0 1 
8 0 1
1 5.6568542494923806 0 0 1 
7 0 0  1 2 2  0 1  5.6568542494923806 1 
 0 2 1.6970562748477116 2
8 0 1
1 0 0 0 1 
8 0 1
1 5.6568542494923806 0 0 1 
7 0 0  1 2 2  0 1  5.6568542494923806 1 
 0 2 1.6970562748477116 2
8 0 1
1 5.6568542494923806 0 0 1 
8 0 1
1 0 0 0 1 
7 0 0  1 2 2  0 1  5.6568542494923806 1 
 0 2 1.6970562748477116 2
8 0 1
1 0 0 0 1 
8 0 1
1 5.6568542494923806 0 0 1 
7 0 0  1 2 2  0 1  5.6568542494923806 1 
 0 2 1.6970562748477116 2
8 0 1
1 0 0 0 1 
8 0 1
1 5.6568542494923806 0 0 1 
7 0 0  1 2 2  0 1  5.6568542494923806 1 
 0 2 1.6970562748477116 2
8 0 1
1 0 0 0 1 
8 0 1
1 5.6568542494923806 0 0 1 
7 0 0  1 2 2  0 1  5.6568542494923806 1 
 0 2 1.6970562748477116 2
8 0 1
1 5.6568542494923806 0 0 1 
8 0 1
1 0 0 0 1 
7 0 0  1 2 2  0 1  5.6568542494923806 1 
 0 2 1.6970562748477116 2
8 0 1
1 0 0 0 1 
8 0 1
1 5.6568542494923806 0 0 1 
7 0 0  1 2 2  0 1  5.6568542494923806 1 
 0 2 1.6970562748477116 2
8 0 1
1 0 0 0 1 
8 0 1
1 5.6568542494923806 0 0 1 
7 0 0  1 2 2  0 1  5.6568542494923806 1 
 0 2 1.6970562748477116 2
8 0 1
1 0 0 0 1 
8 0 1
1 5.6568542494923806 0 0 1 
7 0 0  1 2 2  0 1  5.6568542494923806 1 
 0 2 1.6970562748477116 2
8 0 1
1 5.6568542494923806 0 0 1 
8 0 1
1 0 0 0 1 
7 0 0  1 2 2  0 1  5.6568542494923806 1 
 0 2 1.6970562748477116 2
8 0 1
1 0 0 0 1 
8 0 1
1 5.6568542494923806 0 0 1 
7 0 0  1 2 2  0 1  5.6568542494923806 1 
 0 2 1.6970562748477116 2
8 0 1
1 0 0 0 1 
8 0 1
1 5.6568542494923806 0 0 1 
7 0 0  1 2 2  0 1  5.6568542494923806 1 
 0 2 1.6970562748477116 2
8 0 1
1 0 0 0 1 
8 0 1
1 5.6568542494923806 0 0 1 
7 0 0  1 2 2  0 1  5.6568542494923806 1 
 0 2 1.6970562748477116 2
8 0 1
1 5.6568542494923806 0 0 1 
8 0 1
1 0 0 0 1 
7 0 0  1 2 2  0 1  5.6568542494923806 1 
 0 2 1.6970562748477116 2
8 0 1
1 0 0 0 1 
8 0 1
1 5.6568542494923806 0 0 1 
7 0 0  1 2 2  0 1  5.6568542494923806 1 
 0 2 1.6970562748477116 2
8 0 1
1 0 0 0 1 
8 0 1
1 5.6568542494923806 0 0 1 
7 0 0  1 2 2  0 1  5.6568542494923806 1 
 0 2 1.6970562748477116 2
8 0 1
1 0 0 0 1 
8 0 1
1 5.6568542494923806 0 0 1 
7 0 0  1 2 2  0 1  5.6568542494923806 1 
 0 2 1.6970562748477116 2
8 0 1
1 5.6568542494923806 0 0 1 
8 0 1
1 0 0 0 1 
7 0 0  1 2 2  0 1  5.6568542494923806 1 
 0 2 1.6970562748477116 2
8 0 1
1 0 0 0 1 
8 0 1
1 5.6568542494923806 0 0 1 
7 0 0  1 2 2  0 1  5.6568542494923806 1 
 0 2 1.6970562748477116 2
8 0 1
1 0 0 0 1 
8 0 1
1 5.6568542494923806 0 0 1 
8 0 1
1 5.6568542494923806 0 0 1 
8 0 1
1 0 0 0 1 
7 0 0  1 2 2  0 1  5.6568542494923806 1 
 0 2 1.6970562748477116 2
7 0 0  1 2 2  0 1  5.6568542494923806 1 
 0 2 1.6970562748477116 2
8 0 1
1 5.6568542494923806 0 0 1 
8 0 1
1 0 0 0 1 
7 0 0  1 2 2  0 1  5.6568542494923806 1 
 0 2 1.6970562748477116 2
8 0 1
1 0 0 0 1 
8 0 1
1 5.6568542494923806 0 0 1 
7 0 0  1 2 2  0 1  5.6568542494923806 1 
 0 2 1.6970562748477116 2
8 0 1
1 0 0 0 1 
8 0 1
1 5.6568542494923806 0 0 1 
8 0 1
1 5.6568542494923806 0 0 1 
8 0 1
1 0 0 0 1 
7 0 0  1 2 2  0 1  5.6568542494923806 1 
 0 2 1.6970562748477116 2
7 0 0  1 2 2  0 1  5.6568542494923806 1 
 0 2 1.6970562748477116 2
8 0 1
1 5.6568542494923806 0 0 1 
8 0 1
1 0 0 0 1 
7 0 0  1 2 2  0 1  5.6568542494923806 1 
 0 2 1.6970562748477116 2
8 0 1
1 0 0 0 1 
8 0 1
1 5.6568542494923806 0 0 1 
7 0 0  1 2 2  0 1  5.6568542494923806 1 
 0 2 1.6970562748477116 2
8 0 1
1 0 0 0 1 
8 0 1
1 5.6568542494923806 0 0 1 
8 0 1
1 5.6568542494923806 0 0 1 
8 0 1
1 0 0 0 1 
7 0 0  1 2 2  0 1  5.6568542494923806 1 
 0 2 1.6970562748477116 2
7 0 0  1 2 2  0 1  5.6568542494923806 1 
 0 2 1.6970562748477116 2
8 0 1
1 5.6568542494923806 0 0 1 
8 0 1
1 0 0 0 1 
7 0 0  1 2 2  0 1  5.6568542494923806 1 
 0 2 1.6970562748477116 2
8 0 1
1 0 0 0 1 
8 0 1
1 5.6568542494923806 0 0 1 
7 0 0  1 2 2  0 1  5.6568542494923806 1 
 0 2 1.6970562748477116 2
8 0 1
1 0 0 0 1 
8 0 1
1 5.6568542494923806 0 0 1 
8 0 1
1 5.6568542494923806 0 0 1 
8 0 1
1 0 0 0 1 
7 0 0  1 2 2  0 1  5.6568542494923806 1 
 0 2 1.6970562748477116 2
7 0 0  1 2 2  0 1  5.6568542494923806 1 
 0 2 1.6970562748477116 2
8 0 1
1 5.6568542494923806 0 0 1 
8 0 1
1 0 0 0 1 
7 0 0  1 2 2  0 1  5.6568542494923806 1 
 0 2 1.6970562748477116 2
8 0 1
1 0 0 0 1 
8 0 1
1 5.6568542494923806 0 0 1 
7 0 0  1 2 2  0 1  5.6568542494923806 1 
 0 2 1.6970562748477116 2
8 0 1
1 0 0 0 1 
8 0 1
1 5.6568542494923806 0 0 1 
8 0 1
1 5.6568542494923806 0 0 1 
8 0 1
1 0 0 0 1 
7 0 0  1 2 2  0 1  5.6568542494923806 1 
 0 2 1.6970562748477116 2
7 0 0  1 2 2  0 1  5.6568542494923806 1 
 0 2 1.6970562748477116 2
8 0 1
1 4.525483399593905 0 0 1 
8 0 1
1 0 0 0 1 
7 0 0  1 2 2  0 1  4.525483399593905 1 
 0 2 1.484924240491752 2
8 0 1
1 0 0 0 1 
8 0 1
1 4.525483399593905 0 0 1 
7 0 0  1 2 2  0 1  4.525483399593905 1 
 0 2 1.484924240491752 2
8 0 1
1 0 0 0 1 
8 0 1
1 4.525483399593905 0 0 1 
7 0 0  1 2 2  0 1  4.525483399593905 1 
 0 2 1.484924240491752 2
8 0 1
1 0 0 0 1 
8 0 1
1 4.525483399593905 0 0 1 
7 0 0  1 2 2  0 1  4.525483399593905 1 
 0 2 1.484924240491752 2
8 0 1
1 4.525483399593905 0 0 1 
8 0 1
1 0 0 0 1 
7 0 0  1 2 2  0 1  4.525483399593905 1 
 0 2 1.484924240491752 2
8 0 1
1 0 0 0 1 
8 0 1
1 4.525483399593905 0 0 1 
7 0 0  1 2 2  0 1  4.525483399593905 1 
 0 2 1.484924240491752 2
8 0 1
1 0 0 0 1 
8 0 1
1 4.525483399593905 0 0 1 
7 0 0  1 2 2  0 1  4.525483399593905 1 
 0 2 1.484924240491752 2
8 0 1
1 0 0 0 1 
8 0 1
1 4.525483399593905 0 0 1 
7 0 0  1 2 2  0 1  4.525483399593905 1 
 0 2 1.484924240491752 2
8 0 1
1 4.525483399593905 0 0 1 
8 0 1
1 0 0 0 1 
7 0 0  1 2 2  0 1  4.525483399593905 1 
 0 2 1.484924240491752 2
8 0 1
1 0 0 0 1 
8 0 1
1 4.525483399593905 0 0 1 
7 0 0  1 2 2  0 1  4.525483399593905 1 
 0 2 1.484924240491752 2
8 0 1
1 0 0 0 1 
8 0 1
1 4.525483399593905 0 0 1 
7 0 0  1 2 2  0 1  4.525483399593905 1 
 0 2 1.484924240491752 2
8 0 1
1 0 0 0 1 
8 0 1
1 4.525483399593905 0 0 1 
7 0 0  1 2 2  0 1  4.525483399593905 1 
 0 2 1.484924240491752 2
8 0 1
1 4.525483399593905 0 0 1 
8 0 1
1 0 0 0 1 
7 0 0  1 2 2  0 1  4.525483399593905 1 
 0 2 1.484924240491752 2
8 0 1
1 0 0 0 1 
8 0 1
1 4.525483399593905 0 0 1 
7 0 0  1 2 2  0 1  4.525483399593905 1 
 0 2 1.484924240491752 2
8 0 1
1 0 0 0 1 
8 0 1
1 4.525483399593905 0 0 1 
7 0 0  1 2 2  0 1  4.525483399593905 1 
 0 2 1.484924240491752 2
8 0 1
1 0 0 0 1 
8 0 1
1 4.525483399593905 0 0 1 
7 0 0  1 2 2  0 1  4.525483399593905 1 
 0 2 1.484924240491752 2
8 0 1
1 4.525483399593905 0 0 1 
8 0 1
1 0 0 0 1 
7 0 0  1 2 2  0 1  4.525483399593905 1 
 0 2 1.484924240491752 2
8 0 1
1 0 0 0 1 
8 0 1
1 4.525483399593905 0 0 1 
7 0 0  1 2 2  0 1  4.525483399593905 1 
 0 2 1.484924240491752 2
8 0 1
1 0 0 0 1 
8 0 1
1 4.525483399593905 0 0 1 
7 0 0  1 2 2  0 1  4.525483399593905 1 
 0 2 1.484924240491752 2
8 0 1
1 0 0 0 1 
8 0 1
1 4.525483399593905 0 0 1 
7 0 0  1 2 2  0 1  4.525483399593905 1 
 0 2 1.484924240491752 2
8 0 1
1 4.525483399593905 0 0 1 
8 0 1
1 0 0 0 1 
7 0 0  1 2 2  0 1  4.525483399593905 1 
 0 2 1.484924240491752 2
8 0 1
1 0 0 0 1 
8 0 1
1 4.525483399593905 0 0 1 
7 0 0  1 2 2  0 1  4.525483399593905 1 
 0 2 1.484924240491752 2
8 0 1
1 0 0 0 1 
8 0 1
1 4.525483399593905 0 0 1 
7 0 0  1 2 2  0 1  4.525483399593905 1 
 0 2 1.484924240491752 2
8 0 1
1 0 0 0 1 
8 0 1
1 4.525483399593905 0 0 1 
7 0 0  1 2 2  0 1  4.525483399593905 1 
 0 2 1.484924240491752 2
8 0 1
1 4.525483399593905 0 0 1 
8 0 1
1 0 0 0 1 
7 0 0  1 2 2  0 1  4.525483399593905 1 
 0 2 1.484924240491752 2
8 0 1
1 0 0 0 1 
8 0 1
1 4.525483399593905 0 0 1 
7 0 0  1 2 2  0 1  4.525483399593905 1 
 0 2 1.484924240491752 2
8 0 1
1 0 0 0 1 
8 0 1
1 4.525483399593905 0 0 1 
7 0 0  1 2 2  0 1  4.525483399593905 1 
 0 2 1.484924240491752 2
8 0 1
1 0 0 0 1 
8 0 1
1 4.525483399593905 0 0 1 
7 0 0  1 2 2  0 1  4.525483399593905 1 
 0 2 1.484924240491752 2
8 0 1
1 4.525483399593905 0 0 1 
8 0 1
1 0 0 0 1 
7 0 0  1 2 2  0 1  4.525483399593905 1 
 0 2 1.484924240491752 2
8 0 1
1 0 0 0 1 
8 0 1
1 4.525483399593905 0 0 1 
7 0 0  1 2 2  0 1  4.525483399593905 1 
 0 2 1.484924240491752 2
8 0 1
1 0 0 0 1 
8 0 1
1 4.525483399593905 0 0 1 
7 0 0  1 2 2  0 1  4.525483399593905 1 
 0 2 1.484924240491752 2
8 0 1
1 0 0 0 1 
8 0 1
1 4.525483399593905 0 0 1 
7 0 0  1 2 2  0 1  4.525483399593905 1 
 0 2 1.484924240491752 2
8 0 1
1 4.525483399593905 0 0 1 
8 0 1
1 0 0 0 1 
7 0 0  1 2 2  0 1  4.525483399593905 1 
 0 2 1.484924240491752 2
8 0 1
1 0 0 0 1 
8 0 1
1 4.525483399593905 0 0 1 
7 0 0  1 2 2  0 1  4.525483399593905 1 
 0 2 1.484924240491752 2
8 0 1
1 0 0 0 1 
8 0 1
1 4.525483399593905 0 0 1 
7 0 0  1 2 2  0 1  4.525483399593905 1 
 0 2 1.484924240491752 2
8 0 1
1 0 0 0 1 
8 0 1
1 4.525483399593905 0 0 1 
7 0 0  1 2 2  0 1  4.525483399593905 1 
 0 2 1.484924240491752 2
8 0 1
1 4.525483399593905 0 0 1 
8 0 1
1 0 0 0 1 
7 0 0  1 2 2  0 1  4.525483399593905 1 
 0 2 1.484924240491752 2
8 0 1
1 0 0 0 1 
8 0 1
1 4.525483399593905 0 0 1 
7 0 0  1 2 2  0 1  4.525483399593905 1 
 0 2 1.484924240491752 2
8 0 1
1 0 0 0 1 
8 0 1
1 4.525483399593905 0 0 1 
7 0 0  1 2 2  0 1  4.525483399593905 1 
 0 2 1.484924240491752 2
8 0 1
1 0 0 0 1 
8 0 1
1 4.525483399593905 0 0 1 
7 0 0  1 2 2  0 1  4.525483399593905 1 
 0 2 1.484924240491752 2
8 0 1
1 4.525483399593905 0 0 1 
8 0 1
1 0 0 0 1 
7 0 0  1 2 2  0 1  4.525483399593905 1 
 0 2 1.484924240491752 2
8 0 1
1 0 0 0 1 
8 0 1
1 4.525483399593905 0 0 1 
7 0 0  1 2 2  0 1  4.525483399593905 1 
 0 2 1.484924240491752 2
8 0 1
1 0 0 0 1 
8 0 1
1 4.525483399593905 0 0 1 
7 0 0  1 2 2  0 1  4.525483399593905 1 
 0 2 1.484924240491752 2
8 0 1
1 0 0 0 1 
8 0 1
1 4.525483399593905 0 0 1 
7 0 0  1 2 2  0 1  4.525483399593905 1 
 0 2 1.484924240491752 2
8 0 1
1 4.525483399593905 0 0 1 
8 0 1
1 0 0 0 1 
7 0 0  1 2 2  0 1  4.525483399593905 1 
 0 2 1.484924240491752 2
8 0 1
1 0 0 0 1 
8 0 1
1 4.525483399593905 0 0 1 
7 0 0  1 2 2  0 1  4.525483399593905 1 
 0 2 1.484924240491752 2
8 0 1
1 0 0 0 1 
8 0 1
1 4.525483399593905 0 0 1 
7 0 0  1 2 2  0 1  4.525483399593905 1 
 0 2 1.484924240491752 2
8 0 1
1 0 0 0 1 
8 0 1
1 4.525483399593905 0 0 1 
7 0 0  1 2 2  0 1  4.525483399593905 1 
 0 2 1.484924240491752 2
8 0 1
1 4.525483399593905 0 0 1 
8 0 1
1 0 0 0 1 
7 0 0  1 2 2  0 1  4.525483399593905 1 
 0 2 1.484924240491752 2
8 0 1
1 0 0 0 1 
8 0 1
1 4.525483399593905 0 0 1 
7 0 0  1 2 2  0 1  4.525483399593905 1 
 0 2 1.484924240491752 2
8 0 1
1 0 0 0 1 
8 0 1
1 4.525483399593905 0 0 1 
7 0 0  1 2 2  0 1  4.525483399593905 1 
 0 2 1.484924240491752 2
8 0 1
1 0 0 0 1 
8 0 1
1 4.525483399593905 0 0 1 
7 0 0  1 2 2  0 1  4.525483399593905 1 
 0 2 1.484924240491752 2
8 0 1
1 4.525483399593905 0 0 1 
8 0 1
1 0 0 0 1 
7 0 0  1 2 2  0 1  4.525483399593905 1 
 0 2 1.484924240491752 2
8 0 1
1 0 0 0 1 
8 0 1
1 4.525483399593905 0 0 1 
7 0 0  1 2 2  0 1  4.525483399593905 1 
 0 2 1.484924240491752 2
8 0 1
1 0 0 0 1 
8 0 1
1 4.525483399593905 0 0 1 
7 0 0  1 2 2  0 1  4.525483399593905 1 
 0 2 1.484924240491752 2
8 0 1
1 0 0 0 1 
8 0 1
1 4.525483399593905 0 0 1 
7 0 0  1 2 2  0 1  4.525483399593905 1 
 0 2 1.484924240491752 2
8 0 1
1 4.525483399593905 0 0 1 
8 0 1
1 0 0 0 1 
7 0 0  1 2 2  0 1  4.525483399593905 1 
 0 2 1.484924240491752 2
8 0 1
1 0 0 0 1 
8 0 1
1 4.525483399593905 0 0 1 
7 0 0  1 2 2  0 1  4.525483399593905 1 
 0 2 1.484924240491752 2
8 0 1
1 0 0 0 1 
8 0 1
1 4.525483399593905 0 0 1 
7 0 0  1 2 2  0 1  4.525483399593905 1 
 0 2 1.484924240491752 2
8 0 1
1 0 0 0 1 
8 0 1
1 4.525483399593905 0 0 1 
7 0 0  1 2 2  0 1  4.525483399593905 1 
 0 2 1.484924240491752 2
8 0 1
1 4.525483399593905 0 0 1 
8 0 1
1 0 0 0 1 
7 0 0  1 2 2  0 1  4.525483399593905 1 
 0 2 1.484924240491752 2
8 0 1
1 0 0 0 1 
8 0 1
1 4.525483399593905 0 0 1 
7 0 0  1 2 2  0 1  4.525483399593905 1 
 0 2 1.484924240491752 2
8 0 1
1 0 0 0 1 
8 0 1
1 4.525483399593905 0 0 1 
7 0 0  1 2 2  0 1  4.525483399593905 1 
 0 2 1.484924240491752 2
8 0 1
1 0 0 0 1 
8 0 1
1 4.525483399593905 0 0 1 
7 0 0  1 2 2  0 1  4.525483399593905 1 
 0 2 1.484924240491752 2
8 0 1
1 4.525483399593905 0 0 1 
8 0 1
1 0 0 0 1 
7 0 0  1 2 2  0 1  4.525483399593905 1 
 0 2 1.484924240491752 2
8 0 1
1 0 0 0 1 
8 0 1
1 4.525483399593905 0 0 1 
7 0 0  1 2 2  0 1  4.525483399593905 1 
 0 2 1.484924240491752 2
8 0 1
1 0 0 0 1 
8 0 1
1 4.525483399593905 0 0 1 
7 0 0  1 2 2  0 1  4.525483399593905 1 
 0 2 1.484924240491752 2
8 0 1
1 0 0 0 1 
8 0 1
1 4.525483399593905 0 0 1 
7 0 0  1 2 2  0 1  4.525483399593905 1 
 0 2 1.484924240491752 2
8 0 1
1 4.525483399593905 0 0 1 
8 0 1
1 0 0 0 1 
7 0 0  1 2 2  0 1  4.525483399593905 1 
 0 2 1.484924240491752 2
8 0 1
1 0 0 0 1 
8 0 1
1 4.525483399593905 0 0 1 
7 0 0  1 2 2  0 1  4.525483399593905 1 
 0 2 1.484924240491752 2
8 0 1
1 0 0 0 1 
8 0 1
1 4.525483399593905 0 0 1 
8 0 1
1 4.525483399593905 0 0 1 
8 0 1
1 0 0 0 1 
7 0 0  1 2 2  0 1  4.525483399593905 1 
 0 2 1.484924240491752 2
7 0 0  1 2 2  0 1  4.525483399593905 1 
 0 2 1.484924240491752 2
8 0 1
1 4.525483399593905 0 0 1 
8 0 1
1 0 0 0 1 
7 0 0  1 2 2  0 1  4.525483399593905 1 
 0 2 1.484924240491752 2
8 0 1
1 0 0 0 1 
8 0 1
1 4.525483399593905 0 0 1 
7 0 0  1 2 2  0 1  4.525483399593905 1 
 0 2 1.484924240491752 2
8 0 1
1 0 0 0 1 
8 0 1
1 4.525483399593905 0 0 1 
8 0 1
1 4.525483399593905 0 0 1 
8 0 1
1 0 0 0 1 
7 0 0  1 2 2  0 1  4.525483399593905 1 
 0 2 1.484924240491752 2
7 0 0  1 2 2  0 1  4.525483399593905 1 
 0 2 1.484924240491752 2
8 0 1
1 4.525483399593905 0 0 1 
8 0 1
1 0 0 0 1 
7 0 0  1 2 2  0 1  4.525483399593905 1 
 0 2 1.484924240491752 2
8 0 1
1 0 0 0 1 
8 0 1
1 4.525483399593905 0 0 1 
7 0 0  1 2 2  0 1  4.525483399593905 1 
 0 2 1.484924240491752 2
8 0 1
1 0 0 0 1 
8 0 1
1 4.525483399593905 0 0 1 
8 0 1
1 4.525483399593905 0 0 1 
8 0 1
1 0 0 0 1 
7 0 0  1 2 2  0 1  4.525483399593905 1 
 0 2 1.484924240491752 2
7 0 0  1 2 2  0 1  4.525483399593905 1 
 0 2 1.484924240491752 2
8 0 1
1 4.525483399593905 0 0 1 
8 0 1
1 0 0 0 1 
7 0 0  1 2 2  0 1  4.525483399593905 1 
 0 2 1.484924240491752 2
8 0 1
1 0 0 0 1 
8 0 1
1 4.525483399593905 0 0 1 
7 0 0  1 2 2  0 1  4.525483399593905 1 
 0 2 1.484924240491752 2
8 0 1
1 0 0 0 1 
8 0 1
1 4.525483399593905 0 0 1 
8 0 1
1 4.525483399593905 0 0 1 
8 0 1
1 0 0 0 1 
7 0 0  1 2 2  0 1  4.525483399593905 1 
 0 2 1.484924240491752 2
7 0 0  1 2 2  0 1  4.525483399593905 1 
 0 2 1.484924240491752 2
8 0 1
1 4.525483399593905 0 0 1 
8 0 1
1 0 0 0 1 
7 0 0  1 2 2  0 1  4.525483399593905 1 
 0 2 1.484924240491752 2
8 0 1
1 0 0 0 1 
8 0 1
1 4.525483399593905 0 0 1 
7 0 0  1 2 2  0 1  4.525483399593905 1 
 0 2 1.484924240491752 2
8 0 1
1 0 0 0 1 
8 0 1
1 4.525483399593905 0 0 1 
8 0 1
1 4.525483399593905 0 0 1 
8 0 1
1 0 0 0 1 
7 0 0  1 2 2  0 1  4.525483399593905 1 
 0 2 1.484924240491752 2
7 0 0  1 2 2  0 1  4.525483399593905 1 
 0 2 1.484924240491752 2
8 0 1
1 4.525483399593905 0 0 1 
8 0 1
1 0 0 0 1 
7 0 0  1 2 2  0 1  4.525483399593905 1 
 0 2 1.484924240491752 2
8 0 1
1 0 0 0 1 
8 0 1
1 4.525483399593905 0 0 1 
7 0 0  1 2 2  0 1  4.525483399593905 1 
 0 2 1.484924240491752 2
8 0 1
1 0 0 0 1 
8 0 1
1 4.525483399593905 0 0 1 
8 0 1
1 4.525483399593905 0 0 1 
8 0 1
1 0 0 0 1 
7 0 0  1 2 2  0 1  4.525483399593905 1 
 0 2 1.484924240491752 2
7 0 0  1 2 2  0 1  4.525483399593905 1 
 0 2 1.484924240491752 2
8 0 1
1 4.525483399593905 0 0 1 
8 0 1
1 0 0 0 1 
7 0 0  1 2 2  0 1  4.525483399593905 1 
 0 2 1.484924240491752 2
8 0 1
1 0 0 0 1 
8 0 1
1 4.525483399593905 0 0 1 
7 0 0  1 2 2  0 1  4.525483399593905 1 
 0 2 1.484924240491752 2
8 0 1
1 0 0 0 1 
8 0 1
1 4.525483399593905 0 0 1 
8 0 1
1 4.525483399593905 0 0 1 
8 0 1
1 0 0 0 1 
7 0 0  1 2 2  0 1  4.525483399593905 1 
 0 2 1.484924240491752 2
7 0 0  1 2 2  0 1  4.525483399593905 1 
 0 2 1.484924240491752 2
8 0 1
1 4.525483399593905 0 0 1 
8 0 1
1 0 0 0 1 
7 0 0  1 2 2  0 1  4.525483399593905 1 
 0 2 1.484924240491752 2
8 0 1
1 0 0 0 1 
8 0 1
1 4.525483399593905 0 0 1 
7 0 0  1 2 2  0 1  4.525483399593905 1 
 0 2 1.484924240491752 2
8 0 1
1 0 0 0 1 
8 0 1
1 4.525483399593905 0 0 1 
8 0 1
1 4.525483399593905 0 0 1 
8 0 1
1 0 0 0 1 
7 0 0  1 2 2  0 1  4.525483399593905 1 
 0 2 1.484924240491752 2
7 0 0  1 2 2  0 1  4.525483399593905 1 
 0 2 1.484924240491752 2
8 0 1.9500000000000011
1 1.5709207310321587 0 0 -1 
8 0 1.9500000000000011
1 0 0 0 -1 
8 0 1.9500000000000011
1 0 0 0 -1 
8 0 1.5709207310321587
1 0 -1.9500000000000011 1 0 
8 0 1.9500000000000011
1 1.5709207310321587 0 0 -1 
8 0 1.5709207310321587
1 0 -1.9500000000000011 1 0 
8 0 1.9500000000000011
1 1.5709207310321587 0 0 -1 
8 0 1.9500000000000011
1 0 0 0 -1 
8 0 1.9500000000000011
1 0 0 0 -1 
8 0 1.5709207310321587
1 0 -1.9500000000000011 1 0 
8 0 1.9500000000000011
1 1.5709207310321587 0 0 -1 
8 0 1.5709207310321587
1 0 -1.9500000000000011 1 0 
8 0 1
1 4.525483399593905 0 0 1 
8 0 1
1 0 0 0 1 
7 0 0  1 2 2  0 1  4.525483399593905 1 
 0 2 1.484924240491752 2
8 0 1
1 0 0 0 1 
8 0 1
1 4.525483399593905 0 0 1 
7 0 0  1 2 2  0 1  4.525483399593905 1 
 0 2 1.484924240491752 2
8 0 1
1 0 0 0 1 
8 0 1
1 4.525483399593905 0 0 1 
8 0 1
1 4.525483399593905 0 0 1 
8 0 1
1 0 0 0 1 
7 0 0  1 2 2  0 1  4.525483399593905 1 
 0 2 1.484924240491752 2
7 0 0  1 2 2  0 1  4.525483399593905 1 
 0 2 1.484924240491752 2
8 0 1
1 4.525483399593905 0 0 1 
8 0 1
1 0 0 0 1 
7 0 0  1 2 2  0 1  4.525483399593905 1 
 0 2 1.484924240491752 2
8 0 1
1 0 0 0 1 
8 0 1
1 4.525483399593905 0 0 1 
7 0 0  1 2 2  0 1  4.525483399593905 1 
 0 2 1.484924240491752 2
8 0 1
1 0 0 0 1 
8 0 1
1 4.525483399593905 0 0 1 
8 0 1
1 4.525483399593905 0 0 1 
8 0 1
1 0 0 0 1 
7 0 0  1 2 2  0 1  4.525483399593905 1 
 0 2 1.484924240491752 2
7 0 0  1 2 2  0 1  4.525483399593905 1 
 0 2 1.484924240491752 2
8 0 1
1 4.525483399593905 0 0 1 
8 0 1
1 0 0 0 1 
7 0 0  1 2 2  0 1  4.525483399593905 1 
 0 2 1.484924240491752 2
8 0 1
1 0 0 0 1 
8 0 1
1 4.525483399593905 0 0 1 
7 0 0  1 2 2  0 1  4.525483399593905 1 
 0 2 1.484924240491752 2
8 0 1
1 0 0 0 1 
8 0 1
1 4.525483399593905 0 0 1 
8 0 1
1 4.525483399593905 0 0 1 
8 0 1
1 0 0 0 1 
7 0 0  1 2 2  0 1  4.525483399593905 1 
 0 2 1.484924240491752 2
7 0 0  1 2 2  0 1  4.525483399593905 1 
 0 2 1.484924240491752 2
8 0 1
1 4.525483399593905 0 0 1 
8 0 1
1 0 0 0 1 
7 0 0  1 2 2  0 1  4.525483399593905 1 
 0 2 1.484924240491752 2
8 0 1
1 0 0 0 1 
8 0 1
1 4.525483399593905 0 0 1 
7 0 0  1 2 2  0 1  4.525483399593905 1 
 0 2 1.484924240491752 2
8 0 1
1 0 0 0 1 
8 0 1
1 4.525483399593905 0 0 1 
8 0 1
1 4.525483399593905 0 0 1 
8 0 1
1 0 0 0 1 
7 0 0  1 2 2  0 1  4.525483399593905 1 
 0 2 1.484924240491752 2
7 0 0  1 2 2  0 1  4.525483399593905 1 
 0 2 1.484924240491752 2
8 0 1
1 4.525483399593905 0 0 1 
8 0 1
1 0 0 0 1 
7 0 0  1 2 2  0 1  4.525483399593905 1 
 0 2 1.484924240491752 2
8 0 1
1 0 0 0 1 
8 0 1
1 4.525483399593905 0 0 1 
7 0 0  1 2 2  0 1  4.525483399593905 1 
 0 2 1.484924240491752 2
8 0 1
1 0 0 0 1 
8 0 1
1 4.525483399593905 0 0 1 
8 0 1
1 4.525483399593905 0 0 1 
8 0 1
1 0 0 0 1 
7 0 0  1 2 2  0 1  4.525483399593905 1 
 0 2 1.484924240491752 2
7 0 0  1 2 2  0 1  4.525483399593905 1 
 0 2 1.484924240491752 2
8 0 1
1 4.525483399593905 0 0 1 
8 0 1
1 0 0 0 1 
7 0 0  1 2 2  0 1  4.525483399593905 1 
 0 2 1.484924240491752 2
8 0 1
1 0 0 0 1 
8 0 1
1 4.525483399593905 0 0 1 
7 0 0  1 2 2  0 1  4.525483399593905 1 
 0 2 1.484924240491752 2
8 0 1
1 0 0 0 1 
8 0 1
1 4.525483399593905 0 0 1 
8 0 1
1 4.525483399593905 0 0 1 
8 0 1
1 0 0 0 1 
7 0 0  1 2 2  0 1  4.525483399593905 1 
 0 2 1.484924240491752 2
7 0 0  1 2 2  0 1  4.525483399593905 1 
 0 2 1.484924240491752 2
8 0 1
1 4.525483399593905 0 0 1 
8 0 1
1 0 0 0 1 
7 0 0  1 2 2  0 1  4.525483399593905 1 
 0 2 1.484924240491752 2
8 0 1
1 0 0 0 1 
8 0 1
1 4.525483399593905 0 0 1 
7 0 0  1 2 2  0 1  4.525483399593905 1 
 0 2 1.484924240491752 2
8 0 1
1 0 0 0 1 
8 0 1
1 4.525483399593905 0 0 1 
8 0 1
1 4.525483399593905 0 0 1 
8 0 1
1 0 0 0 1 
7 0 0  1 2 2  0 1  4.525483399593905 1 
 0 2 1.484924240491752 2
7 0 0  1 2 2  0 1  4.525483399593905 1 
 0 2 1.484924240491752 2
8 0 1
1 4.525483399593905 0 0 1 
8 0 1
1 0 0 0 1 
7 0 0  1 2 2  0 1  4.525483399593905 1 
 0 2 1.484924240491752 2
8 0 1
1 0 0 0 1 
8 0 1
1 4.525483399593905 0 0 1 
7 0 0  1 2 2  0 1  4.525483399593905 1 
 0 2 1.484924240491752 2
8 0 1
1 0 0 0 1 
8 0 1
1 4.525483399593905 0 0 1 
8 0 1
1 4.525483399593905 0 0 1 
8 0 1
1 0 0 0 1 
7 0 0  1 2 2  0 1  4.525483399593905 1 
 0 2 1.484924240491752 2
7 0 0  1 2 2  0 1  4.525483399593905 1 
 0 2 1.484924240491752 2
8 0 1
1 4.525483399593905 0 0 1 
8 0 1
1 0 0 0 1 
7 0 0  1 2 2  0 1  4.525483399593905 1 
 0 2 1.484924240491752 2
8 0 1
1 0 0 0 1 
8 0 1
1 4.525483399593905 0 0 1 
7 0 0  1 2 2  0 1  4.525483399593905 1 
 0 2 1.484924240491752 2
8 0 1
1 0 0 0 1 
8 0 1
1 4.525483399593905 0 0 1 
8 0 1
1 4.525483399593905 0 0 1 
8 0 1
1 0 0 0 1 
7 0 0  1 2 2  0 1  4.525483399593905 1 
 0 2 1.484924240491752 2
7 0 0  1 2 2  0 1  4.525483399593905 1 
 0 2 1.484924240491752 2
8 0 1
1 5.6568542494923806 0 0 1 
8 0 1
1 0 0 0 1 
7 0 0  1 2 2  0 1  5.6568542494923806 1 
 0 2 1.6970562748477116 2
8 0 1
1 0 0 0 1 
8 0 1
1 5.6568542494923806 0 0 1 
8 0 1
1 5.6568542494923806 0 0 1 
8 0 1
1 0 0 0 1 
7 0 0  1 2 2  0 1  5.6568542494923806 1 
 0 2 1.6970562748477116 2
8 0 1
1 5.6568542494923806 0 0 1 
8 0 1
1 0 0 0 1 
7 0 0  1 2 2  0 1  5.6568542494923806 1 
 0 2 1.6970562748477116 2
7 0 0  1 2 2  0 1  5.6568542494923806 1 
 0 2 1.6970562748477116 2
8 0 1
1 5.6568542494923806 0 0 1 
8 0 1
1 0 0 0 1 
7 0 0  1 2 2  0 1  5.6568542494923806 1 
 0 2 1.6970562748477116 2
8 0 1
1 0 0 0 1 
8 0 1
1 5.6568542494923806 0 0 1 
8 0 1
1 5.6568542494923806 0 0 1 
8 0 1
1 0 0 0 1 
7 0 0  1 2 2  0 1  5.6568542494923806 1 
 0 2 1.6970562748477116 2
8 0 1
1 5.6568542494923806 0 0 1 
8 0 1
1 0 0 0 1 
7 0 0  1 2 2  0 1  5.6568542494923806 1 
 0 2 1.6970562748477116 2
7 0 0  1 2 2  0 1  5.6568542494923806 1 
 0 2 1.6970562748477116 2
8 0 1
1 5.6568542494923806 0 0 1 
8 0 1
1 0 0 0 1 
7 0 0  1 2 2  0 1  5.6568542494923806 1 
 0 2 1.6970562748477116 2
8 0 1
1 0 0 0 1 
8 0 1
1 5.6568542494923806 0 0 1 
8 0 1
1 5.6568542494923806 0 0 1 
8 0 1
1 0 0 0 1 
7 0 0  1 2 2  0 1  5.6568542494923806 1 
 0 2 1.6970562748477116 2
8 0 1
1 5.6568542494923806 0 0 1 
8 0 1
1 0 0 0 1 
7 0 0  1 2 2  0 1  5.6568542494923806 1 
 0 2 1.6970562748477116 2
7 0 0  1 2 2  0 1  5.6568542494923806 1 
 0 2 1.6970562748477116 2
8 0 1
1 5.6568542494923806 0 0 1 
8 0 1
1 0 0 0 1 
7 0 0  1 2 2  0 1  5.6568542494923806 1 
 0 2 1.6970562748477116 2
8 0 1
1 0 0 0 1 
8 0 1
1 5.6568542494923806 0 0 1 
8 0 1
1 5.6568542494923806 0 0 1 
8 0 1
1 0 0 0 1 
7 0 0  1 2 2  0 1  5.6568542494923806 1 
 0 2 1.6970562748477116 2
8 0 1
1 5.6568542494923806 0 0 1 
8 0 1
1 0 0 0 1 
7 0 0  1 2 2  0 1  5.6568542494923806 1 
 0 2 1.6970562748477116 2
7 0 0  1 2 2  0 1  5.6568542494923806 1 
 0 2 1.6970562748477116 2
8 0 1
1 5.6568542494923806 0 0 1 
8 0 1
1 0 0 0 1 
7 0 0  1 2 2  0 1  5.6568542494923806 1 
 0 2 1.6970562748477116 2
8 0 1
1 0 0 0 1 
8 0 1
1 5.6568542494923806 0 0 1 
8 0 1
1 5.6568542494923806 0 0 1 
8 0 1
1 0 0 0 1 
7 0 0  1 2 2  0 1  5.6568542494923806 1 
 0 2 1.6970562748477116 2
8 0 1
1 5.6568542494923806 0 0 1 
8 0 1
1 0 0 0 1 
7 0 0  1 2 2  0 1  5.6568542494923806 1 
 0 2 1.6970562748477116 2
7 0 0  1 2 2  0 1  5.6568542494923806 1 
 0 2 1.6970562748477116 2
8 0 1
1 5.6568542494923806 0 0 1 
8 0 1
1 0 0 0 1 
7 0 0  1 2 2  0 1  5.6568542494923806 1 
 0 2 1.6970562748477116 2
8 0 1
1 0 0 0 1 
8 0 1
1 5.6568542494923806 0 0 1 
7 0 0  1 2 2  0 1  5.6568542494923806 1 
 0 2 1.6970562748477116 2
8 0 1
1 0 0 0 1 
8 0 1
1 5.6568542494923806 0 0 1 
8 0 1
1 5.6568542494923806 0 0 1 
8 0 1
1 0 0 0 1 
7 0 0  1 2 2  0 1  5.6568542494923806 1 
 0 2 1.6970562748477116 2
7 0 0  1 2 2  0 1  5.6568542494923806 1 
 0 2 1.6970562748477116 2
8 0 1
1 5.6568542494923806 0 0 1 
8 0 1
1 0 0 0 1 
7 0 0  1 2 2  0 1  5.6568542494923806 1 
 0 2 1.6970562748477116 2
8 0 1
1 0 0 0 1 
8 0 1
1 5.6568542494923806 0 0 1 
7 0 0  1 2 2  0 1  5.6568542494923806 1 
 0 2 1.6970562748477116 2
8 0 1
1 0 0 0 1 
8 0 1
1 5.6568542494923806 0 0 1 
8 0 1
1 5.6568542494923806 0 0 1 
8 0 1
1 0 0 0 1 
7 0 0  1 2 2  0 1  5.6568542494923806 1 
 0 2 1.6970562748477116 2
7 0 0  1 2 2  0 1  5.6568542494923806 1 
 0 2 1.6970562748477116 2
8 0 1
1 5.6568542494923806 0 0 1 
8 0 1
1 0 0 0 1 
7 0 0  1 2 2  0 1  5.6568542494923806 1 
 0 2 1.6970562748477116 2
8 0 1
1 0 0 0 1 
8 0 1
1 5.6568542494923806 0 0 1 
7 0 0  1 2 2  0 1  5.6568542494923806 1 
 0 2 1.6970562748477116 2
8 0 1
1 0 0 0 1 
8 0 1
1 5.6568542494923806 0 0 1 
8 0 1
1 5.6568542494923806 0 0 1 
8 0 1
1 0 0 0 1 
7 0 0  1 2 2  0 1  5.6568542494923806 1 
 0 2 1.6970562748477116 2
7 0 0  1 2 2  0 1  5.6568542494923806 1 
 0 2 1.6970562748477116 2
8 0 1
1 5.6568542494923806 0 0 1 
8 0 1
1 0 0 0 1 
7 0 0  1 2 2  0 1  5.6568542494923806 1 
 0 2 1.6970562748477116 2
8 0 1
1 0 0 0 1 
8 0 1
1 5.6568542494923806 0 0 1 
7 0 0  1 2 2  0 1  5.6568542494923806 1 
 0 2 1.6970562748477116 2
8 0 1
1 0 0 0 1 
8 0 1
1 5.6568542494923806 0 0 1 
8 0 1
1 5.6568542494923806 0 0 1 
8 0 1
1 0 0 0 1 
7 0 0  1 2 2  0 1  5.6568542494923806 1 
 0 2 1.6970562748477116 2
7 0 0  1 2 2  0 1  5.6568542494923806 1 
 0 2 1.6970562748477116 2
8 0 1
1 5.6568542494923806 0 0 1 
8 0 1
1 0 0 0 1 
7 0 0  1 2 2  0 1  5.6568542494923806 1 
 0 2 1.6970562748477116 2
8 0 1
1 0 0 0 1 
8 0 1
1 5.6568542494923806 0 0 1 
7 0 0  1 2 2  0 1  5.6568542494923806 1 
 0 2 1.6970562748477116 2
8 0 1
1 0 0 0 1 
8 0 1
1 5.6568542494923806 0 0 1 
8 0 1
1 5.6568542494923806 0 0 1 
8 0 1
1 0 0 0 1 
7 0 0  1 2 2  0 1  5.6568542494923806 1 
 0 2 1.6970562748477116 2
7 0 0  1 2 2  0 1  5.6568542494923806 1 
 0 2 1.6970562748477116 2
Curves 1809
1 -156 34.543500000000002 0 0 0 1 
1 -156 -34.543500000000002 0 0 0 1 
1 -156 34.543500000000002 0 0 -1 0 
1 -156 34.543500000000002 2 0 -1 0 
1 -150.72749999999999 47.272500000000001 0 0 0 1 
2 -138.01000639553604 34.548300639913876 0 0 0 1 -0.70692038203431617 0.70729313121537996 0 -0.70729313121537996 -0.70692038203431617 0 17.989994244990683
2 -138.01000639553604 34.548300639913876 2 0 0 1 -0.70692038203431617 0.70729313121537996 0 -0.70729313121537996 -0.70692038203431617 0 17.989994244990683
1 -150.72749999999999 -47.272500000000001 0 0 0 1 
2 -138.01000639553604 -34.548300639913876 0 0 0 1 -0.99999996439539063 0.00026685055306300426 0 -0.00026685055306300426 -0.99999996439539063 0 17.989994244990683
2 -138.01000639553604 -34.548300639913876 2 0 0 1 -0.99999996439539063 0.00026685055306300426 0 -0.00026685055306300426 -0.99999996439539063 0 17.989994244990683
1 -122.27250000000001 75.727499999999992 0 -0.70710678118654757 -0.70710678118654757 0 
2 -109.54830063991389 63.01000639553606 0 0 -0 1 0.00026685055306448566 0.99999996439539063 0 -0.99999996439539063 0.00026685055306448566 0 17.989994244990655
1 109.54349999999999 81 0 -1 0 0 
1 -150.72749999999999 -47.272500000000001 0 0.70710678118654757 -0.70710678118654757 0 
2 0 162 0 0 0 -1 1 0 0 0 -1 0 90
2 -109.54830063991389 -63.01000639553606 0 0 0 1 -0.70729313121537996 -0.70692038203431606 0 0.70692038203431606 -0.70729313121537996 0 17.989994244990655
1 109.54349999999999 81 0 -1 0 0 
1 -109.54349999999999 -81 0 1 0 0 
2 109.54830063991389 63.01000639553606 0 0 -0 1 0.70729313121537996 0.70692038203431606 0 -0.70692038203431606 0.70729313121537996 0 17.989994244990655
2 0 -162 0 0 0 -1 1 0 0 0 -1 0 90
1 150.72749999999999 47.272500000000001 0 -0.70710678118654757 0.70710678118654757 0 
1 -109.54349999999999 -81 0 1 0 0 
2 138.01000639553604 34.548300639913876 0 -0 0 1 0.99999996439539063 -0.00026685055306300426 0 0.00026685055306300426 0.99999996439539063 0 17.989994244990683
2 109.54830063991389 -63.01000639553606 0 0 0 1 -0.00026685055306448566 -0.99999996439539063 0 0.99999996439539063 -0.00026685055306448566 0 17.989994244990655
1 156 -34.543500000000002 0 0 1 0 
1 122.27250000000001 -75.727499999999992 0 0.70710678118654757 0.70710678118654757 0 
2 138.01000639553604 -34.548300639913876 0 -0 0 1 0.70692038203431617 -0.70729313121537996 0 0.70729313121537996 0.70692038203431617 0 17.989994244990683
2 -132.75 -57 0 0 0 -1 1 0 0 0 -1 0 3.1500000000000004
2 132.75 -57 0 0 0 -1 1 0 0 0 -1 0 3.1500000000000004
2 -132.75 57 0 0 0 -1 1 0 0 0 -1 0 3.1500000000000004
2 132.75 57 0 0 0 -1 1 0 0 0 -1 0 3.1500000000000004
1 -122.27250000000001 75.727499999999992 2 -0.70710678118654757 -0.70710678118654757 0 
2 -109.54830063991389 63.01000639553606 2 0 -0 1 0.00026685055306448566 0.99999996439539063 0 -0.99999996439539063 0.00026685055306448566 0 17.989994244990655
1 109.54349999999999 81 2 -1 0 0 
1 -150.72749999999999 -47.272500000000001 2 0.70710678118654757 -0.70710678118654757 0 
2 0 162 6 0 0 -1 1 0 0 0 -1 0 90
2 -109.54830063991389 -63.01000639553606 2 0 0 1 -0.70729313121537996 -0.70692038203431606 0 0.70692038203431606 -0.70729313121537996 0 17.989994244990655
1 109.54349999999999 81 2 -1 0 0 
1 -109.54349999999999 -81 2 1 0 0 
2 109.54830063991389 63.01000639553606 2 0 -0 1 0.70729313121537996 0.70692038203431606 0 -0.70692038203431606 0.70729313121537996 0 17.989994244990655
2 0 -162 6 0 0 -1 1 0 0 0 -1 0 90
1 150.72749999999999 47.272500000000001 2 -0.70710678118654757 0.70710678118654757 0 
1 -109.54349999999999 -81 2 1 0 0 
2 138.01000639553604 34.548300639913876 2 -0 0 1 0.99999996439539063 -0.00026685055306300426 0 0.00026685055306300426 0.99999996439539063 0 17.989994244990683
2 109.54830063991389 -63.01000639553606 2 0 0 1 -0.00026685055306448566 -0.99999996439539063 0 0.99999996439539063 -0.00026685055306448566 0 17.989994244990655
1 156 -34.543500000000002 2 0 1 0 
1 122.27250000000001 -75.727499999999992 2 0.70710678118654757 0.70710678118654757 0 
2 138.01000639553604 -34.548300639913876 2 -0 0 1 0.70692038203431617 -0.70729313121537996 0 0.70729313121537996 0.70692038203431617 0 17.989994244990683
2 -132.75 -57 6 0 0 -1 1 0 0 0 -1 0 3.1500000000000004
2 132.75 -57 6 0 0 -1 1 0 0 0 -1 0 3.1500000000000004
1 -115.54349999999999 65.485500000000002 2 -0.70710678118654768 -0.70710678118654746 0 
2 -107.0588801314266 57.001069314332206 2 0 -0 1 7.3350821609596879e-05 0.99999999730982847 0 -0.99999999730982847 7.3350821609596879e-05 0 11.99893071794698
2 -132.00106931433234 32.058880131426662 2 0 0 1 -0.7070988978190752 0.70711466446613103 0 -0.70711466446613103 -0.7070988978190752 0 11.998930717946848
1 107.05799999999999 69 2 -1 0 0 
1 -144 32.058 2 0 -1 0 
2 0 54 2 0 0 1 1 0 0 0 1 0 102
2 -132.00106931433234 -32.058880131426662 2 0 0 1 -0.99999999730982847 7.335082161492721e-05 0 -7.335082161492721e-05 -0.99999999730982847 0 11.998930717946848
1 107.05799999999999 69 2 -1 0 0 
1 -140.4855 -40.543500000000002 2 0.70710678118654768 -0.70710678118654746 0 
2 107.0588801314266 57.001069314332206 2 0 -0 1 0.70711466446612814 0.70709889781907809 0 -0.70709889781907809 0.70711466446612814 0 11.998930717946978
2 -107.0588801314266 -57.001069314332206 2 0 0 1 -0.70711466446612814 -0.70709889781907809 0 0.70709889781907809 -0.70711466446612814 0 11.998930717946978
1 140.4855 40.543500000000002 2 -0.70710678118654768 0.70710678118654746 0 
1 -107.05799999999999 -69 2 1 0 0 
2 132.00106931433234 32.058880131426662 2 -0 0 1 0.99999999730982847 -7.335082161492721e-05 0 7.335082161492721e-05 0.99999999730982847 0 11.998930717946848
2 0 -54 2 0 0 1 1 0 0 0 1 0 102
1 144 -32.058 2 0 1 0 
1 -107.05799999999999 -69 2 1 0 0 
2 132.00106931433234 -32.058880131426662 2 -0 0 1 0.7070988978190752 -0.70711466446613103 0 0.70711466446613103 0.7070988978190752 0 11.998930717946848
2 107.0588801314266 -57.001069314332206 2 0 0 1 -7.3350821609596879e-05 -0.99999999730982847 0 0.99999999730982847 -7.3350821609596879e-05 0 11.99893071794698
1 115.54349999999999 -65.485500000000002 2 0.70710678118654768 0.70710678118654746 0 
2 -132.75 57 6 0 0 -1 1 0 0 0 -1 0 3.1500000000000004
2 132.75 57 6 0 0 -1 1 0 0 0 -1 0 3.1500000000000004
1 -122.27250000000001 75.727499999999992 0 0 0 1 
1 -122.27250000000001 -75.727499999999992 0 0 0 1 
1 -109.54349999999999 81 0 0 0 1 
1 -39.230090491866065 81 -1.5 -0 -0 -1 
1 39.230090491866065 81 -1.5 -0 -0 -1 
1 -109.54349999999999 -81 0 0 0 1 
1 109.54349999999999 81 0 0 0 1 
1 -39.230090491866065 -81 -1.5 -0 -0 -1 
1 122.27250000000001 75.727499999999992 0 0 0 1 
1 39.230090491866065 -81 -1.5 -0 -0 -1 
1 150.72749999999999 47.272500000000001 0 0 0 1 
1 109.54349999999999 -81 0 0 0 1 
1 156 34.543500000000002 0 0 0 1 
1 122.27250000000001 -75.727499999999992 0 0 0 1 
1 156 -34.543500000000002 0 0 0 1 
1 150.72749999999999 -47.272500000000001 0 0 0 1 
1 -129.60000000000002 -57 -1.5 0 0 1 
1 135.89999999999998 -57 -1.5 0 0 1 
1 -129.60000000000002 57 -1.5 0 0 1 
1 135.89999999999998 57 -1.5 0 0 1 
1 -115.54349999999999 65.485500000000002 6 0 0 1 
1 -115.54349999999999 65.485500000000002 3 -0.70710678118654768 -0.70710678118654746 0 
1 -135.04349999999999 45.985500000000002 9 0 0 1 
1 -135.04349999999999 45.985500000000002 4 -0.70710678118654757 -0.70710678118654757 0 
8 0 6
1 -140.4855 40.543500000000002 6 0 0 1 
1 -107.05799999999999 69 6 0 0 1 
2 -107.0588801314266 57.001069314332206 3 0 -0 1 7.3350821609596879e-05 0.99999999730982847 0 -0.99999999730982847 7.3350821609596879e-05 0 11.99893071794698
2 -132.00106931433234 32.058880131426662 4 0 0 1 -0.7070988978190752 0.70711466446613103 0 -0.70711466446613103 -0.7070988978190752 0 11.998930717946848
8 0 6
1 -144 32.058 6 0 0 1 
1 -41.892720131299122 68.999999999998266 6 0 0 1 
1 107.05799999999999 69 3 -1 0 0 
1 -144 32.058 4 0 -1 0 
8 0 6
1 -144 -32.058 6 0 0 1 
1 41.892720131306113 68.999999999999829 6 0 0 1 
2 0 54 3 0 0 1 1 0 0 0 1 0 102
2 -132.00106931433234 -32.058880131426662 4 0 0 1 -0.99999999730982847 7.335082161492721e-05 0 -7.335082161492721e-05 -0.99999999730982847 0 11.998930717946848
8 0 6
1 -140.4855 -40.543500000000002 6 0 0 1 
1 107.05799999999999 69 6 0 0 1 
1 107.05799999999999 69 3 -1 0 0 
1 -140.4855 -40.543500000000002 4 0.70710678118654757 -0.70710678118654757 0 
1 -135.04349999999999 -45.985500000000002 9 0 0 1 
1 -140.4855 -40.543500000000002 3 0.70710678118654768 -0.70710678118654746 0 
1 -115.54349999999999 -65.485500000000002 6 0 0 1 
1 115.54349999999999 65.485500000000002 6 0 0 1 
2 107.0588801314266 57.001069314332206 3 0 -0 1 0.70711466446612814 0.70709889781907809 0 -0.70709889781907809 0.70711466446612814 0 11.998930717946978
1 -107.05799999999999 -69 6 0 0 1 
2 -107.0588801314266 -57.001069314332206 3 0 0 1 -0.70711466446612814 -0.70709889781907809 0 0.70709889781907809 -0.70711466446612814 0 11.998930717946978
8 0 6
1 140.4855 40.543500000000002 6 0 0 1 
1 140.4855 40.543500000000002 4 -0.70710678118654757 0.70710678118654757 0 
1 135.04349999999999 45.985500000000002 9 0 0 1 
1 140.4855 40.543500000000002 3 -0.70710678118654768 0.70710678118654746 0 
1 -41.8927201312991 -68.999999999998252 6 0 0 1 
1 -107.05799999999999 -69 3 1 0 0 
8 0 6
1 144 32.058 6 0 0 1 
2 132.00106931433234 32.058880131426662 4 -0 0 1 0.99999999730982847 -7.335082161492721e-05 0 7.335082161492721e-05 0.99999999730982847 0 11.998930717946848
1 41.892720131306177 -68.999999999999858 6 0 0 1 
2 0 -54 3 0 0 1 1 0 0 0 1 0 102
8 0 6
1 144 -32.058 6 0 0 1 
1 144 -32.058 4 0 1 0 
1 107.05799999999999 -69 6 0 0 1 
1 -107.05799999999999 -69 3 1 0 0 
8 0 6
1 140.4855 -40.543500000000002 6 0 0 1 
2 132.00106931433234 -32.058880131426662 4 -0 0 1 0.7070988978190752 -0.70711466446613103 0 0.70711466446613103 0.7070988978190752 0 11.998930717946848
1 115.54349999999999 -65.485500000000002 6 0 0 1 
2 107.0588801314266 -57.001069314332206 3 0 0 1 -7.3350821609596879e-05 -0.99999999730982847 0 0.99999999730982847 -7.3350821609596879e-05 0 11.99893071794698
1 115.54349999999999 -65.485500000000002 3 0.70710678118654768 0.70710678118654746 0 
1 135.04349999999999 -45.985500000000002 9 0 0 1 
1 135.04349999999999 -45.985500000000002 4 0.70710678118654757 0.70710678118654757 0 
2 -126.5588801314266 37.501069314332199 3 0 -0 1 7.3350821609596812e-05 0.99999999730982847 0 -0.99999999730982847 7.3350821609596812e-05 0 11.99893071794699
1 126.55799999999999 49.5 3 -1 0 0 
2 126.5588801314266 37.501069314332199 3 0 -0 1 0.70711466446612747 0.70709889781907875 0 -0.70709889781907875 0.70711466446612747 0 11.99893071794699
1 -64.5 53.25 3 -0.70710678118654757 0.70710678118654757 0 
1 -58.5 59.25 3 -0.70710678118654757 -0.70710678118654757 -0 
1 -64.5 65.25 3 0.70710678118654757 -0.70710678118654757 0 
1 -70.5 59.25 3 0.70710678118654757 0.70710678118654757 0 
1 -58.5 53.25 3 -0.70710678118654757 0.70710678118654757 0 
1 -52.5 59.25 3 -0.70710678118654757 -0.70710678118654757 -0 
1 -58.5 65.25 3 0.70710678118654757 -0.70710678118654757 0 
1 -64.5 59.25 3 0.70710678118654757 0.70710678118654757 0 
1 -52.5 53.25 3 -0.70710678118654757 0.70710678118654757 0 
1 -46.5 59.25 3 -0.70710678118654757 -0.70710678118654757 -0 
1 -52.5 65.25 3 0.70710678118654757 -0.70710678118654757 0 
1 -58.5 59.25 3 0.70710678118654757 0.70710678118654757 0 
1 -46.5 53.25 3 -0.70710678118654757 0.70710678118654757 0 
1 -40.5 59.25 3 -0.70710678118654757 -0.70710678118654757 -0 
1 -46.5 65.25 3 0.70710678118654757 -0.70710678118654757 0 
1 -52.5 59.25 3 0.70710678118654757 0.70710678118654757 0 
1 -40.5 53.25 3 -0.70710678118654757 0.70710678118654757 0 
1 -34.5 59.25 3 -0.70710678118654757 -0.70710678118654757 -0 
1 -40.5 65.25 3 0.70710678118654757 -0.70710678118654757 0 
1 -46.5 59.25 3 0.70710678118654757 0.70710678118654757 0 
1 46.5 59.25 3 -0.70710678118654757 0.70710678118654757 0 
1 40.5 53.25 3 0.70710678118654757 0.70710678118654757 0 
1 40.5 65.25 3 -0.70710678118654757 -0.70710678118654757 0 
1 34.5 59.25 3 0.70710678118654757 -0.70710678118654757 0 
1 52.5 59.25 3 -0.70710678118654757 0.70710678118654757 0 
1 46.5 53.25 3 0.70710678118654757 0.70710678118654757 0 
1 46.5 65.25 3 -0.70710678118654757 -0.70710678118654757 0 
1 40.5 59.25 3 0.70710678118654757 -0.70710678118654757 0 
1 58.5 59.25 3 -0.70710678118654757 0.70710678118654757 0 
1 52.5 53.25 3 0.70710678118654757 0.70710678118654757 0 
1 52.5 65.25 3 -0.70710678118654757 -0.70710678118654757 0 
1 46.5 59.25 3 0.70710678118654757 -0.70710678118654757 0 
1 64.5 59.25 3 -0.70710678118654757 0.70710678118654757 0 
1 58.5 53.25 3 0.70710678118654757 0.70710678118654757 0 
1 58.5 65.25 3 -0.70710678118654757 -0.70710678118654757 0 
1 52.5 59.25 3 0.70710678118654757 -0.70710678118654757 0 
1 70.5 59.25 3 -0.70710678118654757 0.70710678118654757 0 
1 64.5 53.25 3 0.70710678118654757 0.70710678118654757 0 
1 64.5 65.25 3 -0.70710678118654757 -0.70710678118654757 0 
1 58.5 59.25 3 0.70710678118654757 -0.70710678118654757 0 
1 -126.55799999999999 49.5 9 0 0 1 
2 -126.5588801314266 37.501069314332199 4 0 -0 1 7.3350821609596812e-05 0.99999999730982847 0 -0.99999999730982847 7.3350821609596812e-05 0 11.99893071794699
2 126.5588801314266 -37.501069314332199 4 0 0 1 -7.3350821609596812e-05 -0.99999999730982847 0 0.99999999730982847 -7.3350821609596812e-05 0 11.99893071794699
2 126.5588801314266 37.501069314332199 4 0 -0 1 0.70711466446612747 0.70709889781907875 0 -0.70709889781907875 0.70711466446612747 0 11.99893071794699
1 -126.55799999999999 -49.5 4 1 0 0 
1 126.55799999999999 49.5 4 -1 0 0 
2 -126.5588801314266 -37.501069314332199 4 0 0 1 -0.70711466446612747 -0.70709889781907875 0 0.70709889781907875 -0.70711466446612747 0 11.99893071794699
1 -126 -34.950000000000003 4 0.70710678118654802 -0.70710678118654724 0 
1 -130.80000000000001 -39.75 4 0.70710678118654802 0.70710678118654724 0 
1 -126 -44.549999999999997 4 -0.70710678118654802 0.70710678118654724 0 
1 -121.19999999999999 -39.75 4 -0.70710678118654802 -0.70710678118654724 -0 
1 -120.75 -34.950000000000003 4 0.70710678118654802 -0.70710678118654724 0 
1 -125.55000000000001 -39.75 4 0.70710678118654802 0.70710678118654724 0 
1 -120.75 -44.549999999999997 4 -0.70710678118654802 0.70710678118654724 0 
1 -115.94999999999999 -39.75 4 -0.70710678118654802 -0.70710678118654724 -0 
1 -115.5 -34.950000000000003 4 0.70710678118654802 -0.70710678118654724 0 
1 -120.30000000000001 -39.75 4 0.70710678118654802 0.70710678118654724 0 
1 -115.5 -44.549999999999997 4 -0.70710678118654802 0.70710678118654724 0 
1 -110.69999999999999 -39.75 4 -0.70710678118654802 -0.70710678118654724 -0 
1 -110.25 -34.950000000000003 4 0.70710678118654802 -0.70710678118654724 0 
1 -115.05000000000001 -39.75 4 0.70710678118654802 0.70710678118654724 0 
1 -110.25 -44.549999999999997 4 -0.70710678118654802 0.70710678118654724 0 
1 -105.44999999999999 -39.75 4 -0.70710678118654802 -0.70710678118654724 -0 
1 -105 -34.950000000000003 4 0.70710678118654802 -0.70710678118654724 0 
1 -109.80000000000001 -39.75 4 0.70710678118654802 0.70710678118654724 0 
1 -105 -44.549999999999997 4 -0.70710678118654802 0.70710678118654724 0 
1 -100.19999999999999 -39.75 4 -0.70710678118654802 -0.70710678118654724 -0 
1 -99.75 -34.950000000000003 4 0.70710678118654802 -0.70710678118654724 0 
1 -104.55000000000001 -39.75 4 0.70710678118654802 0.70710678118654724 0 
1 -99.75 -44.549999999999997 4 -0.70710678118654802 0.70710678118654724 0 
1 -94.949999999999989 -39.75 4 -0.70710678118654802 -0.70710678118654724 -0 
1 -94.5 -34.950000000000003 4 0.70710678118654802 -0.70710678118654724 0 
1 -99.300000000000011 -39.75 4 0.70710678118654802 0.70710678118654724 0 
1 -94.5 -44.549999999999997 4 -0.70710678118654802 0.70710678118654724 0 
1 -89.699999999999989 -39.75 4 -0.70710678118654802 -0.70710678118654724 -0 
1 -89.25 -34.950000000000003 4 0.70710678118654802 -0.70710678118654724 0 
1 -94.050000000000011 -39.75 4 0.70710678118654802 0.70710678118654724 0 
1 -89.25 -44.549999999999997 4 -0.70710678118654802 0.70710678118654724 0 
1 -84.449999999999989 -39.75 4 -0.70710678118654802 -0.70710678118654724 -0 
1 -84 -34.950000000000003 4 0.70710678118654802 -0.70710678118654724 0 
1 -88.800000000000011 -39.75 4 0.70710678118654802 0.70710678118654724 0 
1 -84 -44.549999999999997 4 -0.70710678118654802 0.70710678118654724 0 
1 -79.199999999999989 -39.75 4 -0.70710678118654802 -0.70710678118654724 -0 
1 -78.75 -34.950000000000003 4 0.70710678118654802 -0.70710678118654724 0 
1 -83.550000000000011 -39.75 4 0.70710678118654802 0.70710678118654724 0 
1 -78.75 -44.549999999999997 4 -0.70710678118654802 0.70710678118654724 0 
1 -73.949999999999989 -39.75 4 -0.70710678118654802 -0.70710678118654724 -0 
1 -73.5 -34.950000000000003 4 0.70710678118654802 -0.70710678118654724 0 
1 -78.300000000000011 -39.75 4 0.70710678118654802 0.70710678118654724 0 
1 -73.5 -44.549999999999997 4 -0.70710678118654802 0.70710678118654724 0 
1 -68.699999999999989 -39.75 4 -0.70710678118654802 -0.70710678118654724 -0 
1 -68.25 -34.950000000000003 4 0.70710678118654802 -0.70710678118654724 0 
1 -73.050000000000011 -39.75 4 0.70710678118654802 0.70710678118654724 0 
1 -68.25 -44.549999999999997 4 -0.70710678118654802 0.70710678118654724 0 
1 -63.449999999999989 -39.75 4 -0.70710678118654802 -0.70710678118654724 -0 
1 -63 -34.950000000000003 4 0.70710678118654802 -0.70710678118654724 0 
1 -67.800000000000011 -39.75 4 0.70710678118654802 0.70710678118654724 0 
1 -63 -44.549999999999997 4 -0.70710678118654802 0.70710678118654724 0 
1 -58.199999999999989 -39.75 4 -0.70710678118654802 -0.70710678118654724 -0 
1 -57.75 -34.950000000000003 4 0.70710678118654802 -0.70710678118654724 0 
1 -62.550000000000011 -39.75 4 0.70710678118654802 0.70710678118654724 0 
1 -57.75 -44.549999999999997 4 -0.70710678118654802 0.70710678118654724 0 
1 -52.949999999999989 -39.75 4 -0.70710678118654802 -0.70710678118654724 -0 
1 -52.5 -34.950000000000003 4 0.70710678118654802 -0.70710678118654724 0 
1 -57.300000000000011 -39.75 4 0.70710678118654802 0.70710678118654724 0 
1 -52.5 -44.549999999999997 4 -0.70710678118654802 0.70710678118654724 0 
1 -47.699999999999989 -39.75 4 -0.70710678118654802 -0.70710678118654724 -0 
1 -47.25 -34.950000000000003 4 0.70710678118654802 -0.70710678118654724 0 
1 -52.050000000000011 -39.75 4 0.70710678118654802 0.70710678118654724 0 
1 -47.25 -44.549999999999997 4 -0.70710678118654802 0.70710678118654724 0 
1 -42.449999999999989 -39.75 4 -0.70710678118654802 -0.70710678118654724 -0 
1 -42 -34.950000000000003 4 0.70710678118654802 -0.70710678118654724 0 
1 -46.800000000000011 -39.75 4 0.70710678118654802 0.70710678118654724 0 
1 -42 -44.549999999999997 4 -0.70710678118654802 0.70710678118654724 0 
1 -37.199999999999989 -39.75 4 -0.70710678118654802 -0.70710678118654724 -0 
1 -121.19999999999999 39.75 4 -0.70710678118654802 0.70710678118654724 0 
1 -126 34.950000000000003 4 0.70710678118654802 0.70710678118654724 0 
1 -126 44.549999999999997 4 -0.70710678118654802 -0.70710678118654724 0 
1 -130.80000000000001 39.75 4 0.70710678118654802 -0.70710678118654724 0 
1 -115.94999999999999 39.75 4 -0.70710678118654802 0.70710678118654724 0 
1 -120.75 34.950000000000003 4 0.70710678118654802 0.70710678118654724 0 
1 -120.75 44.549999999999997 4 -0.70710678118654802 -0.70710678118654724 0 
1 -125.55000000000001 39.75 4 0.70710678118654802 -0.70710678118654724 0 
1 -110.69999999999999 39.75 4 -0.70710678118654802 0.70710678118654724 0 
1 -115.5 34.950000000000003 4 0.70710678118654802 0.70710678118654724 0 
1 -115.5 44.549999999999997 4 -0.70710678118654802 -0.70710678118654724 0 
1 -120.30000000000001 39.75 4 0.70710678118654802 -0.70710678118654724 0 
1 -105.44999999999999 39.75 4 -0.70710678118654802 0.70710678118654724 0 
1 -110.25 34.950000000000003 4 0.70710678118654802 0.70710678118654724 0 
1 -110.25 44.549999999999997 4 -0.70710678118654802 -0.70710678118654724 0 
1 -115.05000000000001 39.75 4 0.70710678118654802 -0.70710678118654724 0 
1 -100.19999999999999 39.75 4 -0.70710678118654802 0.70710678118654724 0 
1 -105 34.950000000000003 4 0.70710678118654802 0.70710678118654724 0 
1 -105 44.549999999999997 4 -0.70710678118654802 -0.70710678118654724 0 
1 -109.80000000000001 39.75 4 0.70710678118654802 -0.70710678118654724 0 
1 -94.949999999999989 39.75 4 -0.70710678118654802 0.70710678118654724 0 
1 -99.75 34.950000000000003 4 0.70710678118654802 0.70710678118654724 0 
1 -99.75 44.549999999999997 4 -0.70710678118654802 -0.70710678118654724 0 
1 -104.55000000000001 39.75 4 0.70710678118654802 -0.70710678118654724 0 
1 -89.699999999999989 39.75 4 -0.70710678118654802 0.70710678118654724 0 
1 -94.5 34.950000000000003 4 0.70710678118654802 0.70710678118654724 0 
1 -94.5 44.549999999999997 4 -0.70710678118654802 -0.70710678118654724 0 
1 -99.300000000000011 39.75 4 0.70710678118654802 -0.70710678118654724 0 
1 -84.449999999999989 39.75 4 -0.70710678118654802 0.70710678118654724 0 
1 -89.25 34.950000000000003 4 0.70710678118654802 0.70710678118654724 0 
1 -89.25 44.549999999999997 4 -0.70710678118654802 -0.70710678118654724 0 
1 -94.050000000000011 39.75 4 0.70710678118654802 -0.70710678118654724 0 
1 132 -18 4 0 1 0 
2 120.00074637899817 -18.00074637899818 4 0 0 1 -6.2202118590909498e-05 -0.99999999806544826 0 0.99999999806544826 -6.2202118590909498e-05 0 11.999253644214999
2 120.00074637899817 18.00074637899818 4 -0 0 1 0.99999999806544826 -6.2202118590909498e-05 0 6.2202118590909498e-05 0.99999999806544826 0 11.999253644214999
1 -120 -30 4 1 0 0 
1 120 30 4 -1 0 0 
2 -120.00074637899817 -18.00074637899818 4 0 0 1 -0.99999999806544826 6.2202118590909498e-05 0 -6.2202118590909498e-05 -0.99999999806544826 0 11.999253644214999
2 -120.00074637899817 18.00074637899818 4 0 -0 1 6.2202118590909498e-05 0.99999999806544826 0 -0.99999999806544826 6.2202118590909498e-05 0 11.999253644214999
1 -132 18 4 0 -1 0 
1 -79.199999999999989 39.75 4 -0.70710678118654802 0.70710678118654724 0 
1 -84 34.950000000000003 4 0.70710678118654802 0.70710678118654724 0 
1 -84 44.549999999999997 4 -0.70710678118654802 -0.70710678118654724 0 
1 -88.800000000000011 39.75 4 0.70710678118654802 -0.70710678118654724 0 
1 -73.949999999999989 39.75 4 -0.70710678118654802 0.70710678118654724 0 
1 -78.75 34.950000000000003 4 0.70710678118654802 0.70710678118654724 0 
1 -78.75 44.549999999999997 4 -0.70710678118654802 -0.70710678118654724 0 
1 -83.550000000000011 39.75 4 0.70710678118654802 -0.70710678118654724 0 
1 -68.699999999999989 39.75 4 -0.70710678118654802 0.70710678118654724 0 
1 -73.5 34.950000000000003 4 0.70710678118654802 0.70710678118654724 0 
1 -73.5 44.549999999999997 4 -0.70710678118654802 -0.70710678118654724 0 
1 -78.300000000000011 39.75 4 0.70710678118654802 -0.70710678118654724 0 
1 -63.449999999999989 39.75 4 -0.70710678118654802 0.70710678118654724 0 
1 -68.25 34.950000000000003 4 0.70710678118654802 0.70710678118654724 0 
1 -68.25 44.549999999999997 4 -0.70710678118654802 -0.70710678118654724 0 
1 -73.050000000000011 39.75 4 0.70710678118654802 -0.70710678118654724 0 
1 -58.199999999999989 39.75 4 -0.70710678118654802 0.70710678118654724 0 
1 -63 34.950000000000003 4 0.70710678118654802 0.70710678118654724 0 
1 -63 44.549999999999997 4 -0.70710678118654802 -0.70710678118654724 0 
1 -67.800000000000011 39.75 4 0.70710678118654802 -0.70710678118654724 0 
1 -52.949999999999989 39.75 4 -0.70710678118654802 0.70710678118654724 0 
1 -57.75 34.950000000000003 4 0.70710678118654802 0.70710678118654724 0 
1 -57.75 44.549999999999997 4 -0.70710678118654802 -0.70710678118654724 0 
1 -62.550000000000011 39.75 4 0.70710678118654802 -0.70710678118654724 0 
1 -47.699999999999989 39.75 4 -0.70710678118654802 0.70710678118654724 0 
1 -52.5 34.950000000000003 4 0.70710678118654802 0.70710678118654724 0 
1 -52.5 44.549999999999997 4 -0.70710678118654802 -0.70710678118654724 0 
1 -57.300000000000011 39.75 4 0.70710678118654802 -0.70710678118654724 0 
1 -42.449999999999989 39.75 4 -0.70710678118654802 0.70710678118654724 0 
1 -47.25 34.950000000000003 4 0.70710678118654802 0.70710678118654724 0 
1 -47.25 44.549999999999997 4 -0.70710678118654802 -0.70710678118654724 0 
1 -52.050000000000011 39.75 4 0.70710678118654802 -0.70710678118654724 0 
1 -37.199999999999989 39.75 4 -0.70710678118654802 0.70710678118654724 0 
1 -42 34.950000000000003 4 0.70710678118654802 0.70710678118654724 0 
1 -42 44.549999999999997 4 -0.70710678118654802 -0.70710678118654724 0 
1 -46.800000000000011 39.75 4 0.70710678118654802 -0.70710678118654724 0 
1 -126.55799999999999 -49.5 9 0 0 1 
2 -126.5588801314266 -37.501069314332199 3 0 0 1 -0.70711466446612747 -0.70709889781907875 0 0.70709889781907875 -0.70711466446612747 0 11.99893071794699
1 -126.55799999999999 -49.5 3 1 0 0 
2 126.5588801314266 -37.501069314332199 3 0 0 1 -7.3350821609596812e-05 -0.99999999730982847 0 0.99999999730982847 -7.3350821609596812e-05 0 11.99893071794699
1 -70.5 -59.25 3 0.70710678118654757 -0.70710678118654757 0 
1 -64.5 -65.25 3 0.70710678118654757 0.70710678118654757 0 
1 -58.5 -59.25 3 -0.70710678118654757 0.70710678118654757 0 
1 -64.5 -53.25 3 -0.70710678118654757 -0.70710678118654757 -0 
1 -64.5 -59.25 3 0.70710678118654757 -0.70710678118654757 0 
1 -58.5 -65.25 3 0.70710678118654757 0.70710678118654757 0 
1 -52.5 -59.25 3 -0.70710678118654757 0.70710678118654757 0 
1 -58.5 -53.25 3 -0.70710678118654757 -0.70710678118654757 -0 
1 -58.5 -59.25 3 0.70710678118654757 -0.70710678118654757 0 
1 -52.5 -65.25 3 0.70710678118654757 0.70710678118654757 0 
1 -46.5 -59.25 3 -0.70710678118654757 0.70710678118654757 0 
1 -52.5 -53.25 3 -0.70710678118654757 -0.70710678118654757 -0 
1 -52.5 -59.25 3 0.70710678118654757 -0.70710678118654757 0 
1 -46.5 -65.25 3 0.70710678118654757 0.70710678118654757 0 
1 -40.5 -59.25 3 -0.70710678118654757 0.70710678118654757 0 
1 -46.5 -53.25 3 -0.70710678118654757 -0.70710678118654757 -0 
1 -46.5 -59.25 3 0.70710678118654757 -0.70710678118654757 0 
1 -40.5 -65.25 3 0.70710678118654757 0.70710678118654757 0 
1 -34.5 -59.25 3 -0.70710678118654757 0.70710678118654757 0 
1 -40.5 -53.25 3 -0.70710678118654757 -0.70710678118654757 -0 
1 40.5 -53.25 3 0.70710678118654757 -0.70710678118654757 0 
1 34.5 -59.25 3 0.70710678118654757 0.70710678118654757 0 
1 46.5 -59.25 3 -0.70710678118654757 -0.70710678118654757 -0 
1 40.5 -65.25 3 -0.70710678118654757 0.70710678118654757 0 
1 46.5 -53.25 3 0.70710678118654757 -0.70710678118654757 0 
1 40.5 -59.25 3 0.70710678118654757 0.70710678118654757 0 
1 52.5 -59.25 3 -0.70710678118654757 -0.70710678118654757 -0 
1 46.5 -65.25 3 -0.70710678118654757 0.70710678118654757 0 
1 52.5 -53.25 3 0.70710678118654757 -0.70710678118654757 0 
1 46.5 -59.25 3 0.70710678118654757 0.70710678118654757 0 
1 58.5 -59.25 3 -0.70710678118654757 -0.70710678118654757 -0 
1 52.5 -65.25 3 -0.70710678118654757 0.70710678118654757 0 
1 58.5 -53.25 3 0.70710678118654757 -0.70710678118654757 0 
1 52.5 -59.25 3 0.70710678118654757 0.70710678118654757 0 
1 64.5 -59.25 3 -0.70710678118654757 -0.70710678118654757 -0 
1 58.5 -65.25 3 -0.70710678118654757 0.70710678118654757 0 
1 64.5 -53.25 3 0.70710678118654757 -0.70710678118654757 0 
1 58.5 -59.25 3 0.70710678118654757 0.70710678118654757 0 
1 70.5 -59.25 3 -0.70710678118654757 -0.70710678118654757 -0 
1 64.5 -65.25 3 -0.70710678118654757 0.70710678118654757 0 
1 126.55799999999999 49.5 9 0 0 1 
1 126.55799999999999 -49.5 9 0 0 1 
7 0 0  1 2 2  -70.5 59.25 9  -65.700000000000003 59.25 12.75 
 0 2 1 2
1 -64.5 58.050000000000004 4.25 -0.70710678118654913 0.70710678118654602 0 
7 0 0  1 2 2  -64.5 53.25 9  -64.5 58.050000000000004 12.75 
 0 2 1 2
1 -63.299999999999997 59.25 4.25 -0.70710678118654913 -0.70710678118654602 -0 
7 0 0  1 2 2  -58.5 59.25 9  -63.299999999999997 59.25 12.75 
 0 2 1 2
1 -64.5 60.449999999999996 4.25 0.70710678118654913 -0.70710678118654602 0 
7 0 0  1 2 2  -64.5 65.25 9  -64.5 60.449999999999996 12.75 
 0 2 1 2
1 -65.700000000000003 59.25 4.25 0.70710678118654913 0.70710678118654602 0 
7 0 0  1 2 2  -64.5 59.25 9  -59.700000000000003 59.25 12.75 
 0 2 1 2
1 -58.5 58.050000000000004 4.25 -0.70710678118654913 0.70710678118654602 0 
7 0 0  1 2 2  -58.5 53.25 9  -58.5 58.050000000000004 12.75 
 0 2 1 2
1 -57.299999999999997 59.25 4.25 -0.70710678118654913 -0.70710678118654602 -0 
7 0 0  1 2 2  -52.5 59.25 9  -57.299999999999997 59.25 12.75 
 0 2 1 2
1 -58.5 60.449999999999996 4.25 0.70710678118654913 -0.70710678118654602 0 
7 0 0  1 2 2  -58.5 65.25 9  -58.5 60.449999999999996 12.75 
 0 2 1 2
1 -59.700000000000003 59.25 4.25 0.70710678118654913 0.70710678118654602 0 
7 0 0  1 2 2  -58.5 59.25 9  -53.700000000000003 59.25 12.75 
 0 2 1 2
1 -52.5 58.050000000000004 4.25 -0.70710678118654913 0.70710678118654602 0 
7 0 0  1 2 2  -52.5 53.25 9  -52.5 58.050000000000004 12.75 
 0 2 1 2
1 -51.299999999999997 59.25 4.25 -0.70710678118654913 -0.70710678118654602 -0 
7 0 0  1 2 2  -46.5 59.25 9  -51.299999999999997 59.25 12.75 
 0 2 1 2
1 -52.5 60.449999999999996 4.25 0.70710678118654913 -0.70710678118654602 0 
7 0 0  1 2 2  -52.5 65.25 9  -52.5 60.449999999999996 12.75 
 0 2 1 2
1 -53.700000000000003 59.25 4.25 0.70710678118654913 0.70710678118654602 0 
7 0 0  1 2 2  -52.5 59.25 9  -47.700000000000003 59.25 12.75 
 0 2 1 2
1 -46.5 58.050000000000004 4.25 -0.70710678118654913 0.70710678118654602 0 
7 0 0  1 2 2  -46.5 53.25 9  -46.5 58.050000000000004 12.75 
 0 2 1 2
1 -45.299999999999997 59.25 4.25 -0.70710678118654913 -0.70710678118654602 -0 
7 0 0  1 2 2  -40.5 59.25 9  -45.299999999999997 59.25 12.75 
 0 2 1 2
1 -46.5 60.449999999999996 4.25 0.70710678118654913 -0.70710678118654602 0 
7 0 0  1 2 2  -46.5 65.25 9  -46.5 60.449999999999996 12.75 
 0 2 1 2
1 -47.700000000000003 59.25 4.25 0.70710678118654913 0.70710678118654602 0 
7 0 0  1 2 2  -46.5 59.25 9  -41.700000000000003 59.25 12.75 
 0 2 1 2
1 -40.5 58.050000000000004 4.25 -0.70710678118654913 0.70710678118654602 0 
7 0 0  1 2 2  -40.5 53.25 9  -40.5 58.050000000000004 12.75 
 0 2 1 2
1 -39.299999999999997 59.25 4.25 -0.70710678118654913 -0.70710678118654602 -0 
7 0 0  1 2 2  -34.5 59.25 9  -39.299999999999997 59.25 12.75 
 0 2 1 2
1 -40.5 60.449999999999996 4.25 0.70710678118654913 -0.70710678118654602 0 
7 0 0  1 2 2  -40.5 65.25 9  -40.5 60.449999999999996 12.75 
 0 2 1 2
1 -41.700000000000003 59.25 4.25 0.70710678118654913 0.70710678118654602 0 
7 0 0  1 2 2  40.5 65.25 9  40.5 60.449999999999996 12.75 
 0 2 1 2
1 41.700000000000003 59.25 4.25 -0.70710678118654913 0.70710678118654602 0 
7 0 0  1 2 2  46.5 59.25 9  41.700000000000003 59.25 12.75 
 0 2 1 2
1 40.5 58.050000000000004 4.25 0.70710678118654913 0.70710678118654602 0 
7 0 0  1 2 2  40.5 53.25 9  40.5 58.050000000000004 12.75 
 0 2 1 2
7 0 0  1 2 2  34.5 59.25 9  39.299999999999997 59.25 12.75 
 0 2 1 2
1 40.5 60.449999999999996 4.25 -0.70710678118654913 -0.70710678118654602 0 
1 39.299999999999997 59.25 4.25 0.70710678118654913 -0.70710678118654602 0 
7 0 0  1 2 2  46.5 65.25 9  46.5 60.449999999999996 12.75 
 0 2 1 2
1 47.700000000000003 59.25 4.25 -0.70710678118654913 0.70710678118654602 0 
7 0 0  1 2 2  52.5 59.25 9  47.700000000000003 59.25 12.75 
 0 2 1 2
1 46.5 58.050000000000004 4.25 0.70710678118654913 0.70710678118654602 0 
7 0 0  1 2 2  46.5 53.25 9  46.5 58.050000000000004 12.75 
 0 2 1 2
7 0 0  1 2 2  40.5 59.25 9  45.299999999999997 59.25 12.75 
 0 2 1 2
1 46.5 60.449999999999996 4.25 -0.70710678118654913 -0.70710678118654602 0 
1 45.299999999999997 59.25 4.25 0.70710678118654913 -0.70710678118654602 0 
7 0 0  1 2 2  52.5 65.25 9  52.5 60.449999999999996 12.75 
 0 2 1 2
1 53.700000000000003 59.25 4.25 -0.70710678118654913 0.70710678118654602 0 
7 0 0  1 2 2  58.5 59.25 9  53.700000000000003 59.25 12.75 
 0 2 1 2
1 52.5 58.050000000000004 4.25 0.70710678118654913 0.70710678118654602 0 
7 0 0  1 2 2  52.5 53.25 9  52.5 58.050000000000004 12.75 
 0 2 1 2
7 0 0  1 2 2  46.5 59.25 9  51.299999999999997 59.25 12.75 
 0 2 1 2
1 52.5 60.449999999999996 4.25 -0.70710678118654913 -0.70710678118654602 0 
1 51.299999999999997 59.25 4.25 0.70710678118654913 -0.70710678118654602 0 
7 0 0  1 2 2  58.5 65.25 9  58.5 60.449999999999996 12.75 
 0 2 1 2
1 59.700000000000003 59.25 4.25 -0.70710678118654913 0.70710678118654602 0 
7 0 0  1 2 2  64.5 59.25 9  59.700000000000003 59.25 12.75 
 0 2 1 2
1 58.5 58.050000000000004 4.25 0.70710678118654913 0.70710678118654602 0 
7 0 0  1 2 2  58.5 53.25 9  58.5 58.050000000000004 12.75 
 0 2 1 2
7 0 0  1 2 2  52.5 59.25 9  57.299999999999997 59.25 12.75 
 0 2 1 2
1 58.5 60.449999999999996 4.25 -0.70710678118654913 -0.70710678118654602 0 
1 57.299999999999997 59.25 4.25 0.70710678118654913 -0.70710678118654602 0 
7 0 0  1 2 2  64.5 65.25 9  64.5 60.449999999999996 12.75 
 0 2 1 2
1 65.700000000000003 59.25 4.25 -0.70710678118654913 0.70710678118654602 0 
7 0 0  1 2 2  70.5 59.25 9  65.700000000000003 59.25 12.75 
 0 2 1 2
1 64.5 58.050000000000004 4.25 0.70710678118654913 0.70710678118654602 0 
7 0 0  1 2 2  64.5 53.25 9  64.5 58.050000000000004 12.75 
 0 2 1 2
7 0 0  1 2 2  58.5 59.25 9  63.299999999999997 59.25 12.75 
 0 2 1 2
1 64.5 60.449999999999996 4.25 -0.70710678118654913 -0.70710678118654602 0 
1 63.299999999999997 59.25 4.25 0.70710678118654913 -0.70710678118654602 0 
7 0 0  1 2 2  -121.19999999999999 -39.75 12  -124.94999999999999 -39.75 14.700000000000001 
 0 2 1 2
1 -126 -38.700000000000003 4.9000000000000004 0.70710678118654935 -0.7071067811865458 0 
7 0 0  1 2 2  -126 -34.950000000000003 12  -126 -38.700000000000003 14.700000000000001 
 0 2 1 2
1 -127.05000000000001 -39.75 4.9000000000000004 0.70710678118654935 0.7071067811865458 0 
7 0 0  1 2 2  -130.80000000000001 -39.75 12  -127.05000000000001 -39.75 14.700000000000001 
 0 2 1 2
1 -126 -40.799999999999997 4.9000000000000004 -0.70710678118654935 0.7071067811865458 0 
7 0 0  1 2 2  -126 -44.549999999999997 12  -126 -40.799999999999997 14.700000000000001 
 0 2 1 2
1 -124.94999999999999 -39.75 4.9000000000000004 -0.70710678118654935 -0.7071067811865458 -0 
7 0 0  1 2 2  -115.94999999999999 -39.75 12  -119.69999999999999 -39.75 14.700000000000001 
 0 2 1 2
1 -120.75 -38.700000000000003 4.9000000000000004 0.70710678118654935 -0.7071067811865458 0 
7 0 0  1 2 2  -120.75 -34.950000000000003 12  -120.75 -38.700000000000003 14.700000000000001 
 0 2 1 2
1 -121.80000000000001 -39.75 4.9000000000000004 0.70710678118654935 0.7071067811865458 0 
7 0 0  1 2 2  -125.55000000000001 -39.75 12  -121.80000000000001 -39.75 14.700000000000001 
 0 2 1 2
1 -120.75 -40.799999999999997 4.9000000000000004 -0.70710678118654935 0.7071067811865458 0 
7 0 0  1 2 2  -120.75 -44.549999999999997 12  -120.75 -40.799999999999997 14.700000000000001 
 0 2 1 2
1 -119.69999999999999 -39.75 4.9000000000000004 -0.70710678118654935 -0.7071067811865458 -0 
7 0 0  1 2 2  -110.69999999999999 -39.75 12  -114.44999999999999 -39.75 14.700000000000001 
 0 2 1 2
1 -115.5 -38.700000000000003 4.9000000000000004 0.70710678118654935 -0.7071067811865458 0 
7 0 0  1 2 2  -115.5 -34.950000000000003 12  -115.5 -38.700000000000003 14.700000000000001 
 0 2 1 2
1 -116.55000000000001 -39.75 4.9000000000000004 0.70710678118654935 0.7071067811865458 0 
7 0 0  1 2 2  -120.30000000000001 -39.75 12  -116.55000000000001 -39.75 14.700000000000001 
 0 2 1 2
1 -115.5 -40.799999999999997 4.9000000000000004 -0.70710678118654935 0.7071067811865458 0 
7 0 0  1 2 2  -115.5 -44.549999999999997 12  -115.5 -40.799999999999997 14.700000000000001 
 0 2 1 2
1 -114.44999999999999 -39.75 4.9000000000000004 -0.70710678118654935 -0.7071067811865458 -0 
7 0 0  1 2 2  -105.44999999999999 -39.75 12  -109.19999999999999 -39.75 14.700000000000001 
 0 2 1 2
1 -110.25 -38.700000000000003 4.9000000000000004 0.70710678118654935 -0.7071067811865458 0 
7 0 0  1 2 2  -110.25 -34.950000000000003 12  -110.25 -38.700000000000003 14.700000000000001 
 0 2 1 2
1 -111.30000000000001 -39.75 4.9000000000000004 0.70710678118654935 0.7071067811865458 0 
7 0 0  1 2 2  -115.05000000000001 -39.75 12  -111.30000000000001 -39.75 14.700000000000001 
 0 2 1 2
1 -110.25 -40.799999999999997 4.9000000000000004 -0.70710678118654935 0.7071067811865458 0 
7 0 0  1 2 2  -110.25 -44.549999999999997 12  -110.25 -40.799999999999997 14.700000000000001 
 0 2 1 2
1 -109.19999999999999 -39.75 4.9000000000000004 -0.70710678118654935 -0.7071067811865458 -0 
7 0 0  1 2 2  -100.19999999999999 -39.75 12  -103.94999999999999 -39.75 14.700000000000001 
 0 2 1 2
1 -105 -38.700000000000003 4.9000000000000004 0.70710678118654935 -0.7071067811865458 0 
7 0 0  1 2 2  -105 -34.950000000000003 12  -105 -38.700000000000003 14.700000000000001 
 0 2 1 2
1 -106.05000000000001 -39.75 4.9000000000000004 0.70710678118654935 0.7071067811865458 0 
7 0 0  1 2 2  -109.80000000000001 -39.75 12  -106.05000000000001 -39.75 14.700000000000001 
 0 2 1 2
1 -105 -40.799999999999997 4.9000000000000004 -0.70710678118654935 0.7071067811865458 0 
7 0 0  1 2 2  -105 -44.549999999999997 12  -105 -40.799999999999997 14.700000000000001 
 0 2 1 2
1 -103.94999999999999 -39.75 4.9000000000000004 -0.70710678118654935 -0.7071067811865458 -0 
7 0 0  1 2 2  -94.949999999999989 -39.75 12  -98.699999999999989 -39.75 14.700000000000001 
 0 2 1 2
1 -99.75 -38.700000000000003 4.9000000000000004 0.70710678118654935 -0.7071067811865458 0 
7 0 0  1 2 2  -99.75 -34.950000000000003 12  -99.75 -38.700000000000003 14.700000000000001 
 0 2 1 2
1 -100.80000000000001 -39.75 4.9000000000000004 0.70710678118654935 0.7071067811865458 0 
7 0 0  1 2 2  -104.55000000000001 -39.75 12  -100.80000000000001 -39.75 14.700000000000001 
 0 2 1 2
1 -99.75 -40.799999999999997 4.9000000000000004 -0.70710678118654935 0.7071067811865458 0 
7 0 0  1 2 2  -99.75 -44.549999999999997 12  -99.75 -40.799999999999997 14.700000000000001 
 0 2 1 2
1 -98.699999999999989 -39.75 4.9000000000000004 -0.70710678118654935 -0.7071067811865458 -0 
7 0 0  1 2 2  -89.699999999999989 -39.75 12  -93.449999999999989 -39.75 14.700000000000001 
 0 2 1 2
1 -94.5 -38.700000000000003 4.9000000000000004 0.70710678118654935 -0.7071067811865458 0 
7 0 0  1 2 2  -94.5 -34.950000000000003 12  -94.5 -38.700000000000003 14.700000000000001 
 0 2 1 2
1 -95.550000000000011 -39.75 4.9000000000000004 0.70710678118654935 0.7071067811865458 0 
7 0 0  1 2 2  -99.300000000000011 -39.75 12  -95.550000000000011 -39.75 14.700000000000001 
 0 2 1 2
1 -94.5 -40.799999999999997 4.9000000000000004 -0.70710678118654935 0.7071067811865458 0 
7 0 0  1 2 2  -94.5 -44.549999999999997 12  -94.5 -40.799999999999997 14.700000000000001 
 0 2 1 2
1 -93.449999999999989 -39.75 4.9000000000000004 -0.70710678118654935 -0.7071067811865458 -0 
7 0 0  1 2 2  -84.449999999999989 -39.75 12  -88.199999999999989 -39.75 14.700000000000001 
 0 2 1 2
1 -89.25 -38.700000000000003 4.9000000000000004 0.70710678118654935 -0.7071067811865458 0 
7 0 0  1 2 2  -89.25 -34.950000000000003 12  -89.25 -38.700000000000003 14.700000000000001 
 0 2 1 2
1 -90.300000000000011 -39.75 4.9000000000000004 0.70710678118654935 0.7071067811865458 0 
7 0 0  1 2 2  -94.050000000000011 -39.75 12  -90.300000000000011 -39.75 14.700000000000001 
 0 2 1 2
1 -89.25 -40.799999999999997 4.9000000000000004 -0.70710678118654935 0.7071067811865458 0 
7 0 0  1 2 2  -89.25 -44.549999999999997 12  -89.25 -40.799999999999997 14.700000000000001 
 0 2 1 2
1 -88.199999999999989 -39.75 4.9000000000000004 -0.70710678118654935 -0.7071067811865458 -0 
7 0 0  1 2 2  -79.199999999999989 -39.75 12  -82.949999999999989 -39.75 14.700000000000001 
 0 2 1 2
1 -84 -38.700000000000003 4.9000000000000004 0.70710678118654935 -0.7071067811865458 0 
7 0 0  1 2 2  -84 -34.950000000000003 12  -84 -38.700000000000003 14.700000000000001 
 0 2 1 2
1 -85.050000000000011 -39.75 4.9000000000000004 0.70710678118654935 0.7071067811865458 0 
7 0 0  1 2 2  -88.800000000000011 -39.75 12  -85.050000000000011 -39.75 14.700000000000001 
 0 2 1 2
1 -84 -40.799999999999997 4.9000000000000004 -0.70710678118654935 0.7071067811865458 0 
7 0 0  1 2 2  -84 -44.549999999999997 12  -84 -40.799999999999997 14.700000000000001 
 0 2 1 2
1 -82.949999999999989 -39.75 4.9000000000000004 -0.70710678118654935 -0.7071067811865458 -0 
7 0 0  1 2 2  -73.949999999999989 -39.75 12  -77.699999999999989 -39.75 14.700000000000001 
 0 2 1 2
1 -78.75 -38.700000000000003 4.9000000000000004 0.70710678118654935 -0.7071067811865458 0 
7 0 0  1 2 2  -78.75 -34.950000000000003 12  -78.75 -38.700000000000003 14.700000000000001 
 0 2 1 2
1 -79.800000000000011 -39.75 4.9000000000000004 0.70710678118654935 0.7071067811865458 0 
7 0 0  1 2 2  -83.550000000000011 -39.75 12  -79.800000000000011 -39.75 14.700000000000001 
 0 2 1 2
1 -78.75 -40.799999999999997 4.9000000000000004 -0.70710678118654935 0.7071067811865458 0 
7 0 0  1 2 2  -78.75 -44.549999999999997 12  -78.75 -40.799999999999997 14.700000000000001 
 0 2 1 2
1 -77.699999999999989 -39.75 4.9000000000000004 -0.70710678118654935 -0.7071067811865458 -0 
7 0 0  1 2 2  -68.699999999999989 -39.75 12  -72.449999999999989 -39.75 14.700000000000001 
 0 2 1 2
1 -73.5 -38.700000000000003 4.9000000000000004 0.70710678118654935 -0.7071067811865458 0 
7 0 0  1 2 2  -73.5 -34.950000000000003 12  -73.5 -38.700000000000003 14.700000000000001 
 0 2 1 2
1 -74.550000000000011 -39.75 4.9000000000000004 0.70710678118654935 0.7071067811865458 0 
7 0 0  1 2 2  -78.300000000000011 -39.75 12  -74.550000000000011 -39.75 14.700000000000001 
 0 2 1 2
1 -73.5 -40.799999999999997 4.9000000000000004 -0.70710678118654935 0.7071067811865458 0 
7 0 0  1 2 2  -73.5 -44.549999999999997 12  -73.5 -40.799999999999997 14.700000000000001 
 0 2 1 2
1 -72.449999999999989 -39.75 4.9000000000000004 -0.70710678118654935 -0.7071067811865458 -0 
7 0 0  1 2 2  -63.449999999999989 -39.75 12  -67.199999999999989 -39.75 14.700000000000001 
 0 2 1 2
1 -68.25 -38.700000000000003 4.9000000000000004 0.70710678118654935 -0.7071067811865458 0 
7 0 0  1 2 2  -68.25 -34.950000000000003 12  -68.25 -38.700000000000003 14.700000000000001 
 0 2 1 2
1 -69.300000000000011 -39.75 4.9000000000000004 0.70710678118654935 0.7071067811865458 0 
7 0 0  1 2 2  -73.050000000000011 -39.75 12  -69.300000000000011 -39.75 14.700000000000001 
 0 2 1 2
1 -68.25 -40.799999999999997 4.9000000000000004 -0.70710678118654935 0.7071067811865458 0 
7 0 0  1 2 2  -68.25 -44.549999999999997 12  -68.25 -40.799999999999997 14.700000000000001 
 0 2 1 2
1 -67.199999999999989 -39.75 4.9000000000000004 -0.70710678118654935 -0.7071067811865458 -0 
7 0 0  1 2 2  -58.199999999999989 -39.75 12  -61.949999999999989 -39.75 14.700000000000001 
 0 2 1 2
1 -63 -38.700000000000003 4.9000000000000004 0.70710678118654935 -0.7071067811865458 0 
7 0 0  1 2 2  -63 -34.950000000000003 12  -63 -38.700000000000003 14.700000000000001 
 0 2 1 2
1 -64.050000000000011 -39.75 4.9000000000000004 0.70710678118654935 0.7071067811865458 0 
7 0 0  1 2 2  -67.800000000000011 -39.75 12  -64.050000000000011 -39.75 14.700000000000001 
 0 2 1 2
1 -63 -40.799999999999997 4.9000000000000004 -0.70710678118654935 0.7071067811865458 0 
7 0 0  1 2 2  -63 -44.549999999999997 12  -63 -40.799999999999997 14.700000000000001 
 0 2 1 2
1 -61.949999999999989 -39.75 4.9000000000000004 -0.70710678118654935 -0.7071067811865458 -0 
7 0 0  1 2 2  -52.949999999999989 -39.75 12  -56.699999999999989 -39.75 14.700000000000001 
 0 2 1 2
1 -57.75 -38.700000000000003 4.9000000000000004 0.70710678118654935 -0.7071067811865458 0 
7 0 0  1 2 2  -57.75 -34.950000000000003 12  -57.75 -38.700000000000003 14.700000000000001 
 0 2 1 2
1 -58.800000000000011 -39.75 4.9000000000000004 0.70710678118654935 0.7071067811865458 0 
7 0 0  1 2 2  -62.550000000000011 -39.75 12  -58.800000000000011 -39.75 14.700000000000001 
 0 2 1 2
1 -57.75 -40.799999999999997 4.9000000000000004 -0.70710678118654935 0.7071067811865458 0 
7 0 0  1 2 2  -57.75 -44.549999999999997 12  -57.75 -40.799999999999997 14.700000000000001 
 0 2 1 2
1 -56.699999999999989 -39.75 4.9000000000000004 -0.70710678118654935 -0.7071067811865458 -0 
7 0 0  1 2 2  -47.699999999999989 -39.75 12  -51.449999999999989 -39.75 14.700000000000001 
 0 2 1 2
1 -52.5 -38.700000000000003 4.9000000000000004 0.70710678118654935 -0.7071067811865458 0 
7 0 0  1 2 2  -52.5 -34.950000000000003 12  -52.5 -38.700000000000003 14.700000000000001 
 0 2 1 2
1 -53.550000000000011 -39.75 4.9000000000000004 0.70710678118654935 0.7071067811865458 0 
7 0 0  1 2 2  -57.300000000000011 -39.75 12  -53.550000000000011 -39.75 14.700000000000001 
 0 2 1 2
1 -52.5 -40.799999999999997 4.9000000000000004 -0.70710678118654935 0.7071067811865458 0 
7 0 0  1 2 2  -52.5 -44.549999999999997 12  -52.5 -40.799999999999997 14.700000000000001 
 0 2 1 2
1 -51.449999999999989 -39.75 4.9000000000000004 -0.70710678118654935 -0.7071067811865458 -0 
7 0 0  1 2 2  -42.449999999999989 -39.75 12  -46.199999999999989 -39.75 14.700000000000001 
 0 2 1 2
1 -47.25 -38.700000000000003 4.9000000000000004 0.70710678118654935 -0.7071067811865458 0 
7 0 0  1 2 2  -47.25 -34.950000000000003 12  -47.25 -38.700000000000003 14.700000000000001 
 0 2 1 2
1 -48.300000000000011 -39.75 4.9000000000000004 0.70710678118654935 0.7071067811865458 0 
7 0 0  1 2 2  -52.050000000000011 -39.75 12  -48.300000000000011 -39.75 14.700000000000001 
 0 2 1 2
1 -47.25 -40.799999999999997 4.9000000000000004 -0.70710678118654935 0.7071067811865458 0 
7 0 0  1 2 2  -47.25 -44.549999999999997 12  -47.25 -40.799999999999997 14.700000000000001 
 0 2 1 2
1 -46.199999999999989 -39.75 4.9000000000000004 -0.70710678118654935 -0.7071067811865458 -0 
7 0 0  1 2 2  -37.199999999999989 -39.75 12  -40.949999999999989 -39.75 14.700000000000001 
 0 2 1 2
1 -42 -38.700000000000003 4.9000000000000004 0.70710678118654935 -0.7071067811865458 0 
7 0 0  1 2 2  -42 -34.950000000000003 12  -42 -38.700000000000003 14.700000000000001 
 0 2 1 2
1 -43.050000000000011 -39.75 4.9000000000000004 0.70710678118654935 0.7071067811865458 0 
7 0 0  1 2 2  -46.800000000000011 -39.75 12  -43.050000000000011 -39.75 14.700000000000001 
 0 2 1 2
1 -42 -40.799999999999997 4.9000000000000004 -0.70710678118654935 0.7071067811865458 0 
7 0 0  1 2 2  -42 -44.549999999999997 12  -42 -40.799999999999997 14.700000000000001 
 0 2 1 2
1 -40.949999999999989 -39.75 4.9000000000000004 -0.70710678118654935 -0.7071067811865458 -0 
7 0 0  1 2 2  -126 44.549999999999997 12  -126 40.799999999999997 14.700000000000001 
 0 2 1 2
1 -124.94999999999999 39.75 4.9000000000000004 -0.70710678118654935 0.7071067811865458 0 
7 0 0  1 2 2  -121.19999999999999 39.75 12  -124.94999999999999 39.75 14.700000000000001 
 0 2 1 2
1 -126 38.700000000000003 4.9000000000000004 0.70710678118654935 0.7071067811865458 0 
7 0 0  1 2 2  -126 34.950000000000003 12  -126 38.700000000000003 14.700000000000001 
 0 2 1 2
7 0 0  1 2 2  -130.80000000000001 39.75 12  -127.05000000000001 39.75 14.700000000000001 
 0 2 1 2
1 -126 40.799999999999997 4.9000000000000004 -0.70710678118654935 -0.7071067811865458 0 
1 -127.05000000000001 39.75 4.9000000000000004 0.70710678118654935 -0.7071067811865458 0 
7 0 0  1 2 2  -120.75 44.549999999999997 12  -120.75 40.799999999999997 14.700000000000001 
 0 2 1 2
1 -119.69999999999999 39.75 4.9000000000000004 -0.70710678118654935 0.7071067811865458 0 
7 0 0  1 2 2  -115.94999999999999 39.75 12  -119.69999999999999 39.75 14.700000000000001 
 0 2 1 2
1 -120.75 38.700000000000003 4.9000000000000004 0.70710678118654935 0.7071067811865458 0 
7 0 0  1 2 2  -120.75 34.950000000000003 12  -120.75 38.700000000000003 14.700000000000001 
 0 2 1 2
7 0 0  1 2 2  -125.55000000000001 39.75 12  -121.80000000000001 39.75 14.700000000000001 
 0 2 1 2
1 -120.75 40.799999999999997 4.9000000000000004 -0.70710678118654935 -0.7071067811865458 0 
1 -121.80000000000001 39.75 4.9000000000000004 0.70710678118654935 -0.7071067811865458 0 
7 0 0  1 2 2  -115.5 44.549999999999997 12  -115.5 40.799999999999997 14.700000000000001 
 0 2 1 2
1 -114.44999999999999 39.75 4.9000000000000004 -0.70710678118654935 0.7071067811865458 0 
7 0 0  1 2 2  -110.69999999999999 39.75 12  -114.44999999999999 39.75 14.700000000000001 
 0 2 1 2
1 -115.5 38.700000000000003 4.9000000000000004 0.70710678118654935 0.7071067811865458 0 
7 0 0  1 2 2  -115.5 34.950000000000003 12  -115.5 38.700000000000003 14.700000000000001 
 0 2 1 2
7 0 0  1 2 2  -120.30000000000001 39.75 12  -116.55000000000001 39.75 14.700000000000001 
 0 2 1 2
1 -115.5 40.799999999999997 4.9000000000000004 -0.70710678118654935 -0.7071067811865458 0 
1 -116.55000000000001 39.75 4.9000000000000004 0.70710678118654935 -0.7071067811865458 0 
7 0 0  1 2 2  -110.25 44.549999999999997 12  -110.25 40.799999999999997 14.700000000000001 
 0 2 1 2
1 -109.19999999999999 39.75 4.9000000000000004 -0.70710678118654935 0.7071067811865458 0 
7 0 0  1 2 2  -105.44999999999999 39.75 12  -109.19999999999999 39.75 14.700000000000001 
 0 2 1 2
1 -110.25 38.700000000000003 4.9000000000000004 0.70710678118654935 0.7071067811865458 0 
7 0 0  1 2 2  -110.25 34.950000000000003 12  -110.25 38.700000000000003 14.700000000000001 
 0 2 1 2
7 0 0  1 2 2  -115.05000000000001 39.75 12  -111.30000000000001 39.75 14.700000000000001 
 0 2 1 2
1 -110.25 40.799999999999997 4.9000000000000004 -0.70710678118654935 -0.7071067811865458 0 
1 -111.30000000000001 39.75 4.9000000000000004 0.70710678118654935 -0.7071067811865458 0 
7 0 0  1 2 2  -105 44.549999999999997 12  -105 40.799999999999997 14.700000000000001 
 0 2 1 2
1 -103.94999999999999 39.75 4.9000000000000004 -0.70710678118654935 0.7071067811865458 0 
7 0 0  1 2 2  -100.19999999999999 39.75 12  -103.94999999999999 39.75 14.700000000000001 
 0 2 1 2
1 -105 38.700000000000003 4.9000000000000004 0.70710678118654935 0.7071067811865458 0 
7 0 0  1 2 2  -105 34.950000000000003 12  -105 38.700000000000003 14.700000000000001 
 0 2 1 2
7 0 0  1 2 2  -109.80000000000001 39.75 12  -106.05000000000001 39.75 14.700000000000001 
 0 2 1 2
1 -105 40.799999999999997 4.9000000000000004 -0.70710678118654935 -0.7071067811865458 0 
1 -106.05000000000001 39.75 4.9000000000000004 0.70710678118654935 -0.7071067811865458 0 
7 0 0  1 2 2  -99.75 44.549999999999997 12  -99.75 40.799999999999997 14.700000000000001 
 0 2 1 2
1 -98.699999999999989 39.75 4.9000000000000004 -0.70710678118654935 0.7071067811865458 0 
7 0 0  1 2 2  -94.949999999999989 39.75 12  -98.699999999999989 39.75 14.700000000000001 
 0 2 1 2
1 -99.75 38.700000000000003 4.9000000000000004 0.70710678118654935 0.7071067811865458 0 
7 0 0  1 2 2  -99.75 34.950000000000003 12  -99.75 38.700000000000003 14.700000000000001 
 0 2 1 2
7 0 0  1 2 2  -104.55000000000001 39.75 12  -100.80000000000001 39.75 14.700000000000001 
 0 2 1 2
1 -99.75 40.799999999999997 4.9000000000000004 -0.70710678118654935 -0.7071067811865458 0 
1 -100.80000000000001 39.75 4.9000000000000004 0.70710678118654935 -0.7071067811865458 0 
7 0 0  1 2 2  -94.5 44.549999999999997 12  -94.5 40.799999999999997 14.700000000000001 
 0 2 1 2
1 -93.449999999999989 39.75 4.9000000000000004 -0.70710678118654935 0.7071067811865458 0 
7 0 0  1 2 2  -89.699999999999989 39.75 12  -93.449999999999989 39.75 14.700000000000001 
 0 2 1 2
1 -94.5 38.700000000000003 4.9000000000000004 0.70710678118654935 0.7071067811865458 0 
7 0 0  1 2 2  -94.5 34.950000000000003 12  -94.5 38.700000000000003 14.700000000000001 
 0 2 1 2
7 0 0  1 2 2  -99.300000000000011 39.75 12  -95.550000000000011 39.75 14.700000000000001 
 0 2 1 2
1 -94.5 40.799999999999997 4.9000000000000004 -0.70710678118654935 -0.7071067811865458 0 
1 -95.550000000000011 39.75 4.9000000000000004 0.70710678118654935 -0.7071067811865458 0 
7 0 0  1 2 2  -89.25 44.549999999999997 12  -89.25 40.799999999999997 14.700000000000001 
 0 2 1 2
1 -88.199999999999989 39.75 4.9000000000000004 -0.70710678118654935 0.7071067811865458 0 
7 0 0  1 2 2  -84.449999999999989 39.75 12  -88.199999999999989 39.75 14.700000000000001 
 0 2 1 2
1 -89.25 38.700000000000003 4.9000000000000004 0.70710678118654935 0.7071067811865458 0 
7 0 0  1 2 2  -89.25 34.950000000000003 12  -89.25 38.700000000000003 14.700000000000001 
 0 2 1 2
7 0 0  1 2 2  -94.050000000000011 39.75 12  -90.300000000000011 39.75 14.700000000000001 
 0 2 1 2
1 -89.25 40.799999999999997 4.9000000000000004 -0.70710678118654935 -0.7071067811865458 0 
1 -90.300000000000011 39.75 4.9000000000000004 0.70710678118654935 -0.7071067811865458 0 
1 132 -18 12 0 0 1 
1 132 18 12 0 0 1 
1 132 -18 4.6500000000000004 0 1 0 
1 120 -30 12 0 0 1 
2 120.00074637899817 -18.00074637899818 4.6500000000000004 0 0 1 -6.2202118590909498e-05 -0.99999999806544826 0 0.99999999806544826 -6.2202118590909498e-05 0 11.999253644214999
1 120 30 12 0 0 1 
2 120.00074637899817 18.00074637899818 4.6500000000000004 -0 0 1 0.99999999806544826 -6.2202118590909498e-05 0 6.2202118590909498e-05 0.99999999806544826 0 11.999253644214999
1 -120 -30 12 0 0 1 
1 -120 -30 4.6500000000000004 1 0 0 
1 -120 30 12 0 0 1 
1 120 30 4.6500000000000004 -1 0 0 
1 -132 -18 12 0 0 1 
2 -120.00074637899817 -18.00074637899818 4.6500000000000004 0 0 1 -0.99999999806544826 6.2202118590909498e-05 0 -6.2202118590909498e-05 -0.99999999806544826 0 11.999253644214999
1 -132 18 12 0 0 1 
2 -120.00074637899817 18.00074637899818 4.6500000000000004 0 -0 1 6.2202118590909498e-05 0.99999999806544826 0 -0.99999999806544826 6.2202118590909498e-05 0 11.999253644214999
1 -132 18 4.6500000000000004 0 -1 0 
7 0 0  1 2 2  -84 44.549999999999997 12  -84 40.799999999999997 14.700000000000001 
 0 2 1 2
1 -82.949999999999989 39.75 4.9000000000000004 -0.70710678118654935 0.7071067811865458 0 
7 0 0  1 2 2  -79.199999999999989 39.75 12  -82.949999999999989 39.75 14.700000000000001 
 0 2 1 2
1 -84 38.700000000000003 4.9000000000000004 0.70710678118654935 0.7071067811865458 0 
7 0 0  1 2 2  -84 34.950000000000003 12  -84 38.700000000000003 14.700000000000001 
 0 2 1 2
7 0 0  1 2 2  -88.800000000000011 39.75 12  -85.050000000000011 39.75 14.700000000000001 
 0 2 1 2
1 -84 40.799999999999997 4.9000000000000004 -0.70710678118654935 -0.7071067811865458 0 
1 -85.050000000000011 39.75 4.9000000000000004 0.70710678118654935 -0.7071067811865458 0 
7 0 0  1 2 2  -78.75 44.549999999999997 12  -78.75 40.799999999999997 14.700000000000001 
 0 2 1 2
1 -77.699999999999989 39.75 4.9000000000000004 -0.70710678118654935 0.7071067811865458 0 
7 0 0  1 2 2  -73.949999999999989 39.75 12  -77.699999999999989 39.75 14.700000000000001 
 0 2 1 2
1 -78.75 38.700000000000003 4.9000000000000004 0.70710678118654935 0.7071067811865458 0 
7 0 0  1 2 2  -78.75 34.950000000000003 12  -78.75 38.700000000000003 14.700000000000001 
 0 2 1 2
7 0 0  1 2 2  -83.550000000000011 39.75 12  -79.800000000000011 39.75 14.700000000000001 
 0 2 1 2
1 -78.75 40.799999999999997 4.9000000000000004 -0.70710678118654935 -0.7071067811865458 0 
1 -79.800000000000011 39.75 4.9000000000000004 0.70710678118654935 -0.7071067811865458 0 
7 0 0  1 2 2  -73.5 44.549999999999997 12  -73.5 40.799999999999997 14.700000000000001 
 0 2 1 2
1 -72.449999999999989 39.75 4.9000000000000004 -0.70710678118654935 0.7071067811865458 0 
7 0 0  1 2 2  -68.699999999999989 39.75 12  -72.449999999999989 39.75 14.700000000000001 
 0 2 1 2
1 -73.5 38.700000000000003 4.9000000000000004 0.70710678118654935 0.7071067811865458 0 
7 0 0  1 2 2  -73.5 34.950000000000003 12  -73.5 38.700000000000003 14.700000000000001 
 0 2 1 2
7 0 0  1 2 2  -78.300000000000011 39.75 12  -74.550000000000011 39.75 14.700000000000001 
 0 2 1 2
1 -73.5 40.799999999999997 4.9000000000000004 -0.70710678118654935 -0.7071067811865458 0 
1 -74.550000000000011 39.75 4.9000000000000004 0.70710678118654935 -0.7071067811865458 0 
7 0 0  1 2 2  -68.25 44.549999999999997 12  -68.25 40.799999999999997 14.700000000000001 
 0 2 1 2
1 -67.199999999999989 39.75 4.9000000000000004 -0.70710678118654935 0.7071067811865458 0 
7 0 0  1 2 2  -63.449999999999989 39.75 12  -67.199999999999989 39.75 14.700000000000001 
 0 2 1 2
1 -68.25 38.700000000000003 4.9000000000000004 0.70710678118654935 0.7071067811865458 0 
7 0 0  1 2 2  -68.25 34.950000000000003 12  -68.25 38.700000000000003 14.700000000000001 
 0 2 1 2
7 0 0  1 2 2  -73.050000000000011 39.75 12  -69.300000000000011 39.75 14.700000000000001 
 0 2 1 2
1 -68.25 40.799999999999997 4.9000000000000004 -0.70710678118654935 -0.7071067811865458 0 
1 -69.300000000000011 39.75 4.9000000000000004 0.70710678118654935 -0.7071067811865458 0 
7 0 0  1 2 2  -63 44.549999999999997 12  -63 40.799999999999997 14.700000000000001 
 0 2 1 2
1 -61.949999999999989 39.75 4.9000000000000004 -0.70710678118654935 0.7071067811865458 0 
7 0 0  1 2 2  -58.199999999999989 39.75 12  -61.949999999999989 39.75 14.700000000000001 
 0 2 1 2
1 -63 38.700000000000003 4.9000000000000004 0.70710678118654935 0.7071067811865458 0 
7 0 0  1 2 2  -63 34.950000000000003 12  -63 38.700000000000003 14.700000000000001 
 0 2 1 2
7 0 0  1 2 2  -67.800000000000011 39.75 12  -64.050000000000011 39.75 14.700000000000001 
 0 2 1 2
1 -63 40.799999999999997 4.9000000000000004 -0.70710678118654935 -0.7071067811865458 0 
1 -64.050000000000011 39.75 4.9000000000000004 0.70710678118654935 -0.7071067811865458 0 
7 0 0  1 2 2  -57.75 44.549999999999997 12  -57.75 40.799999999999997 14.700000000000001 
 0 2 1 2
1 -56.699999999999989 39.75 4.9000000000000004 -0.70710678118654935 0.7071067811865458 0 
7 0 0  1 2 2  -52.949999999999989 39.75 12  -56.699999999999989 39.75 14.700000000000001 
 0 2 1 2
1 -57.75 38.700000000000003 4.9000000000000004 0.70710678118654935 0.7071067811865458 0 
7 0 0  1 2 2  -57.75 34.950000000000003 12  -57.75 38.700000000000003 14.700000000000001 
 0 2 1 2
7 0 0  1 2 2  -62.550000000000011 39.75 12  -58.800000000000011 39.75 14.700000000000001 
 0 2 1 2
1 -57.75 40.799999999999997 4.9000000000000004 -0.70710678118654935 -0.7071067811865458 0 
1 -58.800000000000011 39.75 4.9000000000000004 0.70710678118654935 -0.7071067811865458 0 
7 0 0  1 2 2  -52.5 44.549999999999997 12  -52.5 40.799999999999997 14.700000000000001 
 0 2 1 2
1 -51.449999999999989 39.75 4.9000000000000004 -0.70710678118654935 0.7071067811865458 0 
7 0 0  1 2 2  -47.699999999999989 39.75 12  -51.449999999999989 39.75 14.700000000000001 
 0 2 1 2
1 -52.5 38.700000000000003 4.9000000000000004 0.70710678118654935 0.7071067811865458 0 
7 0 0  1 2 2  -52.5 34.950000000000003 12  -52.5 38.700000000000003 14.700000000000001 
 0 2 1 2
7 0 0  1 2 2  -57.300000000000011 39.75 12  -53.550000000000011 39.75 14.700000000000001 
 0 2 1 2
1 -52.5 40.799999999999997 4.9000000000000004 -0.70710678118654935 -0.7071067811865458 0 
1 -53.550000000000011 39.75 4.9000000000000004 0.70710678118654935 -0.7071067811865458 0 
7 0 0  1 2 2  -47.25 44.549999999999997 12  -47.25 40.799999999999997 14.700000000000001 
 0 2 1 2
1 -46.199999999999989 39.75 4.9000000000000004 -0.70710678118654935 0.7071067811865458 0 
7 0 0  1 2 2  -42.449999999999989 39.75 12  -46.199999999999989 39.75 14.700000000000001 
 0 2 1 2
1 -47.25 38.700000000000003 4.9000000000000004 0.70710678118654935 0.7071067811865458 0 
7 0 0  1 2 2  -47.25 34.950000000000003 12  -47.25 38.700000000000003 14.700000000000001 
 0 2 1 2
7 0 0  1 2 2  -52.050000000000011 39.75 12  -48.300000000000011 39.75 14.700000000000001 
 0 2 1 2
1 -47.25 40.799999999999997 4.9000000000000004 -0.70710678118654935 -0.7071067811865458 0 
1 -48.300000000000011 39.75 4.9000000000000004 0.70710678118654935 -0.7071067811865458 0 
7 0 0  1 2 2  -42 44.549999999999997 12  -42 40.799999999999997 14.700000000000001 
 0 2 1 2
1 -40.949999999999989 39.75 4.9000000000000004 -0.70710678118654935 0.7071067811865458 0 
7 0 0  1 2 2  -37.199999999999989 39.75 12  -40.949999999999989 39.75 14.700000000000001 
 0 2 1 2
1 -42 38.700000000000003 4.9000000000000004 0.70710678118654935 0.7071067811865458 0 
7 0 0  1 2 2  -42 34.950000000000003 12  -42 38.700000000000003 14.700000000000001 
 0 2 1 2
7 0 0  1 2 2  -46.800000000000011 39.75 12  -43.050000000000011 39.75 14.700000000000001 
 0 2 1 2
1 -42 40.799999999999997 4.9000000000000004 -0.70710678118654935 -0.7071067811865458 0 
1 -43.050000000000011 39.75 4.9000000000000004 0.70710678118654935 -0.7071067811865458 0 
7 0 0  1 2 2  -64.5 -65.25 9  -64.5 -60.449999999999996 12.75 
 0 2 1 2
1 -65.700000000000003 -59.25 4.25 0.70710678118654913 -0.70710678118654602 0 
7 0 0  1 2 2  -70.5 -59.25 9  -65.700000000000003 -59.25 12.75 
 0 2 1 2
7 0 0  1 2 2  -58.5 -59.25 9  -63.299999999999997 -59.25 12.75 
 0 2 1 2
1 -64.5 -60.449999999999996 4.25 0.70710678118654913 0.70710678118654602 0 
7 0 0  1 2 2  -64.5 -53.25 9  -64.5 -58.050000000000004 12.75 
 0 2 1 2
1 -63.299999999999997 -59.25 4.25 -0.70710678118654913 0.70710678118654602 0 
1 -64.5 -58.050000000000004 4.25 -0.70710678118654913 -0.70710678118654602 -0 
7 0 0  1 2 2  -58.5 -65.25 9  -58.5 -60.449999999999996 12.75 
 0 2 1 2
1 -59.700000000000003 -59.25 4.25 0.70710678118654913 -0.70710678118654602 0 
7 0 0  1 2 2  -64.5 -59.25 9  -59.700000000000003 -59.25 12.75 
 0 2 1 2
7 0 0  1 2 2  -52.5 -59.25 9  -57.299999999999997 -59.25 12.75 
 0 2 1 2
1 -58.5 -60.449999999999996 4.25 0.70710678118654913 0.70710678118654602 0 
7 0 0  1 2 2  -58.5 -53.25 9  -58.5 -58.050000000000004 12.75 
 0 2 1 2
1 -57.299999999999997 -59.25 4.25 -0.70710678118654913 0.70710678118654602 0 
1 -58.5 -58.050000000000004 4.25 -0.70710678118654913 -0.70710678118654602 -0 
7 0 0  1 2 2  -52.5 -65.25 9  -52.5 -60.449999999999996 12.75 
 0 2 1 2
1 -53.700000000000003 -59.25 4.25 0.70710678118654913 -0.70710678118654602 0 
7 0 0  1 2 2  -58.5 -59.25 9  -53.700000000000003 -59.25 12.75 
 0 2 1 2
7 0 0  1 2 2  -46.5 -59.25 9  -51.299999999999997 -59.25 12.75 
 0 2 1 2
1 -52.5 -60.449999999999996 4.25 0.70710678118654913 0.70710678118654602 0 
7 0 0  1 2 2  -52.5 -53.25 9  -52.5 -58.050000000000004 12.75 
 0 2 1 2
1 -51.299999999999997 -59.25 4.25 -0.70710678118654913 0.70710678118654602 0 
1 -52.5 -58.050000000000004 4.25 -0.70710678118654913 -0.70710678118654602 -0 
7 0 0  1 2 2  -46.5 -65.25 9  -46.5 -60.449999999999996 12.75 
 0 2 1 2
1 -47.700000000000003 -59.25 4.25 0.70710678118654913 -0.70710678118654602 0 
7 0 0  1 2 2  -52.5 -59.25 9  -47.700000000000003 -59.25 12.75 
 0 2 1 2
7 0 0  1 2 2  -40.5 -59.25 9  -45.299999999999997 -59.25 12.75 
 0 2 1 2
1 -46.5 -60.449999999999996 4.25 0.70710678118654913 0.70710678118654602 0 
7 0 0  1 2 2  -46.5 -53.25 9  -46.5 -58.050000000000004 12.75 
 0 2 1 2
1 -45.299999999999997 -59.25 4.25 -0.70710678118654913 0.70710678118654602 0 
1 -46.5 -58.050000000000004 4.25 -0.70710678118654913 -0.70710678118654602 -0 
7 0 0  1 2 2  -40.5 -65.25 9  -40.5 -60.449999999999996 12.75 
 0 2 1 2
1 -41.700000000000003 -59.25 4.25 0.70710678118654913 -0.70710678118654602 0 
7 0 0  1 2 2  -46.5 -59.25 9  -41.700000000000003 -59.25 12.75 
 0 2 1 2
7 0 0  1 2 2  -34.5 -59.25 9  -39.299999999999997 -59.25 12.75 
 0 2 1 2
1 -40.5 -60.449999999999996 4.25 0.70710678118654913 0.70710678118654602 0 
7 0 0  1 2 2  -40.5 -53.25 9  -40.5 -58.050000000000004 12.75 
 0 2 1 2
1 -39.299999999999997 -59.25 4.25 -0.70710678118654913 0.70710678118654602 0 
1 -40.5 -58.050000000000004 4.25 -0.70710678118654913 -0.70710678118654602 -0 
7 0 0  1 2 2  46.5 -59.25 9  41.700000000000003 -59.25 12.75 
 0 2 1 2
1 40.5 -58.050000000000004 4.25 0.70710678118654913 -0.70710678118654602 0 
7 0 0  1 2 2  40.5 -53.25 9  40.5 -58.050000000000004 12.75 
 0 2 1 2
1 39.299999999999997 -59.25 4.25 0.70710678118654913 0.70710678118654602 0 
7 0 0  1 2 2  34.5 -59.25 9  39.299999999999997 -59.25 12.75 
 0 2 1 2
7 0 0  1 2 2  40.5 -65.25 9  40.5 -60.449999999999996 12.75 
 0 2 1 2
1 41.700000000000003 -59.25 4.25 -0.70710678118654913 -0.70710678118654602 -0 
1 40.5 -60.449999999999996 4.25 -0.70710678118654913 0.70710678118654602 0 
7 0 0  1 2 2  52.5 -59.25 9  47.700000000000003 -59.25 12.75 
 0 2 1 2
1 46.5 -58.050000000000004 4.25 0.70710678118654913 -0.70710678118654602 0 
7 0 0  1 2 2  46.5 -53.25 9  46.5 -58.050000000000004 12.75 
 0 2 1 2
1 45.299999999999997 -59.25 4.25 0.70710678118654913 0.70710678118654602 0 
7 0 0  1 2 2  40.5 -59.25 9  45.299999999999997 -59.25 12.75 
 0 2 1 2
7 0 0  1 2 2  46.5 -65.25 9  46.5 -60.449999999999996 12.75 
 0 2 1 2
1 47.700000000000003 -59.25 4.25 -0.70710678118654913 -0.70710678118654602 -0 
1 46.5 -60.449999999999996 4.25 -0.70710678118654913 0.70710678118654602 0 
7 0 0  1 2 2  58.5 -59.25 9  53.700000000000003 -59.25 12.75 
 0 2 1 2
1 52.5 -58.050000000000004 4.25 0.70710678118654913 -0.70710678118654602 0 
7 0 0  1 2 2  52.5 -53.25 9  52.5 -58.050000000000004 12.75 
 0 2 1 2
1 51.299999999999997 -59.25 4.25 0.70710678118654913 0.70710678118654602 0 
7 0 0  1 2 2  46.5 -59.25 9  51.299999999999997 -59.25 12.75 
 0 2 1 2
7 0 0  1 2 2  52.5 -65.25 9  52.5 -60.449999999999996 12.75 
 0 2 1 2
1 53.700000000000003 -59.25 4.25 -0.70710678118654913 -0.70710678118654602 -0 
1 52.5 -60.449999999999996 4.25 -0.70710678118654913 0.70710678118654602 0 
7 0 0  1 2 2  64.5 -59.25 9  59.700000000000003 -59.25 12.75 
 0 2 1 2
1 58.5 -58.050000000000004 4.25 0.70710678118654913 -0.70710678118654602 0 
7 0 0  1 2 2  58.5 -53.25 9  58.5 -58.050000000000004 12.75 
 0 2 1 2
1 57.299999999999997 -59.25 4.25 0.70710678118654913 0.70710678118654602 0 
7 0 0  1 2 2  52.5 -59.25 9  57.299999999999997 -59.25 12.75 
 0 2 1 2
7 0 0  1 2 2  58.5 -65.25 9  58.5 -60.449999999999996 12.75 
 0 2 1 2
1 59.700000000000003 -59.25 4.25 -0.70710678118654913 -0.70710678118654602 -0 
1 58.5 -60.449999999999996 4.25 -0.70710678118654913 0.70710678118654602 0 
7 0 0  1 2 2  70.5 -59.25 9  65.700000000000003 -59.25 12.75 
 0 2 1 2
1 64.5 -58.050000000000004 4.25 0.70710678118654913 -0.70710678118654602 0 
7 0 0  1 2 2  64.5 -53.25 9  64.5 -58.050000000000004 12.75 
 0 2 1 2
1 63.299999999999997 -59.25 4.25 0.70710678118654913 0.70710678118654602 0 
7 0 0  1 2 2  58.5 -59.25 9  63.299999999999997 -59.25 12.75 
 0 2 1 2
7 0 0  1 2 2  64.5 -65.25 9  64.5 -60.449999999999996 12.75 
 0 2 1 2
1 65.700000000000003 -59.25 4.25 -0.70710678118654913 -0.70710678118654602 -0 
1 64.5 -60.449999999999996 4.25 -0.70710678118654913 0.70710678118654602 0 
1 65.410499999999999 -13.7775 4.6500000000000004 0.0015519898535898498 -0.99999879566302197 0 
1 65.419499999999999 -19.576499999999999 4.6500000000000004 1 0 0 
1 71.920500000000004 -19.576499999999999 4.6500000000000004 -0.74670645339300212 0.66515372092565528 0 
1 71.907000000000011 -11.355 4.6500000000000004 -0.76603169004877825 0.6428028078975796 0 
1 65.398499999999999 -5.8934999999999995 4.6500000000000004 0.0013981111816054614 -0.99999902264208429 0 
1 65.404499999999999 -10.185 4.6500000000000004 0.76827931673000105 -0.64011474868564211 0 
1 71.914500000000004 -15.609000000000002 4.6500000000000004 -0.001763043804365576 0.99999844583706432 0 
1 96.786000000000001 -13.624500000000001 4.6500000000000004 -0.98025803366039388 -0.19772250110763334 0 
1 102.03149999999999 -17.9115 4.6500000000000004 -0.77430246635286581 0.63281568454003179 0 
1 96.257999999999996 -13.731 4.6500000000000004 -0.98824511615238686 -0.15287769752634087 0 
1 100.5795 -18.462 4.6500000000000004 0.93505274158937646 0.35450863240010233 0 
1 95.715000000000003 -13.815000000000001 4.6500000000000004 -0.99394890476733377 -0.10984340996080605 0 
1 99.049499999999995 -18.901500000000002 4.6500000000000004 0.96113183545604552 0.2760898311653171 0 
1 95.158500000000004 -13.8765 4.6500000000000004 -0.99785414477379686 -0.065475993751562364 0 
1 97.441499999999991 -19.2225 4.6500000000000004 0.98065098075086499 0.19576428160511497 0 
1 94.587000000000003 -13.914 4.6500000000000004 -0.99979181846344622 -0.020403914662521436 0 
1 95.758499999999998 -19.420499999999997 4.6500000000000004 0.99315060432287627 0.11684124756739693 0 
1 93.998999999999995 -13.926000000000002 4.6500000000000004 -0.98652844783182403 0.16358979680448327 0 
1 94.001999999999995 -19.488 4.6500000000000004 0.99926243456821084 0.038400349748566369 0 
1 89.847000000000008 -13.237499999999999 4.6500000000000004 -0.86534398833405601 0.50117839324347302 0 
1 87.722999999999999 -18.567 4.6500000000000004 0.98941310426128304 -0.1451265279542352 0 
1 86.606999999999999 -11.361000000000001 4.6500000000000004 -0.64042884202457606 0.76801751171640653 0 
1 82.602000000000004 -16.003500000000003 4.6500000000000004 0.89421755150702109 -0.44763262903500239 0 
1 84.287999999999997 -8.5800000000000001 4.6500000000000004 -0.37974433987258654 0.92509147457682994 0 
1 78.777000000000001 -12.096 4.6500000000000004 0.69952266669649932 -0.71461041048799334 0 
1 82.891500000000008 -5.1779999999999999 4.6500000000000004 -0.1237409095296599 0.99231456066550416 0 
1 76.382999999999996 -7.1415000000000006 4.6500000000000004 0.43506921820756883 -0.90039700986190252 0 
1 82.425000000000011 -1.4369999999999998 4.6500000000000004 0.12301235485421314 0.99240513932225338 0 
1 75.5535 -1.4355 4.6500000000000004 0.14386110225878457 -0.98959788967887741 0 
1 82.891500000000008 2.3264999999999998 4.6500000000000004 0.37931491336261003 0.92526763506604703 0 
1 76.382999999999996 4.2690000000000001 4.6500000000000004 -0.14389814738114803 -0.98959250359947326 0 
1 84.287999999999997 5.7330000000000005 4.6500000000000004 0.64144866263242395 0.76716596197112064 0 
1 78.777000000000001 9.2250000000000014 4.6500000000000004 -0.43496245448059118 -0.90044858997736221 0 
1 86.606999999999999 8.5065000000000008 4.6500000000000004 0.86673285277104861 0.49877265555296812 0 
1 82.602000000000004 13.1325 4.6500000000000004 -0.69952266669649932 -0.71461041048799334 0 
1 89.847000000000008 10.370999999999999 4.6500000000000004 0.98670048512957487 0.16254892385082642 0 
1 87.722999999999999 15.694499999999998 4.6500000000000004 -0.89432238351018745 -0.44742314910234271 0 
1 93.998999999999995 11.055 4.6500000000000004 0.98673808026625398 -0.16232055000050916 0 
1 94.001999999999995 16.615500000000001 4.6500000000000004 -0.98941310426128304 -0.1451265279542352 0 
1 98.157000000000011 10.370999999999999 4.6500000000000004 0.86752812649020494 -0.49738812787238385 0 
1 100.28700000000001 15.694499999999998 4.6500000000000004 -0.98943298914149869 0.14499089626083062 0 
1 101.40899999999999 8.5065000000000008 4.6500000000000004 0.64460672987971912 -0.7645143319740807 0 
1 105.42 13.1325 4.6500000000000004 -0.89474073149910371 0.44658596417313534 0 
1 103.7475 5.7330000000000005 4.6500000000000004 0.38244761942882949 -0.92397717417326997 0 
1 109.26000000000001 9.2250000000000014 4.6500000000000004 -0.7009195199116518 0.71324037084759828 0 
1 105.1575 2.3264999999999998 4.6500000000000004 0.12457010943457171 -0.99221080816299256 0 
1 111.666 4.2690000000000001 4.6500000000000004 -0.43672771349688094 0.89959374401103209 0 
1 105.63 -1.4369999999999998 4.6500000000000004 -0.052210063546087995 -0.99863612455414086 0 
1 112.5 -1.4355 4.6500000000000004 -0.1446624948232236 0.98948105721712576 0 
1 105.54749999999999 -3.0149999999999997 4.6500000000000004 -0.15772951449796599 -0.98748235440246523 0 
1 112.3365 -4.0124999999999993 4.6500000000000004 0.063318554718193462 0.99799336702625396 0 
1 105.30000000000001 -4.5645000000000007 4.6500000000000004 -0.26360759727979194 -0.96462999883705414 0 
1 111.85499999999999 -6.4755000000000003 4.6500000000000004 0.19186143120286256 0.98142202503142817 0 
1 104.8905 -6.0629999999999997 4.6500000000000004 -0.37155881163975873 -0.92840941911036778 0 
1 111.066 -8.8019999999999996 4.6500000000000004 0.32116923062153035 0.94702181880988057 0 
1 104.31900000000002 -7.4909999999999997 4.6500000000000004 -0.48036871250023017 -0.87706664515923261 0 
1 109.9845 -10.965 4.6500000000000004 0.44721359549995993 0.89442719099991486 0 
1 103.58700000000002 -8.8275000000000006 4.6500000000000004 -0.77417957280098315 0.63296602520015832 0 
1 108.61949999999999 -12.942 4.6500000000000004 0.56817058389322339 0.82291080172667186 0 
1 94.277999999999992 -1.2165000000000001 4.6500000000000004 0.00023468668680259424 -0.99999997246107919 0 
1 112.44449999999999 -16.069499999999998 4.6500000000000004 -0.77416015526416182 0.63298977401010914 0 
1 94.279499999999999 -7.6080000000000005 4.6500000000000004 0.77296100044099414 -0.63445353793422687 0 
1 112.44449999999999 -22.518000000000001 4.6500000000000004 0 1 0 
1 -95.853000000000009 13.480499999999999 4.6500000000000004 -0.53382835314140975 0.84559286266047118 0 
1 -95.853000000000009 16.518000000000001 4.6500000000000004 0 -1 0 
1 -96.585000000000008 14.640000000000001 4.6500000000000004 -0.73379932827149186 0.67936628252240139 0 
1 -89.332499999999996 16.518000000000001 4.6500000000000004 -1 0 0 
1 -97.636499999999984 15.613500000000002 4.6500000000000004 -0.87191737375853673 0.48965303362484758 0 
1 -89.332499999999996 -3.8955000000000002 4.6500000000000004 0 1 0 
1 -98.963999999999999 16.359000000000002 4.6500000000000004 -0.9566072737532747 0.29138037648806692 0 
1 -95.731499999999997 -3.8955000000000002 4.6500000000000004 1 0 0 
1 -100.53 16.835999999999999 4.6500000000000004 -0.99548785388848882 0.094889055008945636 0 
1 -95.731499999999997 -0.85799999999999987 4.6500000000000004 0 -1 0 
1 -102.29249999999999 17.004000000000001 4.6500000000000004 -0.98768354812678627 -0.15646472049533203 0 
1 -96.5535 -1.9710000000000001 4.6500000000000004 0.5940861983991903 0.80440138542371864 0 
1 -105.6255 16.475999999999999 4.6500000000000004 -0.8843145137651065 -0.46689167988344293 0 
1 -97.644000000000005 -2.9385000000000003 4.6500000000000004 0.74803344371000946 0.66366103327779036 0 
1 -108.441 14.9895 4.6500000000000004 -0.68758635987732697 -0.72610260825219952 0 
1 -98.980499999999992 -3.702 4.6500000000000004 0.86830310664279731 0.49603398572523921 0 
1 -110.60999999999999 12.698999999999998 4.6500000000000004 -0.42869986208173583 -0.90344697035913546 0 
1 -100.53750000000001 -4.2015000000000002 4.6500000000000004 0.95220021388206044 0.30547463508932848 0 
1 -112.00650000000002 9.7560000000000002 4.6500000000000004 -0.14178334681641316 -0.98989771318330499 0 
1 -102.29249999999999 -4.3815 4.6500000000000004 0.99478143861105228 0.10202886549857026 0 
1 -112.5 6.3104999999999993 4.6500000000000004 0.14184385697309571 -0.9898890444080064 0 
1 -105.6255 -3.8534999999999999 4.6500000000000004 0.98768354812678638 -0.15646472049533183 0 
1 -112.00650000000002 2.8665000000000003 4.6500000000000004 0.42852158342168784 -0.90353154485151743 0 
1 -108.441 -2.367 4.6500000000000004 0.8843145137651065 -0.46689167988344304 0 
1 -110.60999999999999 -0.078 4.6500000000000004 0.6878238069941941 -0.72587768289982146 0 
1 -71.957999999999998 16.518000000000001 4.6500000000000004 0 -1 0 
1 -65.316000000000003 16.518000000000001 4.6500000000000004 -1 0 0 
1 -71.957999999999998 4.8120000000000003 4.6500000000000004 -0.1185608111247036 -0.9929467931694288 0 
1 -65.316000000000003 -3.8955000000000002 4.6500000000000004 0 1 0 
1 -72.102000000000004 3.6059999999999999 4.6500000000000004 -0.39459953469333631 -0.91885320221447919 0 
1 -71.755500000000012 -3.8955000000000002 4.6500000000000004 1 0 0 
1 -72.521999999999991 2.6280000000000001 4.6500000000000004 -0.68183545083584407 -0.73150558301593394 0 
1 -71.755500000000012 -0.85799999999999987 4.6500000000000004 0 -1 0 
1 -73.20150000000001 1.899 4.6500000000000004 -0.89789812968380667 -0.44020330383848993 0 
1 -72.457499999999996 -1.9710000000000001 4.6500000000000004 0.5334782396775325 0.84581379025797476 0 
1 -74.125500000000002 1.446 4.6500000000000004 -0.99083016804429891 -0.13511320473331417 0 
1 -73.462500000000006 -2.9385000000000003 4.6500000000000004 0.72041969570918929 0.69353836377974021 0 
1 -75.280499999999989 1.2885 4.6500000000000004 -0.98989924632445658 0.14177264237599921 0 
1 -74.725499999999997 -3.702 4.6500000000000004 0.85578430721176213 0.51733279378953378 0 
1 -76.463999999999999 1.458 4.6500000000000004 -0.88066177490232522 0.47374554164222599 0 
1 -76.197000000000003 -4.2015000000000002 4.6500000000000004 0.94693148922349135 0.32143545964467102 0 
1 -77.353499999999997 1.9364999999999999 4.6500000000000004 -0.63332190316708181 0.77388847191880661 0 
1 -77.831999999999994 -4.3815 4.6500000000000004 0.99399444064086595 0.10943058062101282 0 
1 -77.968500000000006 2.6880000000000002 4.6500000000000004 -0.33932779527149787 0.94066819195515716 0 
1 -80.467500000000001 -3.9929999999999999 4.6500000000000004 0.98930901579059782 -0.14583439675000798 0 
1 -78.323999999999998 3.6734999999999998 4.6500000000000004 -0.097497650306572897 0.99523575507750794 0 
1 -82.501499999999993 -2.8875000000000002 4.6500000000000004 0.87861268981303287 -0.4775350681358464 0 
1 -78.439499999999995 4.8525 4.6500000000000004 0 1 0 
1 -83.941499999999991 -1.1535 4.6500000000000004 0.63887430141869861 -0.76931113795834905 0 
1 -78.439499999999995 16.518000000000001 4.6500000000000004 -1 0 0 
1 -84.798000000000002 1.119 4.6500000000000004 0.35267977987501647 -0.93574407444947794 0 
1 -85.081499999999991 16.518000000000001 4.6500000000000004 0 -1 0 
1 -85.081499999999991 3.8399999999999999 4.6500000000000004 0.10362868483051663 -0.99461605440506407 0 
1 -24.037499999999998 6.3104999999999993 4.6500000000000004 -0.14798087896130951 0.98899022212650733 0 
1 -24.520500000000002 3.0840000000000001 4.6500000000000004 0.14804816772591831 0.98898015148586194 0 
1 -24.520500000000002 9.5384999999999991 4.6500000000000004 -0.43794067347301918 0.89900387458453057 0 
1 -25.941000000000003 0.16800000000000001 4.6500000000000004 0.43794067347301935 0.89900387458453046 0 
1 -25.941000000000003 12.454500000000001 4.6500000000000004 -0.69822199541625385 0.71588130658436999 0 
1 -28.253999999999998 -2.2050000000000001 4.6500000000000004 0.69799570307511472 0.71610194699405505 0 
1 -28.253999999999998 14.826000000000001 4.6500000000000004 -0.89281119765920824 0.45043108833020218 0 
1 -31.414500000000004 -3.798 4.6500000000000004 0.89298157155456725 0.45009322685854253 0 
1 -31.414500000000004 16.420499999999997 4.6500000000000004 -0.98933375443890614 0.14566647633487345 0 
1 -35.377499999999998 -4.3815 4.6500000000000004 0.98933375443890625 0.14566647633487298 0 
1 -35.377499999999998 17.004000000000001 4.6500000000000004 -0.98933375443890614 -0.14566647633487345 0 
1 -39.340499999999999 -3.798 4.6500000000000004 0.98933375443890625 -0.14566647633487298 0 
1 -39.340499999999999 16.420499999999997 4.6500000000000004 -0.89289711986219933 -0.45026073928534943 0 
1 -42.502499999999998 -2.2050000000000001 4.6500000000000004 0.89306738126128682 -0.44992294065440536 0 
1 -42.502499999999998 14.826000000000001 4.6500000000000004 -0.69822199541625385 -0.71588130658436999 0 
1 -44.8155 0.16800000000000001 4.6500000000000004 0.69799570307511472 -0.71610194699405505 0 
1 -44.8155 12.454500000000001 4.6500000000000004 -0.43794067347302057 -0.89900387458453002 0 
1 -46.236000000000004 3.0840000000000001 4.6500000000000004 0.43794067347302074 -0.89900387458452991 0 
1 -46.236000000000004 9.5384999999999991 4.6500000000000004 -0.1479808789613079 -0.98899022212650756 0 
1 -46.719000000000001 6.3104999999999993 4.6500000000000004 0.1480481677259167 -0.98898015148586216 0 
1 -60.689999999999998 2.9609999999999999 4.6500000000000004 0.10773767859403355 -0.99417935635938892 0 
1 -60.420000000000002 0.46950000000000003 4.6500000000000004 0.37349722747184755 -0.92763129586643589 0 
1 -59.594999999999999 -1.5794999999999999 4.6500000000000004 0.67209952300548814 -0.74046082352532028 0 
1 -58.194000000000003 -3.1229999999999998 4.6500000000000004 0.89923508874579616 -0.43746571884930607 0 
1 -56.195999999999998 -4.0949999999999998 4.6500000000000004 0.991717259178577 -0.12844017224891618 0 
1 -53.578500000000005 -4.4340000000000002 4.6500000000000004 0.99934291243583884 0.036245597860367011 0 
1 -52.710000000000001 -4.4024999999999999 4.6500000000000004 0.99559110840723375 0.093799492858201466 0 
1 -51.802499999999995 -4.3170000000000002 4.6500000000000004 0.98924959937736867 0.1462368972992642 0 
1 -50.939999999999998 -4.1895000000000007 4.6500000000000004 0.97894743398276651 0.20411252166037488 0 
1 -50.198999999999998 -4.0350000000000001 4.6500000000000004 0.95560666352689572 0.2946453879207927 0 
1 -49.659000000000006 -3.8685 4.6500000000000004 0 1 0 
1 -49.659000000000006 1.3845000000000001 4.6500000000000004 -0.96152394764082316 -0.27472112789737796 0 
1 -50.047499999999999 1.2734999999999999 4.6500000000000004 -0.97531329897359553 -0.22082565259779452 0 
1 -50.445000000000007 1.1835 4.6500000000000004 -0.98744063191670528 -0.15799050110667379 0 
1 -50.857500000000002 1.1174999999999999 4.6500000000000004 -0.99540275978416093 -0.095777585133872301 0 
1 -51.293999999999997 1.0754999999999999 4.6500000000000004 -0.99958153265699989 -0.028926796764993597 0 
1 -51.760499999999993 1.0619999999999998 4.6500000000000004 -0.99455374459180079 0.10422499277249743 0 
1 -52.605000000000004 1.1505000000000001 4.6500000000000004 -0.92352007097508848 0.38355009908246351 0 
1 -53.251499999999993 1.419 4.6500000000000004 -0.70710678118655246 0.70710678118654258 0 
1 -53.706000000000003 1.8735000000000002 4.6500000000000004 -0.38355009908245252 0.92352007097509303 0 
1 -53.974499999999992 2.52 4.6500000000000004 -0.10422499277250583 0.9945537445917999 0 
1 -54.063000000000002 3.3644999999999996 4.6500000000000004 0 1 0 
1 -54.063000000000002 10.962 4.6500000000000004 1 0 0 
1 -49.456499999999991 10.962 4.6500000000000004 0 1 0 
1 -49.456499999999991 16.4175 4.6500000000000004 -1 0 0 
1 -54.063000000000002 16.4175 4.6500000000000004 0 1 0 
1 -54.063000000000002 22.518000000000001 4.6500000000000004 -1 0 0 
8 0 19.557000000000002
1 -60.689999999999998 22.518000000000001 4.6500000000000004 0 -1 0 
1 -14.033999999999999 -3.8955000000000002 4.6500000000000004 0 1 0 
1 -20.677500000000002 -3.8955000000000002 4.6500000000000004 1 0 0 
1 -14.033999999999999 7.7294999999999998 4.6500000000000004 0.12388669831920192 0.99229637003244509 0 
1 -20.677500000000002 16.518000000000001 4.6500000000000004 0 -1 0 
1 -13.8795 8.9669999999999987 4.6500000000000004 0.41411701964457232 0.91022365056105681 0 
1 -14.236499999999999 16.518000000000001 4.6500000000000004 -1 0 0 
1 -13.432500000000001 9.9495000000000005 4.6500000000000004 0.70412324796823578 0.71007777860644428 0 
1 -14.236499999999999 13.480499999999999 4.6500000000000004 0 1 0 
1 -12.722999999999999 10.665000000000001 4.6500000000000004 0.90647745988699802 0.42225420627486476 0 
1 -13.527000000000001 14.593499999999999 4.6500000000000004 -0.53753713743583853 -0.84324007606214058 0 
1 -11.779499999999999 11.1045 4.6500000000000004 0.9917300292204575 0.12834153319323599 0 
1 -12.502500000000001 15.561 4.6500000000000004 -0.72704267264542211 -0.68659227504582487 0 
1 -10.632 11.253 4.6500000000000004 0.99004887557362087 -0.14072392822618709 0 
1 -11.2155 16.3245 4.6500000000000004 -0.86004719872229352 -0.51021448036089267 0 
1 -9.4395000000000007 11.083500000000001 4.6500000000000004 0.88520276241333962 -0.46520540561755391 0 
1 -9.724499999999999 16.823999999999998 4.6500000000000004 -0.94820525453237037 -0.31765829955661901 0 
1 -8.5289999999999999 10.605 4.6500000000000004 0.64689699133903256 -0.76257739449613093 0 
1 -8.0804999999999989 17.004000000000001 4.6500000000000004 -0.99405943179638434 -0.10883862391931305 0 
1 -7.8915000000000006 9.8535000000000004 4.6500000000000004 0.35688205810371182 -0.93414945089298151 0 
1 -5.4359999999999999 16.615500000000001 4.6500000000000004 -0.98938050792675136 0.14534858284346514 0 
1 -7.5149999999999997 8.8680000000000003 4.6500000000000004 0.10376255972960396 -0.99460209692035151 0 
1 -3.3824999999999998 15.51 4.6500000000000004 -0.88051240167043365 0.47402311178313339 0 
1 -7.3919999999999995 7.6890000000000001 4.6500000000000004 0 -1 0 
1 -1.9184999999999999 13.776 4.6500000000000004 -0.64511222161722093 0.76408783625974164 0 
1 -7.3919999999999995 -3.8955000000000002 4.6500000000000004 1 0 0 
1 -1.0409999999999999 11.503499999999999 4.6500000000000004 -0.36021662139888172 0.93286868618684737 0 
1 -0.75 -3.8955000000000002 4.6500000000000004 0 1 0 
1 -0.75 8.7825000000000006 4.6500000000000004 -0.10633957835776901 0.99432987186078847 0 
1 25.088999999999999 6.3104999999999993 4.6500000000000004 -0.1479808789613079 0.98899022212650756 0 
1 24.606000000000002 3.0840000000000001 4.6500000000000004 0.1480481677259167 0.98898015148586216 0 
1 24.606000000000002 9.5384999999999991 4.6500000000000004 -0.43794067347301918 0.89900387458453057 0 
1 23.185500000000001 0.16800000000000001 4.6500000000000004 0.43794067347301935 0.89900387458453046 0 
1 23.185500000000001 12.454500000000001 4.6500000000000004 -0.69822199541625474 0.71588130658436921 0 
1 20.872499999999999 -2.2050000000000001 4.6500000000000004 0.69799570307511549 0.71610194699405416 0 
1 20.872499999999999 14.826000000000001 4.6500000000000004 -0.89281119765920791 0.45043108833020279 0 
1 17.712 -3.798 4.6500000000000004 0.89298157155456692 0.45009322685854314 0 
1 17.712 16.420499999999997 4.6500000000000004 -0.98933375443890614 0.14566647633487345 0 
1 13.749000000000001 -4.3815 4.6500000000000004 0.98933375443890625 0.14566647633487298 0 
1 13.749000000000001 17.004000000000001 4.6500000000000004 -0.98934169567220598 -0.14561253106942457 0 
1 9.7844999999999995 -3.798 4.6500000000000004 0.98934169567220609 -0.14561253106942409 0 
1 9.7844999999999995 16.420499999999997 4.6500000000000004 -0.89281119765920791 -0.45043108833020279 0 
1 6.6240000000000006 -2.2050000000000001 4.6500000000000004 0.89298157155456692 -0.45009322685854314 0 
1 6.6240000000000006 14.826000000000001 4.6500000000000004 -0.6982219954162544 -0.71588130658436955 0 
1 4.3109999999999999 0.16800000000000001 4.6500000000000004 0.69799570307511527 -0.71610194699405461 0 
1 4.3109999999999999 12.454500000000001 4.6500000000000004 -0.43794067347301957 -0.89900387458453046 0 
1 2.8905000000000003 3.0840000000000001 4.6500000000000004 0.43794067347301968 -0.89900387458453035 0 
1 2.8905000000000003 9.5384999999999991 4.6500000000000004 -0.14798087896130829 -0.98899022212650745 0 
1 2.4074999999999998 6.3104999999999993 4.6500000000000004 0.14804816772591711 -0.98898015148586216 0 
1 35.090999999999994 -3.8955000000000002 4.6500000000000004 0 1 0 
1 28.449000000000002 -3.8955000000000002 4.6500000000000004 1 0 0 
1 35.090999999999994 7.7294999999999998 4.6500000000000004 0.11439557748274956 0.99343527813964227 0 
1 28.449000000000002 16.518000000000001 4.6500000000000004 0 -1 0 
1 35.233499999999999 8.9669999999999987 4.6500000000000004 0.39069420740779709 0.92052052464787193 0 
1 34.888500000000001 16.518000000000001 4.6500000000000004 -1 0 0 
1 35.650500000000001 9.9495000000000005 4.6500000000000004 0.68541231409577508 0.72815517555386144 0 
1 34.888500000000001 13.480499999999999 4.6500000000000004 0 1 0 
1 36.323999999999998 10.665000000000001 4.6500000000000004 0.90113015547839548 0.43354866265216746 0 
1 35.581499999999998 14.593499999999999 4.6500000000000004 -0.52855845274500068 -0.84889690895409142 0 
1 37.237499999999997 11.1045 4.6500000000000004 0.99153446132215217 0.12984379850647254 0 
1 36.567 15.561 4.6500000000000004 -0.71359358672857376 -0.70055991391161498 0 
1 38.371499999999997 11.253 4.6500000000000004 0.98984862315944144 -0.1421256599962091 0 
1 37.804499999999997 16.3245 4.6500000000000004 -0.85105562918603761 -0.52507553364326343 0 
1 39.552 11.083500000000001 4.6500000000000004 0.87863816142262496 -0.47748820015982529 0 
1 39.256500000000003 16.823999999999998 4.6500000000000004 -0.94561149575922732 -0.32529816951221374 0 
1 40.432499999999997 10.605 4.6500000000000004 0.62488506769822427 -0.78071675540351115 0 
1 40.884 17.004000000000001 4.6500000000000004 -0.99393946565510805 -0.10992878882821554 0 
1 41.034000000000006 9.8535000000000004 4.6500000000000004 0.3316932497809798 -0.94338729483162564 0 
1 42.608999999999995 16.847999999999999 4.6500000000000004 -0.99593568795511545 0.090067227432463579 0 
1 41.380499999999998 8.8680000000000003 4.6500000000000004 0.093733085045136763 -0.99559736277670063 0 
1 44.094000000000001 16.3935 4.6500000000000004 -0.95621650553499316 0.29266020320919334 0 
1 41.491500000000002 7.6890000000000001 4.6500000000000004 0 -1 0 
1 45.338999999999999 15.666 4.6500000000000004 -0.86340136868150297 0.50451766724160152 0 
1 41.491500000000002 -3.8955000000000002 4.6500000000000004 1 0 0 
1 46.347000000000001 14.686500000000001 4.6500000000000004 -0.71717269514808724 0.69689549096979297 0 
1 48.133499999999998 -3.8955000000000002 4.6500000000000004 0 1 0 
1 47.121000000000002 13.480499999999999 4.6500000000000004 -0.54012258580769523 0.84158635463059228 0 
1 48.133499999999998 7.9320000000000004 4.6500000000000004 0.13062345864973254 0.99143205115145527 0 
1 48.007500000000007 14.625 4.6500000000000004 -0.61236125911475647 -0.79057807225813581 0 
1 48.283500000000004 9.0704999999999991 4.6500000000000004 0.42530087066277489 0.90505202580486266 0 
1 49.149000000000001 15.595500000000001 4.6500000000000004 -0.76186520829608462 -0.64773559759207588 0 
1 48.716999999999999 9.9930000000000003 4.6500000000000004 0.70710678118654824 0.7071067811865468 0 
1 50.527500000000003 16.347000000000001 4.6500000000000004 -0.8780050853148581 -0.47865130331092653 0 
1 49.402500000000003 10.6785 4.6500000000000004 0.90464919283760559 0.42615705778300667 0 
1 52.125 16.831499999999998 4.6500000000000004 -0.9569563633519107 -0.29023183602128472 0 
1 50.310000000000002 11.106 4.6500000000000004 0.99125141002743178 0.13198728013952124 0 
1 53.925000000000004 17.004000000000001 4.6500000000000004 -0.99543937585301545 -0.09539627351924726 0 
1 51.414000000000001 11.253 4.6500000000000004 0.98982316947502758 -0.14230282207465458 0 
1 56.560500000000005 16.615500000000001 4.6500000000000004 -0.98930901579059771 0.14583439675000881 0 
1 52.592999999999996 11.083500000000001 4.6500000000000004 0.87863816142262618 -0.47748820015982307 0 
1 58.594500000000004 15.51 4.6500000000000004 -0.87861268981303386 0.47753506813584456 0 
1 53.473500000000001 10.605 4.6500000000000004 0.6258335046370006 -0.77995668115208139 0 
1 60.034500000000008 13.776 4.6500000000000004 -0.6388743014186985 0.76931113795834916 0 
1 54.076500000000003 9.8535000000000004 4.6500000000000004 0.3316932497809752 -0.9433872948316272 0 
1 60.892499999999998 11.503499999999999 4.6500000000000004 -0.35322043044314022 0.93554012608629611 0 
1 54.422999999999995 8.8680000000000003 4.6500000000000004 0.092477327862052872 -0.99571479040511124 0 
1 61.176000000000002 8.7825000000000006 4.6500000000000004 -0.10362868483051668 0.99461605440506407 0 
1 54.532499999999999 7.6890000000000001 4.6500000000000004 0 -1 0 
1 61.176000000000002 -3.8955000000000002 4.6500000000000004 0 1 0 
1 54.532499999999999 -3.8955000000000002 4.6500000000000004 1 0 0 
1 71.900999999999996 -7.7250000000000005 4.6500000000000004 -0.001667384824779279 0.99999860991295697 0 
1 71.860500000000002 16.564499999999999 4.6500000000000004 -1 0 0 
1 65.359499999999997 16.564499999999999 4.6500000000000004 0.0017493611909241711 -0.99999846986654117 0 
1 65.392499999999998 -2.2995000000000001 4.6500000000000004 0.76811969711937222 -0.64030627897690029 0 
1 65.410499999999999 -13.7775 13.950000000000001 0 0 1 
1 65.419499999999999 -19.576499999999999 13.950000000000001 0 0 1 
1 65.410499999999999 -13.7775 5 0.0015519898535898498 -0.99999879566302197 0 
1 71.920500000000004 -19.576499999999999 13.950000000000001 0 0 1 
1 65.419499999999999 -19.576499999999999 5 1 0 0 
1 71.920500000000004 -19.576499999999999 5 -0.74670645339300212 0.66515372092565528 0 
1 71.907000000000011 -11.355 13.950000000000001 0 0 1 
1 65.398499999999999 -5.8934999999999995 13.950000000000001 0 0 1 
1 71.907000000000011 -11.355 5 -0.76603169004877825 0.6428028078975796 0 
1 65.404499999999999 -10.185 13.950000000000001 0 0 1 
1 65.398499999999999 -5.8934999999999995 5 0.0013981111816054614 -0.99999902264208429 0 
1 71.914500000000004 -15.609000000000002 13.950000000000001 0 0 1 
1 65.404499999999999 -10.185 5 0.76827931673000105 -0.64011474868564211 0 
1 71.914500000000004 -15.609000000000002 5 -0.001763043804365576 0.99999844583706432 0 
1 96.786000000000001 -13.624500000000001 13.950000000000001 0 0 1 
1 96.257999999999996 -13.731 13.950000000000001 0 0 1 
1 96.786000000000001 -13.624500000000001 5 -0.98025803366039388 -0.19772250110763334 0 
1 102.03149999999999 -17.9115 13.950000000000001 0 0 1 
1 102.03149999999999 -17.9115 5 -0.77430246635286581 0.63281568454003179 0 
1 95.715000000000003 -13.815000000000001 13.950000000000001 0 0 1 
1 96.257999999999996 -13.731 5 -0.98824511615238686 -0.15287769752634087 0 
1 100.5795 -18.462 13.950000000000001 0 0 1 
1 100.5795 -18.462 5 0.93505274158937646 0.35450863240010233 0 
1 95.158500000000004 -13.8765 13.950000000000001 0 0 1 
1 95.715000000000003 -13.815000000000001 5 -0.99394890476733377 -0.10984340996080605 0 
1 99.049499999999995 -18.901500000000002 13.950000000000001 0 0 1 
1 99.049499999999995 -18.901500000000002 5 0.96113183545604552 0.2760898311653171 0 
1 94.587000000000003 -13.914 13.950000000000001 0 0 1 
1 95.158500000000004 -13.8765 5 -0.99785414477379686 -0.065475993751562364 0 
1 97.441499999999991 -19.2225 13.950000000000001 0 0 1 
1 97.441499999999991 -19.2225 5 0.98065098075086499 0.19576428160511497 0 
1 93.998999999999995 -13.926000000000002 13.950000000000001 0 0 1 
1 94.587000000000003 -13.914 5 -0.99979181846344622 -0.020403914662521436 0 
1 95.758499999999998 -19.420499999999997 13.950000000000001 0 0 1 
1 95.758499999999998 -19.420499999999997 5 0.99315060432287627 0.11684124756739693 0 
1 89.847000000000008 -13.237499999999999 13.950000000000001 0 0 1 
1 93.998999999999995 -13.926000000000002 5 -0.98652844783182403 0.16358979680448327 0 
1 94.001999999999995 -19.488 13.950000000000001 0 0 1 
1 94.001999999999995 -19.488 5 0.99926243456821084 0.038400349748566369 0 
1 86.606999999999999 -11.361000000000001 13.950000000000001 0 0 1 
1 89.847000000000008 -13.237499999999999 5 -0.86534398833405601 0.50117839324347302 0 
1 87.722999999999999 -18.567 13.950000000000001 0 0 1 
1 87.722999999999999 -18.567 5 0.98941310426128304 -0.1451265279542352 0 
1 84.287999999999997 -8.5800000000000001 13.950000000000001 0 0 1 
1 86.606999999999999 -11.361000000000001 5 -0.64042884202457606 0.76801751171640653 0 
1 82.602000000000004 -16.003500000000003 13.950000000000001 0 0 1 
1 82.602000000000004 -16.003500000000003 5 0.89421755150702109 -0.44763262903500239 0 
1 82.891500000000008 -5.1779999999999999 13.950000000000001 0 0 1 
1 84.287999999999997 -8.5800000000000001 5 -0.37974433987258654 0.92509147457682994 0 
1 78.777000000000001 -12.096 13.950000000000001 0 0 1 
1 78.777000000000001 -12.096 5 0.69952266669649932 -0.71461041048799334 0 
1 82.425000000000011 -1.4369999999999998 13.950000000000001 0 0 1 
1 82.891500000000008 -5.1779999999999999 5 -0.1237409095296599 0.99231456066550416 0 
1 76.382999999999996 -7.1415000000000006 13.950000000000001 0 0 1 
1 76.382999999999996 -7.1415000000000006 5 0.43506921820756883 -0.90039700986190252 0 
1 82.891500000000008 2.3264999999999998 13.950000000000001 0 0 1 
1 82.425000000000011 -1.4369999999999998 5 0.12301235485421314 0.99240513932225338 0 
1 75.5535 -1.4355 13.950000000000001 0 0 1 
1 75.5535 -1.4355 5 0.14386110225878457 -0.98959788967887741 0 
1 84.287999999999997 5.7330000000000005 13.950000000000001 0 0 1 
1 82.891500000000008 2.3264999999999998 5 0.37931491336261003 0.92526763506604703 0 
1 76.382999999999996 4.2690000000000001 13.950000000000001 0 0 1 
1 76.382999999999996 4.2690000000000001 5 -0.14389814738114803 -0.98959250359947326 0 
1 86.606999999999999 8.5065000000000008 13.950000000000001 0 0 1 
1 84.287999999999997 5.7330000000000005 5 0.64144866263242395 0.76716596197112064 0 
1 78.777000000000001 9.2250000000000014 13.950000000000001 0 0 1 
1 78.777000000000001 9.2250000000000014 5 -0.43496245448059118 -0.90044858997736221 0 
1 89.847000000000008 10.370999999999999 13.950000000000001 0 0 1 
1 86.606999999999999 8.5065000000000008 5 0.86673285277104861 0.49877265555296812 0 
1 82.602000000000004 13.1325 13.950000000000001 0 0 1 
1 82.602000000000004 13.1325 5 -0.69952266669649932 -0.71461041048799334 0 
1 93.998999999999995 11.055 13.950000000000001 0 0 1 
1 89.847000000000008 10.370999999999999 5 0.98670048512957487 0.16254892385082642 0 
1 87.722999999999999 15.694499999999998 13.950000000000001 0 0 1 
1 87.722999999999999 15.694499999999998 5 -0.89432238351018745 -0.44742314910234271 0 
1 98.157000000000011 10.370999999999999 13.950000000000001 0 0 1 
1 93.998999999999995 11.055 5 0.98673808026625398 -0.16232055000050916 0 
1 94.001999999999995 16.615500000000001 13.950000000000001 0 0 1 
1 94.001999999999995 16.615500000000001 5 -0.98941310426128304 -0.1451265279542352 0 
1 101.40899999999999 8.5065000000000008 13.950000000000001 0 0 1 
1 98.157000000000011 10.370999999999999 5 0.86752812649020494 -0.49738812787238385 0 
1 100.28700000000001 15.694499999999998 13.950000000000001 0 0 1 
1 100.28700000000001 15.694499999999998 5 -0.98943298914149869 0.14499089626083062 0 
1 103.7475 5.7330000000000005 13.950000000000001 0 0 1 
1 101.40899999999999 8.5065000000000008 5 0.64460672987971912 -0.7645143319740807 0 
1 105.42 13.1325 13.950000000000001 0 0 1 
1 105.42 13.1325 5 -0.89474073149910371 0.44658596417313534 0 
1 105.1575 2.3264999999999998 13.950000000000001 0 0 1 
1 103.7475 5.7330000000000005 5 0.38244761942882949 -0.92397717417326997 0 
1 109.26000000000001 9.2250000000000014 13.950000000000001 0 0 1 
1 109.26000000000001 9.2250000000000014 5 -0.7009195199116518 0.71324037084759828 0 
1 105.63 -1.4369999999999998 13.950000000000001 0 0 1 
1 105.1575 2.3264999999999998 5 0.12457010943457171 -0.99221080816299256 0 
1 111.666 4.2690000000000001 13.950000000000001 0 0 1 
1 111.666 4.2690000000000001 5 -0.43672771349688094 0.89959374401103209 0 
1 105.54749999999999 -3.0149999999999997 13.950000000000001 0 0 1 
1 105.63 -1.4369999999999998 5 -0.052210063546087995 -0.99863612455414086 0 
1 112.5 -1.4355 13.950000000000001 0 0 1 
1 112.5 -1.4355 5 -0.1446624948232236 0.98948105721712576 0 
1 105.30000000000001 -4.5645000000000007 13.950000000000001 0 0 1 
1 105.54749999999999 -3.0149999999999997 5 -0.15772951449796599 -0.98748235440246523 0 
1 112.3365 -4.0124999999999993 13.950000000000001 0 0 1 
1 112.3365 -4.0124999999999993 5 0.063318554718193462 0.99799336702625396 0 
1 104.8905 -6.0629999999999997 13.950000000000001 0 0 1 
1 105.30000000000001 -4.5645000000000007 5 -0.26360759727979194 -0.96462999883705414 0 
1 111.85499999999999 -6.4755000000000003 13.950000000000001 0 0 1 
1 111.85499999999999 -6.4755000000000003 5 0.19186143120286256 0.98142202503142817 0 
1 104.31900000000002 -7.4909999999999997 13.950000000000001 0 0 1 
1 104.8905 -6.0629999999999997 5 -0.37155881163975873 -0.92840941911036778 0 
1 111.066 -8.8019999999999996 13.950000000000001 0 0 1 
1 111.066 -8.8019999999999996 5 0.32116923062153035 0.94702181880988057 0 
1 103.58700000000002 -8.8275000000000006 13.950000000000001 0 0 1 
1 104.31900000000002 -7.4909999999999997 5 -0.48036871250023017 -0.87706664515923261 0 
1 109.9845 -10.965 13.950000000000001 0 0 1 
1 109.9845 -10.965 5 0.44721359549995993 0.89442719099991486 0 
1 94.277999999999992 -1.2165000000000001 13.950000000000001 0 0 1 
1 103.58700000000002 -8.8275000000000006 5 -0.77417957280098315 0.63296602520015832 0 
1 108.61949999999999 -12.942 13.950000000000001 0 0 1 
1 108.61949999999999 -12.942 5 0.56817058389322339 0.82291080172667186 0 
1 94.279499999999999 -7.6080000000000005 13.950000000000001 0 0 1 
1 94.277999999999992 -1.2165000000000001 5 0.00023468668680259424 -0.99999997246107919 0 
1 112.44449999999999 -16.069499999999998 13.950000000000001 0 0 1 
1 112.44449999999999 -16.069499999999998 5 -0.77416015526416182 0.63298977401010914 0 
1 112.44449999999999 -22.518000000000001 13.950000000000001 0 0 1 
1 94.279499999999999 -7.6080000000000005 5 0.77296100044099414 -0.63445353793422687 0 
1 112.44449999999999 -22.518000000000001 5 0 1 0 
1 -95.853000000000009 13.480499999999999 13.950000000000001 0 0 1 
1 -96.585000000000008 14.640000000000001 13.950000000000001 0 0 1 
1 -95.853000000000009 13.480499999999999 5 -0.53382835314140975 0.84559286266047118 0 
1 -95.853000000000009 16.518000000000001 13.950000000000001 0 0 1 
1 -95.853000000000009 16.518000000000001 5 0 -1 0 
1 -97.636499999999984 15.613500000000002 13.950000000000001 0 0 1 
1 -96.585000000000008 14.640000000000001 5 -0.73379932827149186 0.67936628252240139 0 
1 -89.332499999999996 16.518000000000001 13.950000000000001 0 0 1 
1 -89.332499999999996 16.518000000000001 5 -1 0 0 
1 -98.963999999999999 16.359000000000002 13.950000000000001 0 0 1 
1 -97.636499999999984 15.613500000000002 5 -0.87191737375853673 0.48965303362484758 0 
1 -89.332499999999996 -3.8955000000000002 13.950000000000001 0 0 1 
1 -89.332499999999996 -3.8955000000000002 5 0 1 0 
1 -100.53 16.835999999999999 13.950000000000001 0 0 1 
1 -98.963999999999999 16.359000000000002 5 -0.9566072737532747 0.29138037648806692 0 
1 -95.731499999999997 -3.8955000000000002 13.950000000000001 0 0 1 
1 -95.731499999999997 -3.8955000000000002 5 1 0 0 
1 -102.29249999999999 17.004000000000001 13.950000000000001 0 0 1 
1 -100.53 16.835999999999999 5 -0.99548785388848882 0.094889055008945636 0 
1 -95.731499999999997 -0.85799999999999987 13.950000000000001 0 0 1 
1 -95.731499999999997 -0.85799999999999987 5 0 -1 0 
1 -105.6255 16.475999999999999 13.950000000000001 0 0 1 
1 -102.29249999999999 17.004000000000001 5 -0.98768354812678627 -0.15646472049533203 0 
1 -96.5535 -1.9710000000000001 13.950000000000001 0 0 1 
1 -96.5535 -1.9710000000000001 5 0.5940861983991903 0.80440138542371864 0 
1 -108.441 14.9895 13.950000000000001 0 0 1 
1 -105.6255 16.475999999999999 5 -0.8843145137651065 -0.46689167988344293 0 
1 -97.644000000000005 -2.9385000000000003 13.950000000000001 0 0 1 
1 -97.644000000000005 -2.9385000000000003 5 0.74803344371000946 0.66366103327779036 0 
1 -110.60999999999999 12.698999999999998 13.950000000000001 0 0 1 
1 -108.441 14.9895 5 -0.68758635987732697 -0.72610260825219952 0 
1 -98.980499999999992 -3.702 13.950000000000001 0 0 1 
1 -98.980499999999992 -3.702 5 0.86830310664279731 0.49603398572523921 0 
1 -112.00650000000002 9.7560000000000002 13.950000000000001 0 0 1 
1 -110.60999999999999 12.698999999999998 5 -0.42869986208173583 -0.90344697035913546 0 
1 -100.53750000000001 -4.2015000000000002 13.950000000000001 0 0 1 
1 -100.53750000000001 -4.2015000000000002 5 0.95220021388206044 0.30547463508932848 0 
1 -112.5 6.3104999999999993 13.950000000000001 0 0 1 
1 -112.00650000000002 9.7560000000000002 5 -0.14178334681641316 -0.98989771318330499 0 
1 -102.29249999999999 -4.3815 13.950000000000001 0 0 1 
1 -102.29249999999999 -4.3815 5 0.99478143861105228 0.10202886549857026 0 
1 -112.00650000000002 2.8665000000000003 13.950000000000001 0 0 1 
1 -112.5 6.3104999999999993 5 0.14184385697309571 -0.9898890444080064 0 
1 -105.6255 -3.8534999999999999 13.950000000000001 0 0 1 
1 -105.6255 -3.8534999999999999 5 0.98768354812678638 -0.15646472049533183 0 
1 -110.60999999999999 -0.078 13.950000000000001 0 0 1 
1 -112.00650000000002 2.8665000000000003 5 0.42852158342168784 -0.90353154485151743 0 
1 -108.441 -2.367 13.950000000000001 0 0 1 
1 -108.441 -2.367 5 0.8843145137651065 -0.46689167988344304 0 
1 -110.60999999999999 -0.078 5 0.6878238069941941 -0.72587768289982146 0 
1 -71.957999999999998 16.518000000000001 13.950000000000001 0 0 1 
1 -71.957999999999998 4.8120000000000003 13.950000000000001 0 0 1 
1 -71.957999999999998 16.518000000000001 5 0 -1 0 
1 -65.316000000000003 16.518000000000001 13.950000000000001 0 0 1 
1 -65.316000000000003 16.518000000000001 5 -1 0 0 
1 -72.102000000000004 3.6059999999999999 13.950000000000001 0 0 1 
1 -71.957999999999998 4.8120000000000003 5 -0.1185608111247036 -0.9929467931694288 0 
1 -65.316000000000003 -3.8955000000000002 13.950000000000001 0 0 1 
1 -65.316000000000003 -3.8955000000000002 5 0 1 0 
1 -72.521999999999991 2.6280000000000001 13.950000000000001 0 0 1 
1 -72.102000000000004 3.6059999999999999 5 -0.39459953469333631 -0.91885320221447919 0 
1 -71.755500000000012 -3.8955000000000002 13.950000000000001 0 0 1 
1 -71.755500000000012 -3.8955000000000002 5 1 0 0 
1 -73.20150000000001 1.899 13.950000000000001 0 0 1 
1 -72.521999999999991 2.6280000000000001 5 -0.68183545083584407 -0.73150558301593394 0 
1 -71.755500000000012 -0.85799999999999987 13.950000000000001 0 0 1 
1 -71.755500000000012 -0.85799999999999987 5 0 -1 0 
1 -74.125500000000002 1.446 13.950000000000001 0 0 1 
1 -73.20150000000001 1.899 5 -0.89789812968380667 -0.44020330383848993 0 
1 -72.457499999999996 -1.9710000000000001 13.950000000000001 0 0 1 
1 -72.457499999999996 -1.9710000000000001 5 0.5334782396775325 0.84581379025797476 0 
1 -75.280499999999989 1.2885 13.950000000000001 0 0 1 
1 -74.125500000000002 1.446 5 -0.99083016804429891 -0.13511320473331417 0 
1 -73.462500000000006 -2.9385000000000003 13.950000000000001 0 0 1 
1 -73.462500000000006 -2.9385000000000003 5 0.72041969570918929 0.69353836377974021 0 
1 -76.463999999999999 1.458 13.950000000000001 0 0 1 
1 -75.280499999999989 1.2885 5 -0.98989924632445658 0.14177264237599921 0 
1 -74.725499999999997 -3.702 13.950000000000001 0 0 1 
1 -74.725499999999997 -3.702 5 0.85578430721176213 0.51733279378953378 0 
1 -77.353499999999997 1.9364999999999999 13.950000000000001 0 0 1 
1 -76.463999999999999 1.458 5 -0.88066177490232522 0.47374554164222599 0 
1 -76.197000000000003 -4.2015000000000002 13.950000000000001 0 0 1 
1 -76.197000000000003 -4.2015000000000002 5 0.94693148922349135 0.32143545964467102 0 
1 -77.968500000000006 2.6880000000000002 13.950000000000001 0 0 1 
1 -77.353499999999997 1.9364999999999999 5 -0.63332190316708181 0.77388847191880661 0 
1 -77.831999999999994 -4.3815 13.950000000000001 0 0 1 
1 -77.831999999999994 -4.3815 5 0.99399444064086595 0.10943058062101282 0 
1 -78.323999999999998 3.6734999999999998 13.950000000000001 0 0 1 
1 -77.968500000000006 2.6880000000000002 5 -0.33932779527149787 0.94066819195515716 0 
1 -80.467500000000001 -3.9929999999999999 13.950000000000001 0 0 1 
1 -80.467500000000001 -3.9929999999999999 5 0.98930901579059782 -0.14583439675000798 0 
1 -78.439499999999995 4.8525 13.950000000000001 0 0 1 
1 -78.323999999999998 3.6734999999999998 5 -0.097497650306572897 0.99523575507750794 0 
1 -82.501499999999993 -2.8875000000000002 13.950000000000001 0 0 1 
1 -82.501499999999993 -2.8875000000000002 5 0.87861268981303287 -0.4775350681358464 0 
1 -78.439499999999995 16.518000000000001 13.950000000000001 0 0 1 
1 -78.439499999999995 4.8525 5 0 1 0 
1 -83.941499999999991 -1.1535 13.950000000000001 0 0 1 
1 -83.941499999999991 -1.1535 5 0.63887430141869861 -0.76931113795834905 0 
1 -85.081499999999991 16.518000000000001 13.950000000000001 0 0 1 
1 -78.439499999999995 16.518000000000001 5 -1 0 0 
1 -84.798000000000002 1.119 13.950000000000001 0 0 1 
1 -84.798000000000002 1.119 5 0.35267977987501647 -0.93574407444947794 0 
1 -85.081499999999991 3.8399999999999999 13.950000000000001 0 0 1 
1 -85.081499999999991 16.518000000000001 5 0 -1 0 
1 -85.081499999999991 3.8399999999999999 5 0.10362868483051663 -0.99461605440506407 0 
1 -24.037499999999998 6.3104999999999993 13.950000000000001 0 0 1 
1 -24.520500000000002 9.5384999999999991 13.950000000000001 0 0 1 
1 -24.037499999999998 6.3104999999999993 5 -0.14798087896130951 0.98899022212650733 0 
1 -24.520500000000002 3.0840000000000001 13.950000000000001 0 0 1 
1 -24.520500000000002 3.0840000000000001 5 0.14804816772591831 0.98898015148586194 0 
1 -25.941000000000003 12.454500000000001 13.950000000000001 0 0 1 
1 -24.520500000000002 9.5384999999999991 5 -0.43794067347301918 0.89900387458453057 0 
1 -25.941000000000003 0.16800000000000001 13.950000000000001 0 0 1 
1 -25.941000000000003 0.16800000000000001 5 0.43794067347301935 0.89900387458453046 0 
1 -28.253999999999998 14.826000000000001 13.950000000000001 0 0 1 
1 -25.941000000000003 12.454500000000001 5 -0.69822199541625385 0.71588130658436999 0 
1 -28.253999999999998 -2.2050000000000001 13.950000000000001 0 0 1 
1 -28.253999999999998 -2.2050000000000001 5 0.69799570307511472 0.71610194699405505 0 
1 -31.414500000000004 16.420499999999997 13.950000000000001 0 0 1 
1 -28.253999999999998 14.826000000000001 5 -0.89281119765920824 0.45043108833020218 0 
1 -31.414500000000004 -3.798 13.950000000000001 0 0 1 
1 -31.414500000000004 -3.798 5 0.89298157155456725 0.45009322685854253 0 
1 -35.377499999999998 17.004000000000001 13.950000000000001 0 0 1 
1 -31.414500000000004 16.420499999999997 5 -0.98933375443890614 0.14566647633487345 0 
1 -35.377499999999998 -4.3815 13.950000000000001 0 0 1 
1 -35.377499999999998 -4.3815 5 0.98933375443890625 0.14566647633487298 0 
1 -39.340499999999999 16.420499999999997 13.950000000000001 0 0 1 
1 -35.377499999999998 17.004000000000001 5 -0.98933375443890614 -0.14566647633487345 0 
1 -39.340499999999999 -3.798 13.950000000000001 0 0 1 
1 -39.340499999999999 -3.798 5 0.98933375443890625 -0.14566647633487298 0 
1 -42.502499999999998 14.826000000000001 13.950000000000001 0 0 1 
1 -39.340499999999999 16.420499999999997 5 -0.89289711986219933 -0.45026073928534943 0 
1 -42.502499999999998 -2.2050000000000001 13.950000000000001 0 0 1 
1 -42.502499999999998 -2.2050000000000001 5 0.89306738126128682 -0.44992294065440536 0 
1 -44.8155 12.454500000000001 13.950000000000001 0 0 1 
1 -42.502499999999998 14.826000000000001 5 -0.69822199541625385 -0.71588130658436999 0 
1 -44.8155 0.16800000000000001 13.950000000000001 0 0 1 
1 -44.8155 0.16800000000000001 5 0.69799570307511472 -0.71610194699405505 0 
1 -46.236000000000004 9.5384999999999991 13.950000000000001 0 0 1 
1 -44.8155 12.454500000000001 5 -0.43794067347302057 -0.89900387458453002 0 
1 -46.236000000000004 3.0840000000000001 13.950000000000001 0 0 1 
1 -46.236000000000004 3.0840000000000001 5 0.43794067347302074 -0.89900387458452991 0 
1 -46.719000000000001 6.3104999999999993 13.950000000000001 0 0 1 
1 -46.236000000000004 9.5384999999999991 5 -0.1479808789613079 -0.98899022212650756 0 
1 -46.719000000000001 6.3104999999999993 5 0.1480481677259167 -0.98898015148586216 0 
1 -60.689999999999998 2.9609999999999999 13.950000000000001 0 0 1 
1 -60.420000000000002 0.46950000000000003 13.950000000000001 0 0 1 
1 -60.689999999999998 2.9609999999999999 5 0.10773767859403355 -0.99417935635938892 0 
1 -59.594999999999999 -1.5794999999999999 13.950000000000001 0 0 1 
1 -60.420000000000002 0.46950000000000003 5 0.37349722747184755 -0.92763129586643589 0 
1 -58.194000000000003 -3.1229999999999998 13.950000000000001 0 0 1 
1 -59.594999999999999 -1.5794999999999999 5 0.67209952300548814 -0.74046082352532028 0 
1 -56.195999999999998 -4.0949999999999998 13.950000000000001 0 0 1 
1 -58.194000000000003 -3.1229999999999998 5 0.89923508874579616 -0.43746571884930607 0 
1 -53.578500000000005 -4.4340000000000002 13.950000000000001 0 0 1 
1 -56.195999999999998 -4.0949999999999998 5 0.991717259178577 -0.12844017224891618 0 
1 -52.710000000000001 -4.4024999999999999 13.950000000000001 0 0 1 
1 -53.578500000000005 -4.4340000000000002 5 0.99934291243583884 0.036245597860367011 0 
1 -51.802499999999995 -4.3170000000000002 13.950000000000001 0 0 1 
1 -52.710000000000001 -4.4024999999999999 5 0.99559110840723375 0.093799492858201466 0 
1 -50.939999999999998 -4.1895000000000007 13.950000000000001 0 0 1 
1 -51.802499999999995 -4.3170000000000002 5 0.98924959937736867 0.1462368972992642 0 
1 -50.198999999999998 -4.0350000000000001 13.950000000000001 0 0 1 
1 -50.939999999999998 -4.1895000000000007 5 0.97894743398276651 0.20411252166037488 0 
1 -49.659000000000006 -3.8685 13.950000000000001 0 0 1 
1 -50.198999999999998 -4.0350000000000001 5 0.95560666352689572 0.2946453879207927 0 
1 -49.659000000000006 1.3845000000000001 13.950000000000001 0 0 1 
1 -49.659000000000006 -3.8685 5 0 1 0 
1 -50.047499999999999 1.2734999999999999 13.950000000000001 0 0 1 
1 -49.659000000000006 1.3845000000000001 5 -0.96152394764082316 -0.27472112789737796 0 
1 -50.445000000000007 1.1835 13.950000000000001 0 0 1 
1 -50.047499999999999 1.2734999999999999 5 -0.97531329897359553 -0.22082565259779452 0 
1 -50.857500000000002 1.1174999999999999 13.950000000000001 0 0 1 
1 -50.445000000000007 1.1835 5 -0.98744063191670528 -0.15799050110667379 0 
1 -51.293999999999997 1.0754999999999999 13.950000000000001 0 0 1 
1 -50.857500000000002 1.1174999999999999 5 -0.99540275978416093 -0.095777585133872301 0 
1 -51.760499999999993 1.0619999999999998 13.950000000000001 0 0 1 
1 -51.293999999999997 1.0754999999999999 5 -0.99958153265699989 -0.028926796764993597 0 
1 -52.605000000000004 1.1505000000000001 13.950000000000001 0 0 1 
1 -51.760499999999993 1.0619999999999998 5 -0.99455374459180079 0.10422499277249743 0 
1 -53.251499999999993 1.419 13.950000000000001 0 0 1 
1 -52.605000000000004 1.1505000000000001 5 -0.92352007097508848 0.38355009908246351 0 
1 -53.706000000000003 1.8735000000000002 13.950000000000001 0 0 1 
1 -53.251499999999993 1.419 5 -0.70710678118655246 0.70710678118654258 0 
1 -53.974499999999992 2.52 13.950000000000001 0 0 1 
1 -53.706000000000003 1.8735000000000002 5 -0.38355009908245252 0.92352007097509303 0 
1 -54.063000000000002 3.3644999999999996 13.950000000000001 0 0 1 
1 -53.974499999999992 2.52 5 -0.10422499277250583 0.9945537445917999 0 
1 -54.063000000000002 10.962 13.950000000000001 0 0 1 
1 -54.063000000000002 3.3644999999999996 5 0 1 0 
1 -49.456499999999991 10.962 13.950000000000001 0 0 1 
1 -54.063000000000002 10.962 5 1 0 0 
1 -49.456499999999991 16.4175 13.950000000000001 0 0 1 
1 -49.456499999999991 10.962 5 0 1 0 
1 -54.063000000000002 16.4175 13.950000000000001 0 0 1 
1 -49.456499999999991 16.4175 5 -1 0 0 
1 -54.063000000000002 22.518000000000001 13.950000000000001 0 0 1 
1 -54.063000000000002 16.4175 5 0 1 0 
1 -60.689999999999998 22.518000000000001 13.950000000000001 0 0 1 
1 -54.063000000000002 22.518000000000001 5 -1 0 0 
8 0 19.557000000000002
1 -60.689999999999998 22.518000000000001 5 0 -1 0 
1 -14.033999999999999 -3.8955000000000002 13.950000000000001 0 0 1 
1 -14.033999999999999 7.7294999999999998 13.950000000000001 0 0 1 
1 -14.033999999999999 -3.8955000000000002 5 0 1 0 
1 -20.677500000000002 -3.8955000000000002 13.950000000000001 0 0 1 
1 -20.677500000000002 -3.8955000000000002 5 1 0 0 
1 -13.8795 8.9669999999999987 13.950000000000001 0 0 1 
1 -14.033999999999999 7.7294999999999998 5 0.12388669831920192 0.99229637003244509 0 
1 -20.677500000000002 16.518000000000001 13.950000000000001 0 0 1 
1 -20.677500000000002 16.518000000000001 5 0 -1 0 
1 -13.432500000000001 9.9495000000000005 13.950000000000001 0 0 1 
1 -13.8795 8.9669999999999987 5 0.41411701964457232 0.91022365056105681 0 
1 -14.236499999999999 16.518000000000001 13.950000000000001 0 0 1 
1 -14.236499999999999 16.518000000000001 5 -1 0 0 
1 -12.722999999999999 10.665000000000001 13.950000000000001 0 0 1 
1 -13.432500000000001 9.9495000000000005 5 0.70412324796823578 0.71007777860644428 0 
1 -14.236499999999999 13.480499999999999 13.950000000000001 0 0 1 
1 -14.236499999999999 13.480499999999999 5 0 1 0 
1 -11.779499999999999 11.1045 13.950000000000001 0 0 1 
1 -12.722999999999999 10.665000000000001 5 0.90647745988699802 0.42225420627486476 0 
1 -13.527000000000001 14.593499999999999 13.950000000000001 0 0 1 
1 -13.527000000000001 14.593499999999999 5 -0.53753713743583853 -0.84324007606214058 0 
1 -10.632 11.253 13.950000000000001 0 0 1 
1 -11.779499999999999 11.1045 5 0.9917300292204575 0.12834153319323599 0 
1 -12.502500000000001 15.561 13.950000000000001 0 0 1 
1 -12.502500000000001 15.561 5 -0.72704267264542211 -0.68659227504582487 0 
1 -9.4395000000000007 11.083500000000001 13.950000000000001 0 0 1 
1 -10.632 11.253 5 0.99004887557362087 -0.14072392822618709 0 
1 -11.2155 16.3245 13.950000000000001 0 0 1 
1 -11.2155 16.3245 5 -0.86004719872229352 -0.51021448036089267 0 
1 -8.5289999999999999 10.605 13.950000000000001 0 0 1 
1 -9.4395000000000007 11.083500000000001 5 0.88520276241333962 -0.46520540561755391 0 
1 -9.724499999999999 16.823999999999998 13.950000000000001 0 0 1 
1 -9.724499999999999 16.823999999999998 5 -0.94820525453237037 -0.31765829955661901 0 
1 -7.8915000000000006 9.8535000000000004 13.950000000000001 0 0 1 
1 -8.5289999999999999 10.605 5 0.64689699133903256 -0.76257739449613093 0 
1 -8.0804999999999989 17.004000000000001 13.950000000000001 0 0 1 
1 -8.0804999999999989 17.004000000000001 5 -0.99405943179638434 -0.10883862391931305 0 
1 -7.5149999999999997 8.8680000000000003 13.950000000000001 0 0 1 
1 -7.8915000000000006 9.8535000000000004 5 0.35688205810371182 -0.93414945089298151 0 
1 -5.4359999999999999 16.615500000000001 13.950000000000001 0 0 1 
1 -5.4359999999999999 16.615500000000001 5 -0.98938050792675136 0.14534858284346514 0 
1 -7.3919999999999995 7.6890000000000001 13.950000000000001 0 0 1 
1 -7.5149999999999997 8.8680000000000003 5 0.10376255972960396 -0.99460209692035151 0 
1 -3.3824999999999998 15.51 13.950000000000001 0 0 1 
1 -3.3824999999999998 15.51 5 -0.88051240167043365 0.47402311178313339 0 
1 -7.3919999999999995 -3.8955000000000002 13.950000000000001 0 0 1 
1 -7.3919999999999995 7.6890000000000001 5 0 -1 0 
1 -1.9184999999999999 13.776 13.950000000000001 0 0 1 
1 -1.9184999999999999 13.776 5 -0.64511222161722093 0.76408783625974164 0 
1 -0.75 -3.8955000000000002 13.950000000000001 0 0 1 
1 -7.3919999999999995 -3.8955000000000002 5 1 0 0 
1 -1.0409999999999999 11.503499999999999 13.950000000000001 0 0 1 
1 -1.0409999999999999 11.503499999999999 5 -0.36021662139888172 0.93286868618684737 0 
1 -0.75 8.7825000000000006 13.950000000000001 0 0 1 
1 -0.75 -3.8955000000000002 5 0 1 0 
1 -0.75 8.7825000000000006 5 -0.10633957835776901 0.99432987186078847 0 
1 25.088999999999999 6.3104999999999993 13.950000000000001 0 0 1 
1 24.606000000000002 9.5384999999999991 13.950000000000001 0 0 1 
1 25.088999999999999 6.3104999999999993 5 -0.1479808789613079 0.98899022212650756 0 
1 24.606000000000002 3.0840000000000001 13.950000000000001 0 0 1 
1 24.606000000000002 3.0840000000000001 5 0.1480481677259167 0.98898015148586216 0 
1 23.185500000000001 12.454500000000001 13.950000000000001 0 0 1 
1 24.606000000000002 9.5384999999999991 5 -0.43794067347301918 0.89900387458453057 0 
1 23.185500000000001 0.16800000000000001 13.950000000000001 0 0 1 
1 23.185500000000001 0.16800000000000001 5 0.43794067347301935 0.89900387458453046 0 
1 20.872499999999999 14.826000000000001 13.950000000000001 0 0 1 
1 23.185500000000001 12.454500000000001 5 -0.69822199541625474 0.71588130658436921 0 
1 20.872499999999999 -2.2050000000000001 13.950000000000001 0 0 1 
1 20.872499999999999 -2.2050000000000001 5 0.69799570307511549 0.71610194699405416 0 
1 17.712 16.420499999999997 13.950000000000001 0 0 1 
1 20.872499999999999 14.826000000000001 5 -0.89281119765920791 0.45043108833020279 0 
1 17.712 -3.798 13.950000000000001 0 0 1 
1 17.712 -3.798 5 0.89298157155456692 0.45009322685854314 0 
1 13.749000000000001 17.004000000000001 13.950000000000001 0 0 1 
1 17.712 16.420499999999997 5 -0.98933375443890614 0.14566647633487345 0 
1 13.749000000000001 -4.3815 13.950000000000001 0 0 1 
1 13.749000000000001 -4.3815 5 0.98933375443890625 0.14566647633487298 0 
1 9.7844999999999995 16.420499999999997 13.950000000000001 0 0 1 
1 13.749000000000001 17.004000000000001 5 -0.98934169567220598 -0.14561253106942457 0 
1 9.7844999999999995 -3.798 13.950000000000001 0 0 1 
1 9.7844999999999995 -3.798 5 0.98934169567220609 -0.14561253106942409 0 
1 6.6240000000000006 14.826000000000001 13.950000000000001 0 0 1 
1 9.7844999999999995 16.420499999999997 5 -0.89281119765920791 -0.45043108833020279 0 
1 6.6240000000000006 -2.2050000000000001 13.950000000000001 0 0 1 
1 6.6240000000000006 -2.2050000000000001 5 0.89298157155456692 -0.45009322685854314 0 
1 4.3109999999999999 12.454500000000001 13.950000000000001 0 0 1 
1 6.6240000000000006 14.826000000000001 5 -0.6982219954162544 -0.71588130658436955 0 
1 4.3109999999999999 0.16800000000000001 13.950000000000001 0 0 1 
1 4.3109999999999999 0.16800000000000001 5 0.69799570307511527 -0.71610194699405461 0 
1 2.8905000000000003 9.5384999999999991 13.950000000000001 0 0 1 
1 4.3109999999999999 12.454500000000001 5 -0.43794067347301957 -0.89900387458453046 0 
1 2.8905000000000003 3.0840000000000001 13.950000000000001 0 0 1 
1 2.8905000000000003 3.0840000000000001 5 0.43794067347301968 -0.89900387458453035 0 
1 2.4074999999999998 6.3104999999999993 13.950000000000001 0 0 1 
1 2.8905000000000003 9.5384999999999991 5 -0.14798087896130829 -0.98899022212650745 0 
1 2.4074999999999998 6.3104999999999993 5 0.14804816772591711 -0.98898015148586216 0 
1 35.090999999999994 -3.8955000000000002 13.950000000000001 0 0 1 
1 35.090999999999994 7.7294999999999998 13.950000000000001 0 0 1 
1 35.090999999999994 -3.8955000000000002 5 0 1 0 
1 28.449000000000002 -3.8955000000000002 13.950000000000001 0 0 1 
1 28.449000000000002 -3.8955000000000002 5 1 0 0 
1 35.233499999999999 8.9669999999999987 13.950000000000001 0 0 1 
1 35.090999999999994 7.7294999999999998 5 0.11439557748274956 0.99343527813964227 0 
1 28.449000000000002 16.518000000000001 13.950000000000001 0 0 1 
1 28.449000000000002 16.518000000000001 5 0 -1 0 
1 35.650500000000001 9.9495000000000005 13.950000000000001 0 0 1 
1 35.233499999999999 8.9669999999999987 5 0.39069420740779709 0.92052052464787193 0 
1 34.888500000000001 16.518000000000001 13.950000000000001 0 0 1 
1 34.888500000000001 16.518000000000001 5 -1 0 0 
1 36.323999999999998 10.665000000000001 13.950000000000001 0 0 1 
1 35.650500000000001 9.9495000000000005 5 0.68541231409577508 0.72815517555386144 0 
1 34.888500000000001 13.480499999999999 13.950000000000001 0 0 1 
1 34.888500000000001 13.480499999999999 5 0 1 0 
1 37.237499999999997 11.1045 13.950000000000001 0 0 1 
1 36.323999999999998 10.665000000000001 5 0.90113015547839548 0.43354866265216746 0 
1 35.581499999999998 14.593499999999999 13.950000000000001 0 0 1 
1 35.581499999999998 14.593499999999999 5 -0.52855845274500068 -0.84889690895409142 0 
1 38.371499999999997 11.253 13.950000000000001 0 0 1 
1 37.237499999999997 11.1045 5 0.99153446132215217 0.12984379850647254 0 
1 36.567 15.561 13.950000000000001 0 0 1 
1 36.567 15.561 5 -0.71359358672857376 -0.70055991391161498 0 
1 39.552 11.083500000000001 13.950000000000001 0 0 1 
1 38.371499999999997 11.253 5 0.98984862315944144 -0.1421256599962091 0 
1 37.804499999999997 16.3245 13.950000000000001 0 0 1 
1 37.804499999999997 16.3245 5 -0.85105562918603761 -0.52507553364326343 0 
1 40.432499999999997 10.605 13.950000000000001 0 0 1 
1 39.552 11.083500000000001 5 0.87863816142262496 -0.47748820015982529 0 
1 39.256500000000003 16.823999999999998 13.950000000000001 0 0 1 
1 39.256500000000003 16.823999999999998 5 -0.94561149575922732 -0.32529816951221374 0 
1 41.034000000000006 9.8535000000000004 13.950000000000001 0 0 1 
1 40.432499999999997 10.605 5 0.62488506769822427 -0.78071675540351115 0 
1 40.884 17.004000000000001 13.950000000000001 0 0 1 
1 40.884 17.004000000000001 5 -0.99393946565510805 -0.10992878882821554 0 
1 41.380499999999998 8.8680000000000003 13.950000000000001 0 0 1 
1 41.034000000000006 9.8535000000000004 5 0.3316932497809798 -0.94338729483162564 0 
1 42.608999999999995 16.847999999999999 13.950000000000001 0 0 1 
1 42.608999999999995 16.847999999999999 5 -0.99593568795511545 0.090067227432463579 0 
1 41.491500000000002 7.6890000000000001 13.950000000000001 0 0 1 
1 41.380499999999998 8.8680000000000003 5 0.093733085045136763 -0.99559736277670063 0 
1 44.094000000000001 16.3935 13.950000000000001 0 0 1 
1 44.094000000000001 16.3935 5 -0.95621650553499316 0.29266020320919334 0 
1 41.491500000000002 -3.8955000000000002 13.950000000000001 0 0 1 
1 41.491500000000002 7.6890000000000001 5 0 -1 0 
1 45.338999999999999 15.666 13.950000000000001 0 0 1 
1 45.338999999999999 15.666 5 -0.86340136868150297 0.50451766724160152 0 
1 48.133499999999998 -3.8955000000000002 13.950000000000001 0 0 1 
1 41.491500000000002 -3.8955000000000002 5 1 0 0 
1 46.347000000000001 14.686500000000001 13.950000000000001 0 0 1 
1 46.347000000000001 14.686500000000001 5 -0.71717269514808724 0.69689549096979297 0 
1 48.133499999999998 7.9320000000000004 13.950000000000001 0 0 1 
1 48.133499999999998 -3.8955000000000002 5 0 1 0 
1 47.121000000000002 13.480499999999999 13.950000000000001 0 0 1 
1 47.121000000000002 13.480499999999999 5 -0.54012258580769523 0.84158635463059228 0 
1 48.283500000000004 9.0704999999999991 13.950000000000001 0 0 1 
1 48.133499999999998 7.9320000000000004 5 0.13062345864973254 0.99143205115145527 0 
1 48.007500000000007 14.625 13.950000000000001 0 0 1 
1 48.007500000000007 14.625 5 -0.61236125911475647 -0.79057807225813581 0 
1 48.716999999999999 9.9930000000000003 13.950000000000001 0 0 1 
1 48.283500000000004 9.0704999999999991 5 0.42530087066277489 0.90505202580486266 0 
1 49.149000000000001 15.595500000000001 13.950000000000001 0 0 1 
1 49.149000000000001 15.595500000000001 5 -0.76186520829608462 -0.64773559759207588 0 
1 49.402500000000003 10.6785 13.950000000000001 0 0 1 
1 48.716999999999999 9.9930000000000003 5 0.70710678118654824 0.7071067811865468 0 
1 50.527500000000003 16.347000000000001 13.950000000000001 0 0 1 
1 50.527500000000003 16.347000000000001 5 -0.8780050853148581 -0.47865130331092653 0 
1 50.310000000000002 11.106 13.950000000000001 0 0 1 
1 49.402500000000003 10.6785 5 0.90464919283760559 0.42615705778300667 0 
1 52.125 16.831499999999998 13.950000000000001 0 0 1 
1 52.125 16.831499999999998 5 -0.9569563633519107 -0.29023183602128472 0 
1 51.414000000000001 11.253 13.950000000000001 0 0 1 
1 50.310000000000002 11.106 5 0.99125141002743178 0.13198728013952124 0 
1 53.925000000000004 17.004000000000001 13.950000000000001 0 0 1 
1 53.925000000000004 17.004000000000001 5 -0.99543937585301545 -0.09539627351924726 0 
1 52.592999999999996 11.083500000000001 13.950000000000001 0 0 1 
1 51.414000000000001 11.253 5 0.98982316947502758 -0.14230282207465458 0 
1 56.560500000000005 16.615500000000001 13.950000000000001 0 0 1 
1 56.560500000000005 16.615500000000001 5 -0.98930901579059771 0.14583439675000881 0 
1 53.473500000000001 10.605 13.950000000000001 0 0 1 
1 52.592999999999996 11.083500000000001 5 0.87863816142262618 -0.47748820015982307 0 
1 58.594500000000004 15.51 13.950000000000001 0 0 1 
1 58.594500000000004 15.51 5 -0.87861268981303386 0.47753506813584456 0 
1 54.076500000000003 9.8535000000000004 13.950000000000001 0 0 1 
1 53.473500000000001 10.605 5 0.6258335046370006 -0.77995668115208139 0 
1 60.034500000000008 13.776 13.950000000000001 0 0 1 
1 60.034500000000008 13.776 5 -0.6388743014186985 0.76931113795834916 0 
1 54.422999999999995 8.8680000000000003 13.950000000000001 0 0 1 
1 54.076500000000003 9.8535000000000004 5 0.3316932497809752 -0.9433872948316272 0 
1 60.892499999999998 11.503499999999999 13.950000000000001 0 0 1 
1 60.892499999999998 11.503499999999999 5 -0.35322043044314022 0.93554012608629611 0 
1 54.532499999999999 7.6890000000000001 13.950000000000001 0 0 1 
1 54.422999999999995 8.8680000000000003 5 0.092477327862052872 -0.99571479040511124 0 
1 61.176000000000002 8.7825000000000006 13.950000000000001 0 0 1 
1 61.176000000000002 8.7825000000000006 5 -0.10362868483051668 0.99461605440506407 0 
1 54.532499999999999 -3.8955000000000002 13.950000000000001 0 0 1 
1 54.532499999999999 7.6890000000000001 5 0 -1 0 
1 61.176000000000002 -3.8955000000000002 13.950000000000001 0 0 1 
1 61.176000000000002 -3.8955000000000002 5 0 1 0 
1 54.532499999999999 -3.8955000000000002 5 1 0 0 
1 71.900999999999996 -7.7250000000000005 13.950000000000001 0 0 1 
1 71.860500000000002 16.564499999999999 13.950000000000001 0 0 1 
1 71.900999999999996 -7.7250000000000005 5 -0.001667384824779279 0.99999860991295697 0 
1 65.359499999999997 16.564499999999999 13.950000000000001 0 0 1 
1 71.860500000000002 16.564499999999999 5 -1 0 0 
1 65.392499999999998 -2.2995000000000001 13.950000000000001 0 0 1 
1 65.359499999999997 16.564499999999999 5 0.0017493611909241711 -0.99999846986654117 0 
1 65.392499999999998 -2.2995000000000001 5 0.76811969711937222 -0.64030627897690029 0 
1 -95.974499999999992 6.3104999999999993 5 -0.13969906572825255 0.99019400676567082 0 
1 -96.212999999999994 8.0009999999999994 5 -0.42698475400559593 0.90425882348295661 0 
1 -96.888000000000005 9.4305000000000003 5 -0.69070939035152323 0.7231324485045787 0 
1 -97.942499999999995 10.5345 5 -0.8887353059314258 0.4584207194171912 0 
1 -99.318000000000012 11.244 5 -0.98837169765061728 0.15205718425394063 0 
1 -100.956 11.495999999999999 5 -0.98774807464353387 -0.15605685194182314 0 
1 -102.56999999999999 11.241 5 -0.88340687909136129 -0.46860674981700934 0 
1 -103.92449999999999 10.522499999999999 5 -0.68298707407545944 -0.73043045982888943 0 
1 -104.96100000000001 9.4139999999999997 5 -0.42111130645462358 -0.9070089677484342 0 
1 -105.624 7.9859999999999998 5 -0.13744754019937419 -0.99050904775935367 0 
1 -105.8565 6.3104999999999993 5 0.13756837127468877 -0.99049227317775146 0 
1 -105.624 4.6364999999999998 5 0.42111130645462341 -0.90700896774843431 0 
1 -104.96100000000001 3.2084999999999999 5 0.68298707407545944 -0.73043045982888943 0 
1 -103.92449999999999 2.0999999999999996 5 0.8834068790913614 -0.46860674981700917 0 
1 -102.56999999999999 1.3815 5 0.98774807464353387 -0.15605685194182325 0 
1 -100.956 1.1265000000000001 5 0.98837169765061716 0.15205718425394132 0 
1 -99.318000000000012 1.3785000000000001 5 0.88873530593142613 0.45842071941719054 0 
1 -97.942499999999995 2.0880000000000001 5 0.69070939035152312 0.72313244850457892 0 
1 -96.888000000000005 3.1920000000000002 5 0.4269847540055961 0.9042588234829565 0 
1 -96.212999999999994 4.6215000000000002 5 0.13982070796687363 0.99017683755157715 0 
1 -30.517499999999998 6.3104999999999993 5 -0.12229777151157988 0.99249345342087847 0 
1 -30.712500000000002 7.8929999999999989 5 -0.38015837507413253 0.92492140739686379 0 
1 -31.294499999999999 9.3090000000000011 5 -0.64782252094056336 0.76179129777269938 0 
1 -32.266500000000001 10.452 5 -0.87188309289872434 0.48971407200258654 0 
1 -33.628500000000003 11.216999999999999 5 -0.98751451395645917 0.15752804425034414 0 
1 -35.377499999999998 11.495999999999999 5 -0.98753550413474178 -0.15739640425797963 0 
1 -37.128 11.216999999999999 5 -0.87165252269554938 -0.4901243512400551 0 
1 -38.488500000000002 10.452 5 -0.64782252094056336 -0.76179129777269938 0 
1 -39.460499999999996 9.3090000000000011 5 -0.38099609670276213 -0.92457664598304645 0 
1 -40.044000000000004 7.8929999999999989 5 -0.12137093046693236 -0.99260722203578144 0 
1 -40.237499999999997 6.3104999999999993 5 0.12148438447014413 -0.99259334288010925 0 
1 -40.044000000000004 4.7294999999999998 5 0.38099609670276241 -0.92457664598304634 0 
1 -39.460499999999996 3.3135000000000003 5 0.64782252094056303 -0.7617912977726996 0 
1 -38.488500000000002 2.1705000000000001 5 0.87165252269554927 -0.49012435124005527 0 
1 -37.128 1.4055 5 0.98753550413474178 -0.15739640425797974 0 
1 -35.377499999999998 1.1265000000000001 5 0.98751451395645906 0.15752804425034425 0 
1 -33.628500000000003 1.4055 5 0.87188309289872423 0.48971407200258671 0 
1 -32.266500000000001 2.1705000000000001 5 0.64782252094056303 0.7617912977726996 0 
1 -31.294499999999999 3.3135000000000003 5 0.3801583750741328 0.92492140739686368 0 
1 -30.712500000000002 4.7294999999999998 5 0.12241206565762518 0.99247936310103368 0 
1 18.609000000000002 6.3104999999999993 5 -0.12229777151157824 0.99249345342087869 0 
1 18.414000000000001 7.8929999999999989 5 -0.38099609670275913 0.92457664598304767 0 
1 17.830500000000001 9.3090000000000011 5 -0.64782252094056336 0.76179129777269938 0 
1 16.858499999999999 10.452 5 -0.87165252269554938 0.4901243512400551 0 
1 15.498000000000001 11.216999999999999 5 -0.98751451395645917 0.15752804425034414 0 
1 13.749000000000001 11.495999999999999 5 -0.98753550413474189 -0.15739640425797927 0 
1 11.9985 11.216999999999999 5 -0.87165252269554938 -0.4901243512400551 0 
1 10.638 10.452 5 -0.64782252094056336 -0.76179129777269938 0 
1 9.6660000000000004 9.3090000000000011 5 -0.38099609670275986 -0.92457664598304734 0 
1 9.0824999999999996 7.8929999999999989 5 -0.12229777151157741 -0.9924934534208788 0 
1 8.8874999999999993 6.3104999999999993 5 0.12241206565762271 -0.99247936310103402 0 
1 9.0824999999999996 4.7294999999999998 5 0.38099609670276019 -0.92457664598304723 0 
1 9.6660000000000004 3.3135000000000003 5 0.64782252094056303 -0.7617912977726996 0 
1 10.638 2.1705000000000001 5 0.87165252269554927 -0.49012435124005527 0 
1 11.9985 1.4055 5 0.98753550413474189 -0.15739640425797938 0 
1 13.749000000000001 1.1265000000000001 5 0.98751451395645906 0.15752804425034425 0 
1 15.498000000000001 1.4055 5 0.87165252269554927 0.49012435124005527 0 
1 16.858499999999999 2.1705000000000001 5 0.64782252094056303 0.7617912977726996 0 
1 17.830500000000001 3.3135000000000003 5 0.38099609670275941 0.92457664598304756 0 
1 18.414000000000001 4.7294999999999998 5 0.12241206565762353 0.9924793631010338 0 
1 -95.974499999999992 6.3104999999999993 13.950000000000001 0 0 1 
1 -96.212999999999994 8.0009999999999994 13.950000000000001 0 0 1 
1 -95.974499999999992 6.3104999999999993 4.6500000000000004 -0.13969906572825255 0.99019400676567082 0 
1 -96.888000000000005 9.4305000000000003 13.950000000000001 0 0 1 
1 -96.212999999999994 8.0009999999999994 4.6500000000000004 -0.42698475400559593 0.90425882348295661 0 
1 -97.942499999999995 10.5345 13.950000000000001 0 0 1 
1 -96.888000000000005 9.4305000000000003 4.6500000000000004 -0.69070939035152323 0.7231324485045787 0 
1 -99.318000000000012 11.244 13.950000000000001 0 0 1 
1 -97.942499999999995 10.5345 4.6500000000000004 -0.8887353059314258 0.4584207194171912 0 
1 -100.956 11.495999999999999 13.950000000000001 0 0 1 
1 -99.318000000000012 11.244 4.6500000000000004 -0.98837169765061728 0.15205718425394063 0 
1 -102.56999999999999 11.241 13.950000000000001 0 0 1 
1 -100.956 11.495999999999999 4.6500000000000004 -0.98774807464353387 -0.15605685194182314 0 
1 -103.92449999999999 10.522499999999999 13.950000000000001 0 0 1 
1 -102.56999999999999 11.241 4.6500000000000004 -0.88340687909136129 -0.46860674981700934 0 
1 -104.96100000000001 9.4139999999999997 13.950000000000001 0 0 1 
1 -103.92449999999999 10.522499999999999 4.6500000000000004 -0.68298707407545944 -0.73043045982888943 0 
1 -105.624 7.9859999999999998 13.950000000000001 0 0 1 
1 -104.96100000000001 9.4139999999999997 4.6500000000000004 -0.42111130645462358 -0.9070089677484342 0 
1 -105.8565 6.3104999999999993 13.950000000000001 0 0 1 
1 -105.624 7.9859999999999998 4.6500000000000004 -0.13744754019937419 -0.99050904775935367 0 
1 -105.624 4.6364999999999998 13.950000000000001 0 0 1 
1 -105.8565 6.3104999999999993 4.6500000000000004 0.13756837127468877 -0.99049227317775146 0 
1 -104.96100000000001 3.2084999999999999 13.950000000000001 0 0 1 
1 -105.624 4.6364999999999998 4.6500000000000004 0.42111130645462341 -0.90700896774843431 0 
1 -103.92449999999999 2.0999999999999996 13.950000000000001 0 0 1 
1 -104.96100000000001 3.2084999999999999 4.6500000000000004 0.68298707407545944 -0.73043045982888943 0 
1 -102.56999999999999 1.3815 13.950000000000001 0 0 1 
1 -103.92449999999999 2.0999999999999996 4.6500000000000004 0.8834068790913614 -0.46860674981700917 0 
1 -100.956 1.1265000000000001 13.950000000000001 0 0 1 
1 -102.56999999999999 1.3815 4.6500000000000004 0.98774807464353387 -0.15605685194182325 0 
1 -99.318000000000012 1.3785000000000001 13.950000000000001 0 0 1 
1 -100.956 1.1265000000000001 4.6500000000000004 0.98837169765061716 0.15205718425394132 0 
1 -97.942499999999995 2.0880000000000001 13.950000000000001 0 0 1 
1 -99.318000000000012 1.3785000000000001 4.6500000000000004 0.88873530593142613 0.45842071941719054 0 
1 -96.888000000000005 3.1920000000000002 13.950000000000001 0 0 1 
1 -97.942499999999995 2.0880000000000001 4.6500000000000004 0.69070939035152312 0.72313244850457892 0 
1 -96.212999999999994 4.6215000000000002 13.950000000000001 0 0 1 
1 -96.888000000000005 3.1920000000000002 4.6500000000000004 0.4269847540055961 0.9042588234829565 0 
1 -96.212999999999994 4.6215000000000002 4.6500000000000004 0.13982070796687363 0.99017683755157715 0 
1 -30.517499999999998 6.3104999999999993 13.950000000000001 0 0 1 
1 -30.712500000000002 7.8929999999999989 13.950000000000001 0 0 1 
1 -30.517499999999998 6.3104999999999993 4.6500000000000004 -0.12229777151157988 0.99249345342087847 0 
1 -31.294499999999999 9.3090000000000011 13.950000000000001 0 0 1 
1 -30.712500000000002 7.8929999999999989 4.6500000000000004 -0.38015837507413253 0.92492140739686379 0 
1 -32.266500000000001 10.452 13.950000000000001 0 0 1 
1 -31.294499999999999 9.3090000000000011 4.6500000000000004 -0.64782252094056336 0.76179129777269938 0 
1 -33.628500000000003 11.216999999999999 13.950000000000001 0 0 1 
1 -32.266500000000001 10.452 4.6500000000000004 -0.87188309289872434 0.48971407200258654 0 
1 -35.377499999999998 11.495999999999999 13.950000000000001 0 0 1 
1 -33.628500000000003 11.216999999999999 4.6500000000000004 -0.98751451395645917 0.15752804425034414 0 
1 -37.128 11.216999999999999 13.950000000000001 0 0 1 
1 -35.377499999999998 11.495999999999999 4.6500000000000004 -0.98753550413474178 -0.15739640425797963 0 
1 -38.488500000000002 10.452 13.950000000000001 0 0 1 
1 -37.128 11.216999999999999 4.6500000000000004 -0.87165252269554938 -0.4901243512400551 0 
1 -39.460499999999996 9.3090000000000011 13.950000000000001 0 0 1 
1 -38.488500000000002 10.452 4.6500000000000004 -0.64782252094056336 -0.76179129777269938 0 
1 -40.044000000000004 7.8929999999999989 13.950000000000001 0 0 1 
1 -39.460499999999996 9.3090000000000011 4.6500000000000004 -0.38099609670276213 -0.92457664598304645 0 
1 -40.237499999999997 6.3104999999999993 13.950000000000001 0 0 1 
1 -40.044000000000004 7.8929999999999989 4.6500000000000004 -0.12137093046693236 -0.99260722203578144 0 
1 -40.044000000000004 4.7294999999999998 13.950000000000001 0 0 1 
1 -40.237499999999997 6.3104999999999993 4.6500000000000004 0.12148438447014413 -0.99259334288010925 0 
1 -39.460499999999996 3.3135000000000003 13.950000000000001 0 0 1 
1 -40.044000000000004 4.7294999999999998 4.6500000000000004 0.38099609670276241 -0.92457664598304634 0 
1 -38.488500000000002 2.1705000000000001 13.950000000000001 0 0 1 
1 -39.460499999999996 3.3135000000000003 4.6500000000000004 0.64782252094056303 -0.7617912977726996 0 
1 -37.128 1.4055 13.950000000000001 0 0 1 
1 -38.488500000000002 2.1705000000000001 4.6500000000000004 0.87165252269554927 -0.49012435124005527 0 
1 -35.377499999999998 1.1265000000000001 13.950000000000001 0 0 1 
1 -37.128 1.4055 4.6500000000000004 0.98753550413474178 -0.15739640425797974 0 
1 -33.628500000000003 1.4055 13.950000000000001 0 0 1 
1 -35.377499999999998 1.1265000000000001 4.6500000000000004 0.98751451395645906 0.15752804425034425 0 
1 -32.266500000000001 2.1705000000000001 13.950000000000001 0 0 1 
1 -33.628500000000003 1.4055 4.6500000000000004 0.87188309289872423 0.48971407200258671 0 
1 -31.294499999999999 3.3135000000000003 13.950000000000001 0 0 1 
1 -32.266500000000001 2.1705000000000001 4.6500000000000004 0.64782252094056303 0.7617912977726996 0 
1 -30.712500000000002 4.7294999999999998 13.950000000000001 0 0 1 
1 -31.294499999999999 3.3135000000000003 4.6500000000000004 0.3801583750741328 0.92492140739686368 0 
1 -30.712500000000002 4.7294999999999998 4.6500000000000004 0.12241206565762518 0.99247936310103368 0 
1 18.609000000000002 6.3104999999999993 13.950000000000001 0 0 1 
1 18.414000000000001 7.8929999999999989 13.950000000000001 0 0 1 
1 18.609000000000002 6.3104999999999993 4.6500000000000004 -0.12229777151157824 0.99249345342087869 0 
1 17.830500000000001 9.3090000000000011 13.950000000000001 0 0 1 
1 18.414000000000001 7.8929999999999989 4.6500000000000004 -0.38099609670275913 0.92457664598304767 0 
1 16.858499999999999 10.452 13.950000000000001 0 0 1 
1 17.830500000000001 9.3090000000000011 4.6500000000000004 -0.64782252094056336 0.76179129777269938 0 
1 15.498000000000001 11.216999999999999 13.950000000000001 0 0 1 
1 16.858499999999999 10.452 4.6500000000000004 -0.87165252269554938 0.4901243512400551 0 
1 13.749000000000001 11.495999999999999 13.950000000000001 0 0 1 
1 15.498000000000001 11.216999999999999 4.6500000000000004 -0.98751451395645917 0.15752804425034414 0 
1 11.9985 11.216999999999999 13.950000000000001 0 0 1 
1 13.749000000000001 11.495999999999999 4.6500000000000004 -0.98753550413474189 -0.15739640425797927 0 
1 10.638 10.452 13.950000000000001 0 0 1 
1 11.9985 11.216999999999999 4.6500000000000004 -0.87165252269554938 -0.4901243512400551 0 
1 9.6660000000000004 9.3090000000000011 13.950000000000001 0 0 1 
1 10.638 10.452 4.6500000000000004 -0.64782252094056336 -0.76179129777269938 0 
1 9.0824999999999996 7.8929999999999989 13.950000000000001 0 0 1 
1 9.6660000000000004 9.3090000000000011 4.6500000000000004 -0.38099609670275986 -0.92457664598304734 0 
1 8.8874999999999993 6.3104999999999993 13.950000000000001 0 0 1 
1 9.0824999999999996 7.8929999999999989 4.6500000000000004 -0.12229777151157741 -0.9924934534208788 0 
1 9.0824999999999996 4.7294999999999998 13.950000000000001 0 0 1 
1 8.8874999999999993 6.3104999999999993 4.6500000000000004 0.12241206565762271 -0.99247936310103402 0 
1 9.6660000000000004 3.3135000000000003 13.950000000000001 0 0 1 
1 9.0824999999999996 4.7294999999999998 4.6500000000000004 0.38099609670276019 -0.92457664598304723 0 
1 10.638 2.1705000000000001 13.950000000000001 0 0 1 
1 9.6660000000000004 3.3135000000000003 4.6500000000000004 0.64782252094056303 -0.7617912977726996 0 
1 11.9985 1.4055 13.950000000000001 0 0 1 
1 10.638 2.1705000000000001 4.6500000000000004 0.87165252269554927 -0.49012435124005527 0 
1 13.749000000000001 1.1265000000000001 13.950000000000001 0 0 1 
1 11.9985 1.4055 4.6500000000000004 0.98753550413474189 -0.15739640425797938 0 
1 15.498000000000001 1.4055 13.950000000000001 0 0 1 
1 13.749000000000001 1.1265000000000001 4.6500000000000004 0.98751451395645906 0.15752804425034425 0 
1 16.858499999999999 2.1705000000000001 13.950000000000001 0 0 1 
1 15.498000000000001 1.4055 4.6500000000000004 0.87165252269554927 0.49012435124005527 0 
1 17.830500000000001 3.3135000000000003 13.950000000000001 0 0 1 
1 16.858499999999999 2.1705000000000001 4.6500000000000004 0.64782252094056303 0.7617912977726996 0 
1 18.414000000000001 4.7294999999999998 13.950000000000001 0 0 1 
1 17.830500000000001 3.3135000000000003 4.6500000000000004 0.38099609670275941 0.92457664598304756 0 
1 18.414000000000001 4.7294999999999998 4.6500000000000004 0.12241206565762353 0.9924793631010338 0 
Polygon3D 0
PolygonOnTriangulations 0
Surfaces 675
1 -156 34.543500000000002 0 1 0 -0 0 -1 0 0 -0 -1 
2 -138.01000639553604 34.548300639913876 0 -0 -0 -1 -0.70692038203431617 0.70729313121537996 0 -0.70729313121537996 -0.70692038203431617 0 17.989994244990683
2 -138.01000639553604 -34.548300639913876 0 -0 -0 -1 -0.99999996439539063 0.00026685055306300426 0 -0.00026685055306300426 -0.99999996439539063 0 17.989994244990683
1 -122.27250000000001 75.727499999999992 0 0.70710678118654757 -0.70710678118654757 0 -0.70710678118654757 -0.70710678118654757 0 0 -0 -1 
1 -150.72749999999999 -47.272500000000001 0 0.70710678118654757 0.70710678118654757 -0 0.70710678118654757 -0.70710678118654757 0 0 -0 -1 
1 -4.212597848258051e-15 1.466886750732714e-15 0 0 0 1 1 0 0 0 1 0 
2 -109.54830063991389 63.01000639553606 0 -0 0 -1 0.00026685055306448566 0.99999996439539063 0 -0.99999996439539063 0.00026685055306448566 0 17.989994244990655
2 0 162 -1.5 -0 -0 -1 1 0 0 0 1 0 90
2 -109.54830063991389 -63.01000639553606 0 -0 -0 -1 -0.70729313121537996 -0.70692038203431606 0 0.70692038203431606 -0.70729313121537996 0 17.989994244990655
2 109.54830063991389 63.01000639553606 0 -0 0 -1 0.70729313121537996 0.70692038203431606 0 -0.70692038203431606 0.70729313121537996 0 17.989994244990655
2 0 -162 -1.5 -0 -0 -1 1 0 0 0 1 0 90
2 138.01000639553604 34.548300639913876 0 0 -0 -1 0.99999996439539063 -0.00026685055306300426 0 0.00026685055306300426 0.99999996439539063 0 17.989994244990683
2 109.54830063991389 -63.01000639553606 0 -0 -0 -1 -0.00026685055306448566 -0.99999996439539063 0 0.99999996439539063 -0.00026685055306448566 0 17.989994244990655
2 138.01000639553604 -34.548300639913876 0 0 -0 -1 0.70692038203431617 -0.70729313121537996 0 0.70729313121537996 0.70692038203431617 0 17.989994244990683
2 -132.75 -57 -1.5 -0 -0 -1 1 0 0 0 1 0 3.1500000000000004
2 132.75 -57 -1.5 -0 -0 -1 1 0 0 0 1 0 3.1500000000000004
2 -132.75 57 -1.5 -0 -0 -1 1 0 0 0 1 0 3.1500000000000004
2 132.75 57 -1.5 -0 -0 -1 1 0 0 0 1 0 3.1500000000000004
1 -4.212597848258051e-15 1.466886750732714e-15 2 0 0 1 1 0 0 0 1 0 
2 -107.0588801314266 57.001069314332206 6 -0 0 -1 7.3350821609596879e-05 0.99999999730982847 0 -0.99999999730982847 7.3350821609596879e-05 0 11.99893071794698
2 -132.00106931433234 32.058880131426662 6 -0 -0 -1 -0.7070988978190752 0.70711466446613103 0 -0.70711466446613103 -0.7070988978190752 0 11.998930717946848
2 0 162 6 -0 -0 -1 1 0 0 0 1 0 102
2 -132.00106931433234 -32.058880131426662 6 -0 -0 -1 -0.99999999730982847 7.335082161492721e-05 0 -7.335082161492721e-05 -0.99999999730982847 0 11.998930717946848
2 107.0588801314266 57.001069314332206 6 -0 0 -1 0.70711466446612814 0.70709889781907809 0 -0.70709889781907809 0.70711466446612814 0 11.998930717946978
2 -107.0588801314266 -57.001069314332206 6 -0 -0 -1 -0.70711466446612814 -0.70709889781907809 0 0.70709889781907809 -0.70711466446612814 0 11.998930717946978
2 132.00106931433234 32.058880131426662 6 0 -0 -1 0.99999999730982847 -7.335082161492721e-05 0 7.335082161492721e-05 0.99999999730982847 0 11.998930717946848
2 0 -162 6 -0 -0 -1 1 0 0 0 1 0 102
2 132.00106931433234 -32.058880131426662 6 0 -0 -1 0.7070988978190752 -0.70711466446613103 0 0.70711466446613103 0.7070988978190752 0 11.998930717946848
2 107.0588801314266 -57.001069314332206 6 -0 -0 -1 -7.3350821609596879e-05 -0.99999999730982847 0 0.99999999730982847 -7.3350821609596879e-05 0 11.99893071794698
1 109.54349999999999 81 0 0 -1 0 -1 0 0 -0 -0 -1 
1 -109.54349999999999 -81 0 0 1 0 1 0 0 0 0 -1 
1 109.54349999999999 81 0 0 -1 0 -1 0 0 -0 -0 -1 
1 150.72749999999999 47.272500000000001 0 -0.70710678118654757 -0.70710678118654757 0 -0.70710678118654757 0.70710678118654757 0 -0 0 -1 
1 -109.54349999999999 -81 0 0 1 0 1 0 0 0 0 -1 
1 156 -34.543500000000002 0 -1 0 0 0 1 0 0 0 -1 
1 122.27250000000001 -75.727499999999992 0 -0.70710678118654757 0.70710678118654757 0 0.70710678118654757 0.70710678118654757 0 0 0 -1 
1 -115.54349999999999 65.485500000000002 6 0.70710678118654746 -0.70710678118654768 0 -0.70710678118654768 -0.70710678118654746 0 0 -0 -1 
2 -126.5588801314266 37.501069314332199 9 -0 0 -1 7.3350821609596812e-05 0.99999999730982847 0 -0.99999999730982847 7.3350821609596812e-05 0 11.99893071794699
1 -41.892720131299122 69 6 0 -1 0 -1 0 0 -0 -0 -1 
1 -144 32.058 6 1 0 -0 0 -1 0 0 -0 -1 
1 107.05799999999999 69 6 0 -1 0 -1 0 0 -0 -0 -1 
1 -140.4855 -40.543500000000002 6 0.70710678118654746 0.70710678118654768 -0 0.70710678118654768 -0.70710678118654746 0 0 -0 -1 
2 -126.5588801314266 -37.501069314332199 9 -0 -0 -1 -0.70711466446612747 -0.70709889781907875 0 0.70709889781907875 -0.70711466446612747 0 11.99893071794699
1 -107.05799999999999 -69 6 0 1 0 1 0 0 0 0 -1 
1 140.4855 40.543500000000002 6 -0.70710678118654746 -0.70710678118654768 0 -0.70710678118654768 0.70710678118654746 0 -0 0 -1 
2 126.5588801314266 37.501069314332199 9 -0 0 -1 0.70711466446612747 0.70709889781907875 0 -0.70709889781907875 0.70711466446612747 0 11.99893071794699
1 144 -32.058 6 -1 0 0 0 1 0 0 0 -1 
1 41.892720131306177 -69 6 0 1 0 1 0 0 0 0 -1 
1 115.54349999999999 -65.485500000000002 6 -0.70710678118654746 0.70710678118654768 0 0.70710678118654768 0.70710678118654746 0 0 0 -1 
2 126.5588801314266 -37.501069314332199 9 -0 -0 -1 -7.3350821609596812e-05 -0.99999999730982847 0 0.99999999730982847 -7.3350821609596812e-05 0 11.99893071794699
1 4.5515682627499031e-15 -2.3999178112681307e-15 3 0 0 1 1 0 0 0 1 0 
9 0 0 0 0 1 1 2 2 2 2 -64.5 53.25 9  -64.5 58.050000000000004 12.75  
-70.5 59.25 9  -65.700000000000003 59.25 12.75  

0 2
5.6568542494923806 2

0 2
1 2

9 0 0 0 0 1 1 2 2 2 2 -58.5 59.25 9  -63.299999999999997 59.25 12.75  
-64.5 53.25 9  -64.5 58.050000000000004 12.75  

0 2
5.6568542494923806 2

0 2
1 2

9 0 0 0 0 1 1 2 2 2 2 -64.5 65.25 9  -64.5 60.449999999999996 12.75  
-58.5 59.25 9  -63.299999999999997 59.25 12.75  

0 2
5.6568542494923806 2

0 2
1 2

9 0 0 0 0 1 1 2 2 2 2 -70.5 59.25 9  -65.700000000000003 59.25 12.75  
-64.5 65.25 9  -64.5 60.449999999999996 12.75  

0 2
5.6568542494923806 2

0 2
1 2

9 0 0 0 0 1 1 2 2 2 2 -58.5 53.25 9  -58.5 58.050000000000004 12.75  
-64.5 59.25 9  -59.700000000000003 59.25 12.75  

0 2
5.6568542494923806 2

0 2
1 2

9 0 0 0 0 1 1 2 2 2 2 -52.5 59.25 9  -57.299999999999997 59.25 12.75  
-58.5 53.25 9  -58.5 58.050000000000004 12.75  

0 2
5.6568542494923806 2

0 2
1 2

9 0 0 0 0 1 1 2 2 2 2 -58.5 65.25 9  -58.5 60.449999999999996 12.75  
-52.5 59.25 9  -57.299999999999997 59.25 12.75  

0 2
5.6568542494923806 2

0 2
1 2

9 0 0 0 0 1 1 2 2 2 2 -64.5 59.25 9  -59.700000000000003 59.25 12.75  
-58.5 65.25 9  -58.5 60.449999999999996 12.75  

0 2
5.6568542494923806 2

0 2
1 2

9 0 0 0 0 1 1 2 2 2 2 -52.5 53.25 9  -52.5 58.050000000000004 12.75  
-58.5 59.25 9  -53.700000000000003 59.25 12.75  

0 2
5.6568542494923806 2

0 2
1 2

9 0 0 0 0 1 1 2 2 2 2 -46.5 59.25 9  -51.299999999999997 59.25 12.75  
-52.5 53.25 9  -52.5 58.050000000000004 12.75  

0 2
5.6568542494923806 2

0 2
1 2

9 0 0 0 0 1 1 2 2 2 2 -52.5 65.25 9  -52.5 60.449999999999996 12.75  
-46.5 59.25 9  -51.299999999999997 59.25 12.75  

0 2
5.6568542494923806 2

0 2
1 2

9 0 0 0 0 1 1 2 2 2 2 -58.5 59.25 9  -53.700000000000003 59.25 12.75  
-52.5 65.25 9  -52.5 60.449999999999996 12.75  

0 2
5.6568542494923806 2

0 2
1 2

9 0 0 0 0 1 1 2 2 2 2 -46.5 53.25 9  -46.5 58.050000000000004 12.75  
-52.5 59.25 9  -47.700000000000003 59.25 12.75  

0 2
5.6568542494923806 2

0 2
1 2

9 0 0 0 0 1 1 2 2 2 2 -40.5 59.25 9  -45.299999999999997 59.25 12.75  
-46.5 53.25 9  -46.5 58.050000000000004 12.75  

0 2
5.6568542494923806 2

0 2
1 2

9 0 0 0 0 1 1 2 2 2 2 -46.5 65.25 9  -46.5 60.449999999999996 12.75  
-40.5 59.25 9  -45.299999999999997 59.25 12.75  

0 2
5.6568542494923806 2

0 2
1 2

9 0 0 0 0 1 1 2 2 2 2 -52.5 59.25 9  -47.700000000000003 59.25 12.75  
-46.5 65.25 9  -46.5 60.449999999999996 12.75  

0 2
5.6568542494923806 2

0 2
1 2

9 0 0 0 0 1 1 2 2 2 2 -40.5 53.25 9  -40.5 58.050000000000004 12.75  
-46.5 59.25 9  -41.700000000000003 59.25 12.75  

0 2
5.6568542494923806 2

0 2
1 2

9 0 0 0 0 1 1 2 2 2 2 -34.5 59.25 9  -39.299999999999997 59.25 12.75  
-40.5 53.25 9  -40.5 58.050000000000004 12.75  

0 2
5.6568542494923806 2

0 2
1 2

9 0 0 0 0 1 1 2 2 2 2 -40.5 65.25 9  -40.5 60.449999999999996 12.75  
-34.5 59.25 9  -39.299999999999997 59.25 12.75  

0 2
5.6568542494923806 2

0 2
1 2

9 0 0 0 0 1 1 2 2 2 2 -46.5 59.25 9  -41.700000000000003 59.25 12.75  
-40.5 65.25 9  -40.5 60.449999999999996 12.75  

0 2
5.6568542494923806 2

0 2
1 2

9 0 0 0 0 1 1 2 2 2 2 46.5 59.25 9  41.700000000000003 59.25 12.75  
40.5 65.25 9  40.5 60.449999999999996 12.75  

0 2
5.6568542494923806 2

0 2
1 2

9 0 0 0 0 1 1 2 2 2 2 40.5 53.25 9  40.5 58.050000000000004 12.75  
46.5 59.25 9  41.700000000000003 59.25 12.75  

0 2
5.6568542494923806 2

0 2
1 2

9 0 0 0 0 1 1 2 2 2 2 40.5 65.25 9  40.5 60.449999999999996 12.75  
34.5 59.25 9  39.299999999999997 59.25 12.75  

0 2
5.6568542494923806 2

0 2
1 2

9 0 0 0 0 1 1 2 2 2 2 34.5 59.25 9  39.299999999999997 59.25 12.75  
40.5 53.25 9  40.5 58.050000000000004 12.75  

0 2
5.6568542494923806 2

0 2
1 2

9 0 0 0 0 1 1 2 2 2 2 52.5 59.25 9  47.700000000000003 59.25 12.75  
46.5 65.25 9  46.5 60.449999999999996 12.75  

0 2
5.6568542494923806 2

0 2
1 2

9 0 0 0 0 1 1 2 2 2 2 46.5 53.25 9  46.5 58.050000000000004 12.75  
52.5 59.25 9  47.700000000000003 59.25 12.75  

0 2
5.6568542494923806 2

0 2
1 2

9 0 0 0 0 1 1 2 2 2 2 46.5 65.25 9  46.5 60.449999999999996 12.75  
40.5 59.25 9  45.299999999999997 59.25 12.75  

0 2
5.6568542494923806 2

0 2
1 2

9 0 0 0 0 1 1 2 2 2 2 40.5 59.25 9  45.299999999999997 59.25 12.75  
46.5 53.25 9  46.5 58.050000000000004 12.75  

0 2
5.6568542494923806 2

0 2
1 2

9 0 0 0 0 1 1 2 2 2 2 58.5 59.25 9  53.700000000000003 59.25 12.75  
52.5 65.25 9  52.5 60.449999999999996 12.75  

0 2
5.6568542494923806 2

0 2
1 2

9 0 0 0 0 1 1 2 2 2 2 52.5 53.25 9  52.5 58.050000000000004 12.75  
58.5 59.25 9  53.700000000000003 59.25 12.75  

0 2
5.6568542494923806 2

0 2
1 2

9 0 0 0 0 1 1 2 2 2 2 52.5 65.25 9  52.5 60.449999999999996 12.75  
46.5 59.25 9  51.299999999999997 59.25 12.75  

0 2
5.6568542494923806 2

0 2
1 2

9 0 0 0 0 1 1 2 2 2 2 46.5 59.25 9  51.299999999999997 59.25 12.75  
52.5 53.25 9  52.5 58.050000000000004 12.75  

0 2
5.6568542494923806 2

0 2
1 2

9 0 0 0 0 1 1 2 2 2 2 64.5 59.25 9  59.700000000000003 59.25 12.75  
58.5 65.25 9  58.5 60.449999999999996 12.75  

0 2
5.6568542494923806 2

0 2
1 2

9 0 0 0 0 1 1 2 2 2 2 58.5 53.25 9  58.5 58.050000000000004 12.75  
64.5 59.25 9  59.700000000000003 59.25 12.75  

0 2
5.6568542494923806 2

0 2
1 2

9 0 0 0 0 1 1 2 2 2 2 58.5 65.25 9  58.5 60.449999999999996 12.75  
52.5 59.25 9  57.299999999999997 59.25 12.75  

0 2
5.6568542494923806 2

0 2
1 2

9 0 0 0 0 1 1 2 2 2 2 52.5 59.25 9  57.299999999999997 59.25 12.75  
58.5 53.25 9  58.5 58.050000000000004 12.75  

0 2
5.6568542494923806 2

0 2
1 2

9 0 0 0 0 1 1 2 2 2 2 70.5 59.25 9  65.700000000000003 59.25 12.75  
64.5 65.25 9  64.5 60.449999999999996 12.75  

0 2
5.6568542494923806 2

0 2
1 2

9 0 0 0 0 1 1 2 2 2 2 64.5 53.25 9  64.5 58.050000000000004 12.75  
70.5 59.25 9  65.700000000000003 59.25 12.75  

0 2
5.6568542494923806 2

0 2
1 2

9 0 0 0 0 1 1 2 2 2 2 64.5 65.25 9  64.5 60.449999999999996 12.75  
58.5 59.25 9  63.299999999999997 59.25 12.75  

0 2
5.6568542494923806 2

0 2
1 2

9 0 0 0 0 1 1 2 2 2 2 58.5 59.25 9  63.299999999999997 59.25 12.75  
64.5 53.25 9  64.5 58.050000000000004 12.75  

0 2
5.6568542494923806 2

0 2
1 2

1 126.55799999999999 49.5 9 0 -1 0 -1 0 0 -0 -0 -1 
1 -8.2048478987341169e-15 -4.3183409993337454e-16 4 0 0 1 1 0 0 0 1 0 
9 0 0 0 0 1 1 2 2 2 2 -126 -34.950000000000003 12  -126 -38.700000000000003 14.700000000000001  
-121.19999999999999 -39.75 12  -124.94999999999999 -39.75 14.700000000000001  

0 2
4.525483399593905 2

0 2
1 2

9 0 0 0 0 1 1 2 2 2 2 -130.80000000000001 -39.75 12  -127.05000000000001 -39.75 14.700000000000001  
-126 -34.950000000000003 12  -126 -38.700000000000003 14.700000000000001  

0 2
4.525483399593905 2

0 2
1 2

9 0 0 0 0 1 1 2 2 2 2 -126 -44.549999999999997 12  -126 -40.799999999999997 14.700000000000001  
-130.80000000000001 -39.75 12  -127.05000000000001 -39.75 14.700000000000001  

0 2
4.525483399593905 2

0 2
1 2

9 0 0 0 0 1 1 2 2 2 2 -121.19999999999999 -39.75 12  -124.94999999999999 -39.75 14.700000000000001  
-126 -44.549999999999997 12  -126 -40.799999999999997 14.700000000000001  

0 2
4.525483399593905 2

0 2
1 2

9 0 0 0 0 1 1 2 2 2 2 -120.75 -34.950000000000003 12  -120.75 -38.700000000000003 14.700000000000001  
-115.94999999999999 -39.75 12  -119.69999999999999 -39.75 14.700000000000001  

0 2
4.525483399593905 2

0 2
1 2

9 0 0 0 0 1 1 2 2 2 2 -125.55000000000001 -39.75 12  -121.80000000000001 -39.75 14.700000000000001  
-120.75 -34.950000000000003 12  -120.75 -38.700000000000003 14.700000000000001  

0 2
4.525483399593905 2

0 2
1 2

9 0 0 0 0 1 1 2 2 2 2 -120.75 -44.549999999999997 12  -120.75 -40.799999999999997 14.700000000000001  
-125.55000000000001 -39.75 12  -121.80000000000001 -39.75 14.700000000000001  

0 2
4.525483399593905 2

0 2
1 2

9 0 0 0 0 1 1 2 2 2 2 -115.94999999999999 -39.75 12  -119.69999999999999 -39.75 14.700000000000001  
-120.75 -44.549999999999997 12  -120.75 -40.799999999999997 14.700000000000001  

0 2
4.525483399593905 2

0 2
1 2

9 0 0 0 0 1 1 2 2 2 2 -115.5 -34.950000000000003 12  -115.5 -38.700000000000003 14.700000000000001  
-110.69999999999999 -39.75 12  -114.44999999999999 -39.75 14.700000000000001  

0 2
4.525483399593905 2

0 2
1 2

9 0 0 0 0 1 1 2 2 2 2 -120.30000000000001 -39.75 12  -116.55000000000001 -39.75 14.700000000000001  
-115.5 -34.950000000000003 12  -115.5 -38.700000000000003 14.700000000000001  

0 2
4.525483399593905 2

0 2
1 2

9 0 0 0 0 1 1 2 2 2 2 -115.5 -44.549999999999997 12  -115.5 -40.799999999999997 14.700000000000001  
-120.30000000000001 -39.75 12  -116.55000000000001 -39.75 14.700000000000001  

0 2
4.525483399593905 2

0 2
1 2

9 0 0 0 0 1 1 2 2 2 2 -110.69999999999999 -39.75 12  -114.44999999999999 -39.75 14.700000000000001  
-115.5 -44.549999999999997 12  -115.5 -40.799999999999997 14.700000000000001  

0 2
4.525483399593905 2

0 2
1 2

9 0 0 0 0 1 1 2 2 2 2 -110.25 -34.950000000000003 12  -110.25 -38.700000000000003 14.700000000000001  
-105.44999999999999 -39.75 12  -109.19999999999999 -39.75 14.700000000000001  

0 2
4.525483399593905 2

0 2
1 2

9 0 0 0 0 1 1 2 2 2 2 -115.05000000000001 -39.75 12  -111.30000000000001 -39.75 14.700000000000001  
-110.25 -34.950000000000003 12  -110.25 -38.700000000000003 14.700000000000001  

0 2
4.525483399593905 2

0 2
1 2

9 0 0 0 0 1 1 2 2 2 2 -110.25 -44.549999999999997 12  -110.25 -40.799999999999997 14.700000000000001  
-115.05000000000001 -39.75 12  -111.30000000000001 -39.75 14.700000000000001  

0 2
4.525483399593905 2

0 2
1 2

9 0 0 0 0 1 1 2 2 2 2 -105.44999999999999 -39.75 12  -109.19999999999999 -39.75 14.700000000000001  
-110.25 -44.549999999999997 12  -110.25 -40.799999999999997 14.700000000000001  

0 2
4.525483399593905 2

0 2
1 2

9 0 0 0 0 1 1 2 2 2 2 -105 -34.950000000000003 12  -105 -38.700000000000003 14.700000000000001  
-100.19999999999999 -39.75 12  -103.94999999999999 -39.75 14.700000000000001  

0 2
4.525483399593905 2

0 2
1 2

9 0 0 0 0 1 1 2 2 2 2 -109.80000000000001 -39.75 12  -106.05000000000001 -39.75 14.700000000000001  
-105 -34.950000000000003 12  -105 -38.700000000000003 14.700000000000001  

0 2
4.525483399593905 2

0 2
1 2

9 0 0 0 0 1 1 2 2 2 2 -105 -44.549999999999997 12  -105 -40.799999999999997 14.700000000000001  
-109.80000000000001 -39.75 12  -106.05000000000001 -39.75 14.700000000000001  

0 2
4.525483399593905 2

0 2
1 2

9 0 0 0 0 1 1 2 2 2 2 -100.19999999999999 -39.75 12  -103.94999999999999 -39.75 14.700000000000001  
-105 -44.549999999999997 12  -105 -40.799999999999997 14.700000000000001  

0 2
4.525483399593905 2

0 2
1 2

9 0 0 0 0 1 1 2 2 2 2 -99.75 -34.950000000000003 12  -99.75 -38.700000000000003 14.700000000000001  
-94.949999999999989 -39.75 12  -98.699999999999989 -39.75 14.700000000000001  

0 2
4.525483399593905 2

0 2
1 2

9 0 0 0 0 1 1 2 2 2 2 -104.55000000000001 -39.75 12  -100.80000000000001 -39.75 14.700000000000001  
-99.75 -34.950000000000003 12  -99.75 -38.700000000000003 14.700000000000001  

0 2
4.525483399593905 2

0 2
1 2

9 0 0 0 0 1 1 2 2 2 2 -99.75 -44.549999999999997 12  -99.75 -40.799999999999997 14.700000000000001  
-104.55000000000001 -39.75 12  -100.80000000000001 -39.75 14.700000000000001  

0 2
4.525483399593905 2

0 2
1 2

9 0 0 0 0 1 1 2 2 2 2 -94.949999999999989 -39.75 12  -98.699999999999989 -39.75 14.700000000000001  
-99.75 -44.549999999999997 12  -99.75 -40.799999999999997 14.700000000000001  

0 2
4.525483399593905 2

0 2
1 2

9 0 0 0 0 1 1 2 2 2 2 -94.5 -34.950000000000003 12  -94.5 -38.700000000000003 14.700000000000001  
-89.699999999999989 -39.75 12  -93.449999999999989 -39.75 14.700000000000001  

0 2
4.525483399593905 2

0 2
1 2

9 0 0 0 0 1 1 2 2 2 2 -99.300000000000011 -39.75 12  -95.550000000000011 -39.75 14.700000000000001  
-94.5 -34.950000000000003 12  -94.5 -38.700000000000003 14.700000000000001  

0 2
4.525483399593905 2

0 2
1 2

9 0 0 0 0 1 1 2 2 2 2 -94.5 -44.549999999999997 12  -94.5 -40.799999999999997 14.700000000000001  
-99.300000000000011 -39.75 12  -95.550000000000011 -39.75 14.700000000000001  

0 2
4.525483399593905 2

0 2
1 2

9 0 0 0 0 1 1 2 2 2 2 -89.699999999999989 -39.75 12  -93.449999999999989 -39.75 14.700000000000001  
-94.5 -44.549999999999997 12  -94.5 -40.799999999999997 14.700000000000001  

0 2
4.525483399593905 2

0 2
1 2

9 0 0 0 0 1 1 2 2 2 2 -89.25 -34.950000000000003 12  -89.25 -38.700000000000003 14.700000000000001  
-84.449999999999989 -39.75 12  -88.199999999999989 -39.75 14.700000000000001  

0 2
4.525483399593905 2

0 2
1 2

9 0 0 0 0 1 1 2 2 2 2 -94.050000000000011 -39.75 12  -90.300000000000011 -39.75 14.700000000000001  
-89.25 -34.950000000000003 12  -89.25 -38.700000000000003 14.700000000000001  

0 2
4.525483399593905 2

0 2
1 2

9 0 0 0 0 1 1 2 2 2 2 -89.25 -44.549999999999997 12  -89.25 -40.799999999999997 14.700000000000001  
-94.050000000000011 -39.75 12  -90.300000000000011 -39.75 14.700000000000001  

0 2
4.525483399593905 2

0 2
1 2

9 0 0 0 0 1 1 2 2 2 2 -84.449999999999989 -39.75 12  -88.199999999999989 -39.75 14.700000000000001  
-89.25 -44.549999999999997 12  -89.25 -40.799999999999997 14.700000000000001  

0 2
4.525483399593905 2

0 2
1 2

9 0 0 0 0 1 1 2 2 2 2 -84 -34.950000000000003 12  -84 -38.700000000000003 14.700000000000001  
-79.199999999999989 -39.75 12  -82.949999999999989 -39.75 14.700000000000001  

0 2
4.525483399593905 2

0 2
1 2

9 0 0 0 0 1 1 2 2 2 2 -88.800000000000011 -39.75 12  -85.050000000000011 -39.75 14.700000000000001  
-84 -34.950000000000003 12  -84 -38.700000000000003 14.700000000000001  

0 2
4.525483399593905 2

0 2
1 2

9 0 0 0 0 1 1 2 2 2 2 -84 -44.549999999999997 12  -84 -40.799999999999997 14.700000000000001  
-88.800000000000011 -39.75 12  -85.050000000000011 -39.75 14.700000000000001  

0 2
4.525483399593905 2

0 2
1 2

9 0 0 0 0 1 1 2 2 2 2 -79.199999999999989 -39.75 12  -82.949999999999989 -39.75 14.700000000000001  
-84 -44.549999999999997 12  -84 -40.799999999999997 14.700000000000001  

0 2
4.525483399593905 2

0 2
1 2

9 0 0 0 0 1 1 2 2 2 2 -78.75 -34.950000000000003 12  -78.75 -38.700000000000003 14.700000000000001  
-73.949999999999989 -39.75 12  -77.699999999999989 -39.75 14.700000000000001  

0 2
4.525483399593905 2

0 2
1 2

9 0 0 0 0 1 1 2 2 2 2 -83.550000000000011 -39.75 12  -79.800000000000011 -39.75 14.700000000000001  
-78.75 -34.950000000000003 12  -78.75 -38.700000000000003 14.700000000000001  

0 2
4.525483399593905 2

0 2
1 2

9 0 0 0 0 1 1 2 2 2 2 -78.75 -44.549999999999997 12  -78.75 -40.799999999999997 14.700000000000001  
-83.550000000000011 -39.75 12  -79.800000000000011 -39.75 14.700000000000001  

0 2
4.525483399593905 2

0 2
1 2

9 0 0 0 0 1 1 2 2 2 2 -73.949999999999989 -39.75 12  -77.699999999999989 -39.75 14.700000000000001  
-78.75 -44.549999999999997 12  -78.75 -40.799999999999997 14.700000000000001  

0 2
4.525483399593905 2

0 2
1 2

9 0 0 0 0 1 1 2 2 2 2 -73.5 -34.950000000000003 12  -73.5 -38.700000000000003 14.700000000000001  
-68.699999999999989 -39.75 12  -72.449999999999989 -39.75 14.700000000000001  

0 2
4.525483399593905 2

0 2
1 2

9 0 0 0 0 1 1 2 2 2 2 -78.300000000000011 -39.75 12  -74.550000000000011 -39.75 14.700000000000001  
-73.5 -34.950000000000003 12  -73.5 -38.700000000000003 14.700000000000001  

0 2
4.525483399593905 2

0 2
1 2

9 0 0 0 0 1 1 2 2 2 2 -73.5 -44.549999999999997 12  -73.5 -40.799999999999997 14.700000000000001  
-78.300000000000011 -39.75 12  -74.550000000000011 -39.75 14.700000000000001  

0 2
4.525483399593905 2

0 2
1 2

9 0 0 0 0 1 1 2 2 2 2 -68.699999999999989 -39.75 12  -72.449999999999989 -39.75 14.700000000000001  
-73.5 -44.549999999999997 12  -73.5 -40.799999999999997 14.700000000000001  

0 2
4.525483399593905 2

0 2
1 2

9 0 0 0 0 1 1 2 2 2 2 -68.25 -34.950000000000003 12  -68.25 -38.700000000000003 14.700000000000001  
-63.449999999999989 -39.75 12  -67.199999999999989 -39.75 14.700000000000001  

0 2
4.525483399593905 2

0 2
1 2

9 0 0 0 0 1 1 2 2 2 2 -73.050000000000011 -39.75 12  -69.300000000000011 -39.75 14.700000000000001  
-68.25 -34.950000000000003 12  -68.25 -38.700000000000003 14.700000000000001  

0 2
4.525483399593905 2

0 2
1 2

9 0 0 0 0 1 1 2 2 2 2 -68.25 -44.549999999999997 12  -68.25 -40.799999999999997 14.700000000000001  
-73.050000000000011 -39.75 12  -69.300000000000011 -39.75 14.700000000000001  

0 2
4.525483399593905 2

0 2
1 2

9 0 0 0 0 1 1 2 2 2 2 -63.449999999999989 -39.75 12  -67.199999999999989 -39.75 14.700000000000001  
-68.25 -44.549999999999997 12  -68.25 -40.799999999999997 14.700000000000001  

0 2
4.525483399593905 2

0 2
1 2

9 0 0 0 0 1 1 2 2 2 2 -63 -34.950000000000003 12  -63 -38.700000000000003 14.700000000000001  
-58.199999999999989 -39.75 12  -61.949999999999989 -39.75 14.700000000000001  

0 2
4.525483399593905 2

0 2
1 2

9 0 0 0 0 1 1 2 2 2 2 -67.800000000000011 -39.75 12  -64.050000000000011 -39.75 14.700000000000001  
-63 -34.950000000000003 12  -63 -38.700000000000003 14.700000000000001  

0 2
4.525483399593905 2

0 2
1 2

9 0 0 0 0 1 1 2 2 2 2 -63 -44.549999999999997 12  -63 -40.799999999999997 14.700000000000001  
-67.800000000000011 -39.75 12  -64.050000000000011 -39.75 14.700000000000001  

0 2
4.525483399593905 2

0 2
1 2

9 0 0 0 0 1 1 2 2 2 2 -58.199999999999989 -39.75 12  -61.949999999999989 -39.75 14.700000000000001  
-63 -44.549999999999997 12  -63 -40.799999999999997 14.700000000000001  

0 2
4.525483399593905 2

0 2
1 2

9 0 0 0 0 1 1 2 2 2 2 -57.75 -34.950000000000003 12  -57.75 -38.700000000000003 14.700000000000001  
-52.949999999999989 -39.75 12  -56.699999999999989 -39.75 14.700000000000001  

0 2
4.525483399593905 2

0 2
1 2

9 0 0 0 0 1 1 2 2 2 2 -62.550000000000011 -39.75 12  -58.800000000000011 -39.75 14.700000000000001  
-57.75 -34.950000000000003 12  -57.75 -38.700000000000003 14.700000000000001  

0 2
4.525483399593905 2

0 2
1 2

9 0 0 0 0 1 1 2 2 2 2 -57.75 -44.549999999999997 12  -57.75 -40.799999999999997 14.700000000000001  
-62.550000000000011 -39.75 12  -58.800000000000011 -39.75 14.700000000000001  

0 2
4.525483399593905 2

0 2
1 2

9 0 0 0 0 1 1 2 2 2 2 -52.949999999999989 -39.75 12  -56.699999999999989 -39.75 14.700000000000001  
-57.75 -44.549999999999997 12  -57.75 -40.799999999999997 14.700000000000001  

0 2
4.525483399593905 2

0 2
1 2

9 0 0 0 0 1 1 2 2 2 2 -52.5 -34.950000000000003 12  -52.5 -38.700000000000003 14.700000000000001  
-47.699999999999989 -39.75 12  -51.449999999999989 -39.75 14.700000000000001  

0 2
4.525483399593905 2

0 2
1 2

9 0 0 0 0 1 1 2 2 2 2 -57.300000000000011 -39.75 12  -53.550000000000011 -39.75 14.700000000000001  
-52.5 -34.950000000000003 12  -52.5 -38.700000000000003 14.700000000000001  

0 2
4.525483399593905 2

0 2
1 2

9 0 0 0 0 1 1 2 2 2 2 -52.5 -44.549999999999997 12  -52.5 -40.799999999999997 14.700000000000001  
-57.300000000000011 -39.75 12  -53.550000000000011 -39.75 14.700000000000001  

0 2
4.525483399593905 2

0 2
1 2

9 0 0 0 0 1 1 2 2 2 2 -47.699999999999989 -39.75 12  -51.449999999999989 -39.75 14.700000000000001  
-52.5 -44.549999999999997 12  -52.5 -40.799999999999997 14.700000000000001  

0 2
4.525483399593905 2

0 2
1 2

9 0 0 0 0 1 1 2 2 2 2 -47.25 -34.950000000000003 12  -47.25 -38.700000000000003 14.700000000000001  
-42.449999999999989 -39.75 12  -46.199999999999989 -39.75 14.700000000000001  

0 2
4.525483399593905 2

0 2
1 2

9 0 0 0 0 1 1 2 2 2 2 -52.050000000000011 -39.75 12  -48.300000000000011 -39.75 14.700000000000001  
-47.25 -34.950000000000003 12  -47.25 -38.700000000000003 14.700000000000001  

0 2
4.525483399593905 2

0 2
1 2

9 0 0 0 0 1 1 2 2 2 2 -47.25 -44.549999999999997 12  -47.25 -40.799999999999997 14.700000000000001  
-52.050000000000011 -39.75 12  -48.300000000000011 -39.75 14.700000000000001  

0 2
4.525483399593905 2

0 2
1 2

9 0 0 0 0 1 1 2 2 2 2 -42.449999999999989 -39.75 12  -46.199999999999989 -39.75 14.700000000000001  
-47.25 -44.549999999999997 12  -47.25 -40.799999999999997 14.700000000000001  

0 2
4.525483399593905 2

0 2
1 2

9 0 0 0 0 1 1 2 2 2 2 -42 -34.950000000000003 12  -42 -38.700000000000003 14.700000000000001  
-37.199999999999989 -39.75 12  -40.949999999999989 -39.75 14.700000000000001  

0 2
4.525483399593905 2

0 2
1 2

9 0 0 0 0 1 1 2 2 2 2 -46.800000000000011 -39.75 12  -43.050000000000011 -39.75 14.700000000000001  
-42 -34.950000000000003 12  -42 -38.700000000000003 14.700000000000001  

0 2
4.525483399593905 2

0 2
1 2

9 0 0 0 0 1 1 2 2 2 2 -42 -44.549999999999997 12  -42 -40.799999999999997 14.700000000000001  
-46.800000000000011 -39.75 12  -43.050000000000011 -39.75 14.700000000000001  

0 2
4.525483399593905 2

0 2
1 2

9 0 0 0 0 1 1 2 2 2 2 -37.199999999999989 -39.75 12  -40.949999999999989 -39.75 14.700000000000001  
-42 -44.549999999999997 12  -42 -40.799999999999997 14.700000000000001  

0 2
4.525483399593905 2

0 2
1 2

9 0 0 0 0 1 1 2 2 2 2 -121.19999999999999 39.75 12  -124.94999999999999 39.75 14.700000000000001  
-126 44.549999999999997 12  -126 40.799999999999997 14.700000000000001  

0 2
4.525483399593905 2

0 2
1 2

9 0 0 0 0 1 1 2 2 2 2 -126 34.950000000000003 12  -126 38.700000000000003 14.700000000000001  
-121.19999999999999 39.75 12  -124.94999999999999 39.75 14.700000000000001  

0 2
4.525483399593905 2

0 2
1 2

9 0 0 0 0 1 1 2 2 2 2 -126 44.549999999999997 12  -126 40.799999999999997 14.700000000000001  
-130.80000000000001 39.75 12  -127.05000000000001 39.75 14.700000000000001  

0 2
4.525483399593905 2

0 2
1 2

9 0 0 0 0 1 1 2 2 2 2 -130.80000000000001 39.75 12  -127.05000000000001 39.75 14.700000000000001  
-126 34.950000000000003 12  -126 38.700000000000003 14.700000000000001  

0 2
4.525483399593905 2

0 2
1 2

9 0 0 0 0 1 1 2 2 2 2 -115.94999999999999 39.75 12  -119.69999999999999 39.75 14.700000000000001  
-120.75 44.549999999999997 12  -120.75 40.799999999999997 14.700000000000001  

0 2
4.525483399593905 2

0 2
1 2

9 0 0 0 0 1 1 2 2 2 2 -120.75 34.950000000000003 12  -120.75 38.700000000000003 14.700000000000001  
-115.94999999999999 39.75 12  -119.69999999999999 39.75 14.700000000000001  

0 2
4.525483399593905 2

0 2
1 2

9 0 0 0 0 1 1 2 2 2 2 -120.75 44.549999999999997 12  -120.75 40.799999999999997 14.700000000000001  
-125.55000000000001 39.75 12  -121.80000000000001 39.75 14.700000000000001  

0 2
4.525483399593905 2

0 2
1 2

9 0 0 0 0 1 1 2 2 2 2 -125.55000000000001 39.75 12  -121.80000000000001 39.75 14.700000000000001  
-120.75 34.950000000000003 12  -120.75 38.700000000000003 14.700000000000001  

0 2
4.525483399593905 2

0 2
1 2

9 0 0 0 0 1 1 2 2 2 2 -110.69999999999999 39.75 12  -114.44999999999999 39.75 14.700000000000001  
-115.5 44.549999999999997 12  -115.5 40.799999999999997 14.700000000000001  

0 2
4.525483399593905 2

0 2
1 2

9 0 0 0 0 1 1 2 2 2 2 -115.5 34.950000000000003 12  -115.5 38.700000000000003 14.700000000000001  
-110.69999999999999 39.75 12  -114.44999999999999 39.75 14.700000000000001  

0 2
4.525483399593905 2

0 2
1 2

9 0 0 0 0 1 1 2 2 2 2 -115.5 44.549999999999997 12  -115.5 40.799999999999997 14.700000000000001  
-120.30000000000001 39.75 12  -116.55000000000001 39.75 14.700000000000001  

0 2
4.525483399593905 2

0 2
1 2

9 0 0 0 0 1 1 2 2 2 2 -120.30000000000001 39.75 12  -116.55000000000001 39.75 14.700000000000001  
-115.5 34.950000000000003 12  -115.5 38.700000000000003 14.700000000000001  

0 2
4.525483399593905 2

0 2
1 2

9 0 0 0 0 1 1 2 2 2 2 -105.44999999999999 39.75 12  -109.19999999999999 39.75 14.700000000000001  
-110.25 44.549999999999997 12  -110.25 40.799999999999997 14.700000000000001  

0 2
4.525483399593905 2

0 2
1 2

9 0 0 0 0 1 1 2 2 2 2 -110.25 34.950000000000003 12  -110.25 38.700000000000003 14.700000000000001  
-105.44999999999999 39.75 12  -109.19999999999999 39.75 14.700000000000001  

0 2
4.525483399593905 2

0 2
1 2

9 0 0 0 0 1 1 2 2 2 2 -110.25 44.549999999999997 12  -110.25 40.799999999999997 14.700000000000001  
-115.05000000000001 39.75 12  -111.30000000000001 39.75 14.700000000000001  

0 2
4.525483399593905 2

0 2
1 2

9 0 0 0 0 1 1 2 2 2 2 -115.05000000000001 39.75 12  -111.30000000000001 39.75 14.700000000000001  
-110.25 34.950000000000003 12  -110.25 38.700000000000003 14.700000000000001  

0 2
4.525483399593905 2

0 2
1 2

9 0 0 0 0 1 1 2 2 2 2 -100.19999999999999 39.75 12  -103.94999999999999 39.75 14.700000000000001  
-105 44.549999999999997 12  -105 40.799999999999997 14.700000000000001  

0 2
4.525483399593905 2

0 2
1 2

9 0 0 0 0 1 1 2 2 2 2 -105 34.950000000000003 12  -105 38.700000000000003 14.700000000000001  
-100.19999999999999 39.75 12  -103.94999999999999 39.75 14.700000000000001  

0 2
4.525483399593905 2

0 2
1 2

9 0 0 0 0 1 1 2 2 2 2 -105 44.549999999999997 12  -105 40.799999999999997 14.700000000000001  
-109.80000000000001 39.75 12  -106.05000000000001 39.75 14.700000000000001  

0 2
4.525483399593905 2

0 2
1 2

9 0 0 0 0 1 1 2 2 2 2 -109.80000000000001 39.75 12  -106.05000000000001 39.75 14.700000000000001  
-105 34.950000000000003 12  -105 38.700000000000003 14.700000000000001  

0 2
4.525483399593905 2

0 2
1 2

9 0 0 0 0 1 1 2 2 2 2 -94.949999999999989 39.75 12  -98.699999999999989 39.75 14.700000000000001  
-99.75 44.549999999999997 12  -99.75 40.799999999999997 14.700000000000001  

0 2
4.525483399593905 2

0 2
1 2

9 0 0 0 0 1 1 2 2 2 2 -99.75 34.950000000000003 12  -99.75 38.700000000000003 14.700000000000001  
-94.949999999999989 39.75 12  -98.699999999999989 39.75 14.700000000000001  

0 2
4.525483399593905 2

0 2
1 2

9 0 0 0 0 1 1 2 2 2 2 -99.75 44.549999999999997 12  -99.75 40.799999999999997 14.700000000000001  
-104.55000000000001 39.75 12  -100.80000000000001 39.75 14.700000000000001  

0 2
4.525483399593905 2

0 2
1 2

9 0 0 0 0 1 1 2 2 2 2 -104.55000000000001 39.75 12  -100.80000000000001 39.75 14.700000000000001  
-99.75 34.950000000000003 12  -99.75 38.700000000000003 14.700000000000001  

0 2
4.525483399593905 2

0 2
1 2

9 0 0 0 0 1 1 2 2 2 2 -89.699999999999989 39.75 12  -93.449999999999989 39.75 14.700000000000001  
-94.5 44.549999999999997 12  -94.5 40.799999999999997 14.700000000000001  

0 2
4.525483399593905 2

0 2
1 2

9 0 0 0 0 1 1 2 2 2 2 -94.5 34.950000000000003 12  -94.5 38.700000000000003 14.700000000000001  
-89.699999999999989 39.75 12  -93.449999999999989 39.75 14.700000000000001  

0 2
4.525483399593905 2

0 2
1 2

9 0 0 0 0 1 1 2 2 2 2 -94.5 44.549999999999997 12  -94.5 40.799999999999997 14.700000000000001  
-99.300000000000011 39.75 12  -95.550000000000011 39.75 14.700000000000001  

0 2
4.525483399593905 2

0 2
1 2

9 0 0 0 0 1 1 2 2 2 2 -99.300000000000011 39.75 12  -95.550000000000011 39.75 14.700000000000001  
-94.5 34.950000000000003 12  -94.5 38.700000000000003 14.700000000000001  

0 2
4.525483399593905 2

0 2
1 2

9 0 0 0 0 1 1 2 2 2 2 -84.449999999999989 39.75 12  -88.199999999999989 39.75 14.700000000000001  
-89.25 44.549999999999997 12  -89.25 40.799999999999997 14.700000000000001  

0 2
4.525483399593905 2

0 2
1 2

9 0 0 0 0 1 1 2 2 2 2 -89.25 34.950000000000003 12  -89.25 38.700000000000003 14.700000000000001  
-84.449999999999989 39.75 12  -88.199999999999989 39.75 14.700000000000001  

0 2
4.525483399593905 2

0 2
1 2

9 0 0 0 0 1 1 2 2 2 2 -89.25 44.549999999999997 12  -89.25 40.799999999999997 14.700000000000001  
-94.050000000000011 39.75 12  -90.300000000000011 39.75 14.700000000000001  

0 2
4.525483399593905 2

0 2
1 2

9 0 0 0 0 1 1 2 2 2 2 -94.050000000000011 39.75 12  -90.300000000000011 39.75 14.700000000000001  
-89.25 34.950000000000003 12  -89.25 38.700000000000003 14.700000000000001  

0 2
4.525483399593905 2

0 2
1 2

2 120.00074637899817 -18.00074637899818 12 -0 -0 -1 -6.2202118590909498e-05 -0.99999999806544826 0 0.99999999806544826 -6.2202118590909498e-05 0 11.999253644214999
2 120.00074637899817 18.00074637899818 12 0 -0 -1 0.99999999806544826 -6.2202118590909498e-05 0 6.2202118590909498e-05 0.99999999806544826 0 11.999253644214999
2 -120.00074637899817 -18.00074637899818 12 -0 -0 -1 -0.99999999806544826 6.2202118590909498e-05 0 -6.2202118590909498e-05 -0.99999999806544826 0 11.999253644214999
2 -120.00074637899817 18.00074637899818 12 -0 0 -1 6.2202118590909498e-05 0.99999999806544826 0 -0.99999999806544826 6.2202118590909498e-05 0 11.999253644214999
9 0 0 0 0 1 1 2 2 2 2 -79.199999999999989 39.75 12  -82.949999999999989 39.75 14.700000000000001  
-84 44.549999999999997 12  -84 40.799999999999997 14.700000000000001  

0 2
4.525483399593905 2

0 2
1 2

9 0 0 0 0 1 1 2 2 2 2 -84 34.950000000000003 12  -84 38.700000000000003 14.700000000000001  
-79.199999999999989 39.75 12  -82.949999999999989 39.75 14.700000000000001  

0 2
4.525483399593905 2

0 2
1 2

9 0 0 0 0 1 1 2 2 2 2 -84 44.549999999999997 12  -84 40.799999999999997 14.700000000000001  
-88.800000000000011 39.75 12  -85.050000000000011 39.75 14.700000000000001  

0 2
4.525483399593905 2

0 2
1 2

9 0 0 0 0 1 1 2 2 2 2 -88.800000000000011 39.75 12  -85.050000000000011 39.75 14.700000000000001  
-84 34.950000000000003 12  -84 38.700000000000003 14.700000000000001  

0 2
4.525483399593905 2

0 2
1 2

9 0 0 0 0 1 1 2 2 2 2 -73.949999999999989 39.75 12  -77.699999999999989 39.75 14.700000000000001  
-78.75 44.549999999999997 12  -78.75 40.799999999999997 14.700000000000001  

0 2
4.525483399593905 2

0 2
1 2

9 0 0 0 0 1 1 2 2 2 2 -78.75 34.950000000000003 12  -78.75 38.700000000000003 14.700000000000001  
-73.949999999999989 39.75 12  -77.699999999999989 39.75 14.700000000000001  

0 2
4.525483399593905 2

0 2
1 2

9 0 0 0 0 1 1 2 2 2 2 -78.75 44.549999999999997 12  -78.75 40.799999999999997 14.700000000000001  
-83.550000000000011 39.75 12  -79.800000000000011 39.75 14.700000000000001  

0 2
4.525483399593905 2

0 2
1 2

9 0 0 0 0 1 1 2 2 2 2 -83.550000000000011 39.75 12  -79.800000000000011 39.75 14.700000000000001  
-78.75 34.950000000000003 12  -78.75 38.700000000000003 14.700000000000001  

0 2
4.525483399593905 2

0 2
1 2

9 0 0 0 0 1 1 2 2 2 2 -68.699999999999989 39.75 12  -72.449999999999989 39.75 14.700000000000001  
-73.5 44.549999999999997 12  -73.5 40.799999999999997 14.700000000000001  

0 2
4.525483399593905 2

0 2
1 2

9 0 0 0 0 1 1 2 2 2 2 -73.5 34.950000000000003 12  -73.5 38.700000000000003 14.700000000000001  
-68.699999999999989 39.75 12  -72.449999999999989 39.75 14.700000000000001  

0 2
4.525483399593905 2

0 2
1 2

9 0 0 0 0 1 1 2 2 2 2 -73.5 44.549999999999997 12  -73.5 40.799999999999997 14.700000000000001  
-78.300000000000011 39.75 12  -74.550000000000011 39.75 14.700000000000001  

0 2
4.525483399593905 2

0 2
1 2

9 0 0 0 0 1 1 2 2 2 2 -78.300000000000011 39.75 12  -74.550000000000011 39.75 14.700000000000001  
-73.5 34.950000000000003 12  -73.5 38.700000000000003 14.700000000000001  

0 2
4.525483399593905 2

0 2
1 2

9 0 0 0 0 1 1 2 2 2 2 -63.449999999999989 39.75 12  -67.199999999999989 39.75 14.700000000000001  
-68.25 44.549999999999997 12  -68.25 40.799999999999997 14.700000000000001  

0 2
4.525483399593905 2

0 2
1 2

9 0 0 0 0 1 1 2 2 2 2 -68.25 34.950000000000003 12  -68.25 38.700000000000003 14.700000000000001  
-63.449999999999989 39.75 12  -67.199999999999989 39.75 14.700000000000001  

0 2
4.525483399593905 2

0 2
1 2

9 0 0 0 0 1 1 2 2 2 2 -68.25 44.549999999999997 12  -68.25 40.799999999999997 14.700000000000001  
-73.050000000000011 39.75 12  -69.300000000000011 39.75 14.700000000000001  

0 2
4.525483399593905 2

0 2
1 2

9 0 0 0 0 1 1 2 2 2 2 -73.050000000000011 39.75 12  -69.300000000000011 39.75 14.700000000000001  
-68.25 34.950000000000003 12  -68.25 38.700000000000003 14.700000000000001  

0 2
4.525483399593905 2

0 2
1 2

9 0 0 0 0 1 1 2 2 2 2 -58.199999999999989 39.75 12  -61.949999999999989 39.75 14.700000000000001  
-63 44.549999999999997 12  -63 40.799999999999997 14.700000000000001  

0 2
4.525483399593905 2

0 2
1 2

9 0 0 0 0 1 1 2 2 2 2 -63 34.950000000000003 12  -63 38.700000000000003 14.700000000000001  
-58.199999999999989 39.75 12  -61.949999999999989 39.75 14.700000000000001  

0 2
4.525483399593905 2

0 2
1 2

9 0 0 0 0 1 1 2 2 2 2 -63 44.549999999999997 12  -63 40.799999999999997 14.700000000000001  
-67.800000000000011 39.75 12  -64.050000000000011 39.75 14.700000000000001  

0 2
4.525483399593905 2

0 2
1 2

9 0 0 0 0 1 1 2 2 2 2 -67.800000000000011 39.75 12  -64.050000000000011 39.75 14.700000000000001  
-63 34.950000000000003 12  -63 38.700000000000003 14.700000000000001  

0 2
4.525483399593905 2

0 2
1 2

9 0 0 0 0 1 1 2 2 2 2 -52.949999999999989 39.75 12  -56.699999999999989 39.75 14.700000000000001  
-57.75 44.549999999999997 12  -57.75 40.799999999999997 14.700000000000001  

0 2
4.525483399593905 2

0 2
1 2

9 0 0 0 0 1 1 2 2 2 2 -57.75 34.950000000000003 12  -57.75 38.700000000000003 14.700000000000001  
-52.949999999999989 39.75 12  -56.699999999999989 39.75 14.700000000000001  

0 2
4.525483399593905 2

0 2
1 2

9 0 0 0 0 1 1 2 2 2 2 -57.75 44.549999999999997 12  -57.75 40.799999999999997 14.700000000000001  
-62.550000000000011 39.75 12  -58.800000000000011 39.75 14.700000000000001  

0 2
4.525483399593905 2

0 2
1 2

9 0 0 0 0 1 1 2 2 2 2 -62.550000000000011 39.75 12  -58.800000000000011 39.75 14.700000000000001  
-57.75 34.950000000000003 12  -57.75 38.700000000000003 14.700000000000001  

0 2
4.525483399593905 2

0 2
1 2

9 0 0 0 0 1 1 2 2 2 2 -47.699999999999989 39.75 12  -51.449999999999989 39.75 14.700000000000001  
-52.5 44.549999999999997 12  -52.5 40.799999999999997 14.700000000000001  

0 2
4.525483399593905 2

0 2
1 2

9 0 0 0 0 1 1 2 2 2 2 -52.5 34.950000000000003 12  -52.5 38.700000000000003 14.700000000000001  
-47.699999999999989 39.75 12  -51.449999999999989 39.75 14.700000000000001  

0 2
4.525483399593905 2

0 2
1 2

9 0 0 0 0 1 1 2 2 2 2 -52.5 44.549999999999997 12  -52.5 40.799999999999997 14.700000000000001  
-57.300000000000011 39.75 12  -53.550000000000011 39.75 14.700000000000001  

0 2
4.525483399593905 2

0 2
1 2

9 0 0 0 0 1 1 2 2 2 2 -57.300000000000011 39.75 12  -53.550000000000011 39.75 14.700000000000001  
-52.5 34.950000000000003 12  -52.5 38.700000000000003 14.700000000000001  

0 2
4.525483399593905 2

0 2
1 2

9 0 0 0 0 1 1 2 2 2 2 -42.449999999999989 39.75 12  -46.199999999999989 39.75 14.700000000000001  
-47.25 44.549999999999997 12  -47.25 40.799999999999997 14.700000000000001  

0 2
4.525483399593905 2

0 2
1 2

9 0 0 0 0 1 1 2 2 2 2 -47.25 34.950000000000003 12  -47.25 38.700000000000003 14.700000000000001  
-42.449999999999989 39.75 12  -46.199999999999989 39.75 14.700000000000001  

0 2
4.525483399593905 2

0 2
1 2

9 0 0 0 0 1 1 2 2 2 2 -47.25 44.549999999999997 12  -47.25 40.799999999999997 14.700000000000001  
-52.050000000000011 39.75 12  -48.300000000000011 39.75 14.700000000000001  

0 2
4.525483399593905 2

0 2
1 2

9 0 0 0 0 1 1 2 2 2 2 -52.050000000000011 39.75 12  -48.300000000000011 39.75 14.700000000000001  
-47.25 34.950000000000003 12  -47.25 38.700000000000003 14.700000000000001  

0 2
4.525483399593905 2

0 2
1 2

9 0 0 0 0 1 1 2 2 2 2 -37.199999999999989 39.75 12  -40.949999999999989 39.75 14.700000000000001  
-42 44.549999999999997 12  -42 40.799999999999997 14.700000000000001  

0 2
4.525483399593905 2

0 2
1 2

9 0 0 0 0 1 1 2 2 2 2 -42 34.950000000000003 12  -42 38.700000000000003 14.700000000000001  
-37.199999999999989 39.75 12  -40.949999999999989 39.75 14.700000000000001  

0 2
4.525483399593905 2

0 2
1 2

9 0 0 0 0 1 1 2 2 2 2 -42 44.549999999999997 12  -42 40.799999999999997 14.700000000000001  
-46.800000000000011 39.75 12  -43.050000000000011 39.75 14.700000000000001  

0 2
4.525483399593905 2

0 2
1 2

9 0 0 0 0 1 1 2 2 2 2 -46.800000000000011 39.75 12  -43.050000000000011 39.75 14.700000000000001  
-42 34.950000000000003 12  -42 38.700000000000003 14.700000000000001  

0 2
4.525483399593905 2

0 2
1 2

1 -126.55799999999999 -49.5 9 0 1 0 1 0 0 0 0 -1 
1 4.5515682627499031e-15 -2.3999178112681307e-15 3 0 0 1 1 0 0 0 1 0 
9 0 0 0 0 1 1 2 2 2 2 -70.5 -59.25 9  -65.700000000000003 -59.25 12.75  
-64.5 -65.25 9  -64.5 -60.449999999999996 12.75  

0 2
5.6568542494923806 2

0 2
1 2

9 0 0 0 0 1 1 2 2 2 2 -64.5 -65.25 9  -64.5 -60.449999999999996 12.75  
-58.5 -59.25 9  -63.299999999999997 -59.25 12.75  

0 2
5.6568542494923806 2

0 2
1 2

9 0 0 0 0 1 1 2 2 2 2 -58.5 -59.25 9  -63.299999999999997 -59.25 12.75  
-64.5 -53.25 9  -64.5 -58.050000000000004 12.75  

0 2
5.6568542494923806 2

0 2
1 2

9 0 0 0 0 1 1 2 2 2 2 -64.5 -53.25 9  -64.5 -58.050000000000004 12.75  
-70.5 -59.25 9  -65.700000000000003 -59.25 12.75  

0 2
5.6568542494923806 2

0 2
1 2

9 0 0 0 0 1 1 2 2 2 2 -64.5 -59.25 9  -59.700000000000003 -59.25 12.75  
-58.5 -65.25 9  -58.5 -60.449999999999996 12.75  

0 2
5.6568542494923806 2

0 2
1 2

9 0 0 0 0 1 1 2 2 2 2 -58.5 -65.25 9  -58.5 -60.449999999999996 12.75  
-52.5 -59.25 9  -57.299999999999997 -59.25 12.75  

0 2
5.6568542494923806 2

0 2
1 2

9 0 0 0 0 1 1 2 2 2 2 -52.5 -59.25 9  -57.299999999999997 -59.25 12.75  
-58.5 -53.25 9  -58.5 -58.050000000000004 12.75  

0 2
5.6568542494923806 2

0 2
1 2

9 0 0 0 0 1 1 2 2 2 2 -58.5 -53.25 9  -58.5 -58.050000000000004 12.75  
-64.5 -59.25 9  -59.700000000000003 -59.25 12.75  

0 2
5.6568542494923806 2

0 2
1 2

9 0 0 0 0 1 1 2 2 2 2 -58.5 -59.25 9  -53.700000000000003 -59.25 12.75  
-52.5 -65.25 9  -52.5 -60.449999999999996 12.75  

0 2
5.6568542494923806 2

0 2
1 2

9 0 0 0 0 1 1 2 2 2 2 -52.5 -65.25 9  -52.5 -60.449999999999996 12.75  
-46.5 -59.25 9  -51.299999999999997 -59.25 12.75  

0 2
5.6568542494923806 2

0 2
1 2

9 0 0 0 0 1 1 2 2 2 2 -46.5 -59.25 9  -51.299999999999997 -59.25 12.75  
-52.5 -53.25 9  -52.5 -58.050000000000004 12.75  

0 2
5.6568542494923806 2

0 2
1 2

9 0 0 0 0 1 1 2 2 2 2 -52.5 -53.25 9  -52.5 -58.050000000000004 12.75  
-58.5 -59.25 9  -53.700000000000003 -59.25 12.75  

0 2
5.6568542494923806 2

0 2
1 2

9 0 0 0 0 1 1 2 2 2 2 -52.5 -59.25 9  -47.700000000000003 -59.25 12.75  
-46.5 -65.25 9  -46.5 -60.449999999999996 12.75  

0 2
5.6568542494923806 2

0 2
1 2

9 0 0 0 0 1 1 2 2 2 2 -46.5 -65.25 9  -46.5 -60.449999999999996 12.75  
-40.5 -59.25 9  -45.299999999999997 -59.25 12.75  

0 2
5.6568542494923806 2

0 2
1 2

9 0 0 0 0 1 1 2 2 2 2 -40.5 -59.25 9  -45.299999999999997 -59.25 12.75  
-46.5 -53.25 9  -46.5 -58.050000000000004 12.75  

0 2
5.6568542494923806 2

0 2
1 2

9 0 0 0 0 1 1 2 2 2 2 -46.5 -53.25 9  -46.5 -58.050000000000004 12.75  
-52.5 -59.25 9  -47.700000000000003 -59.25 12.75  

0 2
5.6568542494923806 2

0 2
1 2

9 0 0 0 0 1 1 2 2 2 2 -46.5 -59.25 9  -41.700000000000003 -59.25 12.75  
-40.5 -65.25 9  -40.5 -60.449999999999996 12.75  

0 2
5.6568542494923806 2

0 2
1 2

9 0 0 0 0 1 1 2 2 2 2 -40.5 -65.25 9  -40.5 -60.449999999999996 12.75  
-34.5 -59.25 9  -39.299999999999997 -59.25 12.75  

0 2
5.6568542494923806 2

0 2
1 2

9 0 0 0 0 1 1 2 2 2 2 -34.5 -59.25 9  -39.299999999999997 -59.25 12.75  
-40.5 -53.25 9  -40.5 -58.050000000000004 12.75  

0 2
5.6568542494923806 2

0 2
1 2

9 0 0 0 0 1 1 2 2 2 2 -40.5 -53.25 9  -40.5 -58.050000000000004 12.75  
-46.5 -59.25 9  -41.700000000000003 -59.25 12.75  

0 2
5.6568542494923806 2

0 2
1 2

9 0 0 0 0 1 1 2 2 2 2 40.5 -53.25 9  40.5 -58.050000000000004 12.75  
46.5 -59.25 9  41.700000000000003 -59.25 12.75  

0 2
5.6568542494923806 2

0 2
1 2

9 0 0 0 0 1 1 2 2 2 2 34.5 -59.25 9  39.299999999999997 -59.25 12.75  
40.5 -53.25 9  40.5 -58.050000000000004 12.75  

0 2
5.6568542494923806 2

0 2
1 2

9 0 0 0 0 1 1 2 2 2 2 46.5 -59.25 9  41.700000000000003 -59.25 12.75  
40.5 -65.25 9  40.5 -60.449999999999996 12.75  

0 2
5.6568542494923806 2

0 2
1 2

9 0 0 0 0 1 1 2 2 2 2 40.5 -65.25 9  40.5 -60.449999999999996 12.75  
34.5 -59.25 9  39.299999999999997 -59.25 12.75  

0 2
5.6568542494923806 2

0 2
1 2

9 0 0 0 0 1 1 2 2 2 2 46.5 -53.25 9  46.5 -58.050000000000004 12.75  
52.5 -59.25 9  47.700000000000003 -59.25 12.75  

0 2
5.6568542494923806 2

0 2
1 2

9 0 0 0 0 1 1 2 2 2 2 40.5 -59.25 9  45.299999999999997 -59.25 12.75  
46.5 -53.25 9  46.5 -58.050000000000004 12.75  

0 2
5.6568542494923806 2

0 2
1 2

9 0 0 0 0 1 1 2 2 2 2 52.5 -59.25 9  47.700000000000003 -59.25 12.75  
46.5 -65.25 9  46.5 -60.449999999999996 12.75  

0 2
5.6568542494923806 2

0 2
1 2

9 0 0 0 0 1 1 2 2 2 2 46.5 -65.25 9  46.5 -60.449999999999996 12.75  
40.5 -59.25 9  45.299999999999997 -59.25 12.75  

0 2
5.6568542494923806 2

0 2
1 2

9 0 0 0 0 1 1 2 2 2 2 52.5 -53.25 9  52.5 -58.050000000000004 12.75  
58.5 -59.25 9  53.700000000000003 -59.25 12.75  

0 2
5.6568542494923806 2

0 2
1 2

9 0 0 0 0 1 1 2 2 2 2 46.5 -59.25 9  51.299999999999997 -59.25 12.75  
52.5 -53.25 9  52.5 -58.050000000000004 12.75  

0 2
5.6568542494923806 2

0 2
1 2

9 0 0 0 0 1 1 2 2 2 2 58.5 -59.25 9  53.700000000000003 -59.25 12.75  
52.5 -65.25 9  52.5 -60.449999999999996 12.75  

0 2
5.6568542494923806 2

0 2
1 2

9 0 0 0 0 1 1 2 2 2 2 52.5 -65.25 9  52.5 -60.449999999999996 12.75  
46.5 -59.25 9  51.299999999999997 -59.25 12.75  

0 2
5.6568542494923806 2

0 2
1 2

9 0 0 0 0 1 1 2 2 2 2 58.5 -53.25 9  58.5 -58.050000000000004 12.75  
64.5 -59.25 9  59.700000000000003 -59.25 12.75  

0 2
5.6568542494923806 2

0 2
1 2

9 0 0 0 0 1 1 2 2 2 2 52.5 -59.25 9  57.299999999999997 -59.25 12.75  
58.5 -53.25 9  58.5 -58.050000000000004 12.75  

0 2
5.6568542494923806 2

0 2
1 2

9 0 0 0 0 1 1 2 2 2 2 64.5 -59.25 9  59.700000000000003 -59.25 12.75  
58.5 -65.25 9  58.5 -60.449999999999996 12.75  

0 2
5.6568542494923806 2

0 2
1 2

9 0 0 0 0 1 1 2 2 2 2 58.5 -65.25 9  58.5 -60.449999999999996 12.75  
52.5 -59.25 9  57.299999999999997 -59.25 12.75  

0 2
5.6568542494923806 2

0 2
1 2

9 0 0 0 0 1 1 2 2 2 2 64.5 -53.25 9  64.5 -58.050000000000004 12.75  
70.5 -59.25 9  65.700000000000003 -59.25 12.75  

0 2
5.6568542494923806 2

0 2
1 2

9 0 0 0 0 1 1 2 2 2 2 58.5 -59.25 9  63.299999999999997 -59.25 12.75  
64.5 -53.25 9  64.5 -58.050000000000004 12.75  

0 2
5.6568542494923806 2

0 2
1 2

9 0 0 0 0 1 1 2 2 2 2 70.5 -59.25 9  65.700000000000003 -59.25 12.75  
64.5 -65.25 9  64.5 -60.449999999999996 12.75  

0 2
5.6568542494923806 2

0 2
1 2

9 0 0 0 0 1 1 2 2 2 2 64.5 -65.25 9  64.5 -60.449999999999996 12.75  
58.5 -59.25 9  63.299999999999997 -59.25 12.75  

0 2
5.6568542494923806 2

0 2
1 2

1 132 -18 12 -1 0 0 0 1 0 0 0 -1 
1 -120 -30 12 0 1 0 1 0 0 0 0 -1 
1 120 30 12 0 -1 0 -1 0 0 -0 -0 -1 
1 -132 18 12 1 0 -0 0 -1 0 0 -0 -1 
1 -65.700000000000003 59.25 12.75 -0 -0 -1 1 -0 -0 -0 1 -0 
1 -59.700000000000003 59.25 12.75 -0 -0 -1 1 -0 -0 -0 1 -0 
1 -53.700000000000003 59.25 12.75 -0 -0 -1 1 -0 -0 -0 1 -0 
1 -47.700000000000003 59.25 12.75 -0 -0 -1 1 -0 -0 -0 1 -0 
1 -41.700000000000003 59.25 12.75 -0 -0 -1 1 -0 -0 -0 1 -0 
1 41.700000000000003 59.25 12.75 0 0 -1 -1 0 0 0 1 0 
1 47.700000000000003 59.25 12.75 0 0 -1 -1 0 0 0 1 0 
1 53.700000000000003 59.25 12.75 0 0 -1 -1 0 0 0 1 0 
1 59.700000000000003 59.25 12.75 0 0 -1 -1 0 0 0 1 0 
1 65.700000000000003 59.25 12.75 0 0 -1 -1 0 0 0 1 0 
1 -124.94999999999999 -39.75 14.700000000000001 -0 -0 -1 -1 -0 -0 -0 -1 -0 
1 -119.69999999999999 -39.75 14.700000000000001 -0 -0 -1 -1 -0 -0 -0 -1 -0 
1 -114.44999999999999 -39.75 14.700000000000001 -0 -0 -1 -1 -0 -0 -0 -1 -0 
1 -109.19999999999999 -39.75 14.700000000000001 -0 -0 -1 -1 -0 -0 -0 -1 -0 
1 -103.94999999999999 -39.75 14.700000000000001 -0 -0 -1 -1 -0 -0 -0 -1 -0 
1 -98.699999999999989 -39.75 14.700000000000001 -0 -0 -1 -1 -0 -0 -0 -1 -0 
1 -93.449999999999989 -39.75 14.700000000000001 -0 -0 -1 -1 -0 -0 -0 -1 -0 
1 -88.199999999999989 -39.75 14.700000000000001 -0 -0 -1 -1 -0 -0 -0 -1 -0 
1 -82.949999999999989 -39.75 14.700000000000001 -0 -0 -1 -1 -0 -0 -0 -1 -0 
1 -77.699999999999989 -39.75 14.700000000000001 -0 -0 -1 -1 -0 -0 -0 -1 -0 
1 -72.449999999999989 -39.75 14.700000000000001 -0 -0 -1 -1 -0 -0 -0 -1 -0 
1 -67.199999999999989 -39.75 14.700000000000001 -0 -0 -1 -1 -0 -0 -0 -1 -0 
1 -61.949999999999989 -39.75 14.700000000000001 -0 -0 -1 -1 -0 -0 -0 -1 -0 
1 -56.699999999999989 -39.75 14.700000000000001 -0 -0 -1 -1 -0 -0 -0 -1 -0 
1 -51.449999999999989 -39.75 14.700000000000001 -0 -0 -1 -1 -0 -0 -0 -1 -0 
1 -46.199999999999989 -39.75 14.700000000000001 -0 -0 -1 -1 -0 -0 -0 -1 -0 
1 -40.949999999999989 -39.75 14.700000000000001 -0 -0 -1 -1 -0 -0 -0 -1 -0 
1 -124.94999999999999 39.75 14.700000000000001 0 0 -1 -1 0 0 0 1 0 
1 -119.69999999999999 39.75 14.700000000000001 0 0 -1 -1 0 0 0 1 0 
1 -114.44999999999999 39.75 14.700000000000001 0 0 -1 -1 0 0 0 1 0 
1 -109.19999999999999 39.75 14.700000000000001 0 0 -1 -1 0 0 0 1 0 
1 -103.94999999999999 39.75 14.700000000000001 0 0 -1 -1 0 0 0 1 0 
1 -98.699999999999989 39.75 14.700000000000001 0 0 -1 -1 0 0 0 1 0 
1 -93.449999999999989 39.75 14.700000000000001 0 0 -1 -1 0 0 0 1 0 
1 -88.199999999999989 39.75 14.700000000000001 0 0 -1 -1 0 0 0 1 0 
1 -2.2454629144567342e-15 9.6963171306086258e-16 4.6500000000000004 0 0 1 1 0 0 0 1 0 
1 -82.949999999999989 39.75 14.700000000000001 0 0 -1 -1 0 0 0 1 0 
1 -77.699999999999989 39.75 14.700000000000001 0 0 -1 -1 0 0 0 1 0 
1 -72.449999999999989 39.75 14.700000000000001 0 0 -1 -1 0 0 0 1 0 
1 -67.199999999999989 39.75 14.700000000000001 0 0 -1 -1 0 0 0 1 0 
1 -61.949999999999989 39.75 14.700000000000001 0 0 -1 -1 0 0 0 1 0 
1 -56.699999999999989 39.75 14.700000000000001 0 0 -1 -1 0 0 0 1 0 
1 -51.449999999999989 39.75 14.700000000000001 0 0 -1 -1 0 0 0 1 0 
1 -46.199999999999989 39.75 14.700000000000001 0 0 -1 -1 0 0 0 1 0 
1 -40.949999999999989 39.75 14.700000000000001 0 0 -1 -1 0 0 0 1 0 
1 -65.700000000000003 -59.25 12.75 -0 0 -1 1 -0 -0 -0 -1 -0 
1 -59.700000000000003 -59.25 12.75 -0 0 -1 1 -0 -0 -0 -1 -0 
1 -53.700000000000003 -59.25 12.75 -0 0 -1 1 -0 -0 -0 -1 -0 
1 -47.700000000000003 -59.25 12.75 -0 0 -1 1 -0 -0 -0 -1 -0 
1 -41.700000000000003 -59.25 12.75 -0 0 -1 1 -0 -0 -0 -1 -0 
1 41.700000000000003 -59.25 12.75 -0 -0 -1 -1 -0 -0 -0 -1 -0 
1 47.700000000000003 -59.25 12.75 -0 -0 -1 -1 -0 -0 -0 -1 -0 
1 53.700000000000003 -59.25 12.75 -0 -0 -1 -1 -0 -0 -0 -1 -0 
1 59.700000000000003 -59.25 12.75 -0 -0 -1 -1 -0 -0 -0 -1 -0 
1 65.700000000000003 -59.25 12.75 -0 -0 -1 -1 -0 -0 -0 -1 -0 
1 65.410499999999999 -13.7775 13.950000000000001 0.99999879566302197 0.0015519898535898498 -0 0.0015519898535898498 -0.99999879566302197 0 0 -0 -1 
1 65.419499999999999 -19.576499999999999 13.950000000000001 0 1 0 1 0 0 0 0 -1 
1 71.920500000000004 -19.576499999999999 13.950000000000001 -0.66515372092565528 -0.74670645339300212 0 -0.74670645339300212 0.66515372092565528 0 -0 0 -1 
1 71.907000000000011 -11.355 13.950000000000001 -0.6428028078975796 -0.76603169004877825 0 -0.76603169004877825 0.6428028078975796 0 -0 0 -1 
1 65.398499999999999 -5.8934999999999995 13.950000000000001 0.99999902264208429 0.0013981111816054614 -0 0.0013981111816054614 -0.99999902264208429 0 0 -0 -1 
1 65.404499999999999 -10.185 13.950000000000001 0.64011474868564211 0.76827931673000105 -0 0.76827931673000105 -0.64011474868564211 0 0 -0 -1 
1 71.914500000000004 -15.609000000000002 13.950000000000001 -0.99999844583706432 -0.001763043804365576 0 -0.001763043804365576 0.99999844583706432 0 -0 0 -1 
1 96.786000000000001 -13.624500000000001 13.950000000000001 0.19772250110763334 -0.98025803366039388 0 -0.98025803366039388 -0.19772250110763334 0 0 -0 -1 
1 102.03149999999999 -17.9115 13.950000000000001 -0.63281568454003179 -0.77430246635286581 0 -0.77430246635286581 0.63281568454003179 0 -0 0 -1 
1 96.257999999999996 -13.731 13.950000000000001 0.15287769752634087 -0.98824511615238686 0 -0.98824511615238686 -0.15287769752634087 0 0 -0 -1 
1 100.5795 -18.462 13.950000000000001 -0.35450863240010233 0.93505274158937646 0 0.93505274158937646 0.35450863240010233 0 0 0 -1 
1 95.715000000000003 -13.815000000000001 13.950000000000001 0.10984340996080605 -0.99394890476733377 0 -0.99394890476733377 -0.10984340996080605 0 0 -0 -1 
1 99.049499999999995 -18.901500000000002 13.950000000000001 -0.2760898311653171 0.96113183545604552 0 0.96113183545604552 0.2760898311653171 0 0 0 -1 
1 95.158500000000004 -13.8765 13.950000000000001 0.065475993751562364 -0.99785414477379686 0 -0.99785414477379686 -0.065475993751562364 0 0 -0 -1 
1 97.441499999999991 -19.2225 13.950000000000001 -0.19576428160511497 0.98065098075086499 0 0.98065098075086499 0.19576428160511497 0 0 0 -1 
1 94.587000000000003 -13.914 13.950000000000001 0.020403914662521436 -0.99979181846344622 0 -0.99979181846344622 -0.020403914662521436 0 0 -0 -1 
1 95.758499999999998 -19.420499999999997 13.950000000000001 -0.11684124756739693 0.99315060432287627 0 0.99315060432287627 0.11684124756739693 0 0 0 -1 
1 93.998999999999995 -13.926000000000002 13.950000000000001 -0.16358979680448327 -0.98652844783182403 0 -0.98652844783182403 0.16358979680448327 0 -0 0 -1 
1 94.001999999999995 -19.488 13.950000000000001 -0.038400349748566369 0.99926243456821084 0 0.99926243456821084 0.038400349748566369 0 0 0 -1 
1 89.847000000000008 -13.237499999999999 13.950000000000001 -0.50117839324347302 -0.86534398833405601 0 -0.86534398833405601 0.50117839324347302 0 -0 0 -1 
1 87.722999999999999 -18.567 13.950000000000001 0.1451265279542352 0.98941310426128304 -0 0.98941310426128304 -0.1451265279542352 0 0 -0 -1 
1 86.606999999999999 -11.361000000000001 13.950000000000001 -0.76801751171640653 -0.64042884202457606 0 -0.64042884202457606 0.76801751171640653 0 -0 0 -1 
1 82.602000000000004 -16.003500000000003 13.950000000000001 0.44763262903500239 0.89421755150702109 -0 0.89421755150702109 -0.44763262903500239 0 0 -0 -1 
1 84.287999999999997 -8.5800000000000001 13.950000000000001 -0.92509147457682994 -0.37974433987258654 0 -0.37974433987258654 0.92509147457682994 0 -0 0 -1 
1 78.777000000000001 -12.096 13.950000000000001 0.71461041048799334 0.69952266669649932 -0 0.69952266669649932 -0.71461041048799334 0 0 -0 -1 
1 82.891500000000008 -5.1779999999999999 13.950000000000001 -0.99231456066550416 -0.1237409095296599 0 -0.1237409095296599 0.99231456066550416 0 -0 0 -1 
1 76.382999999999996 -7.1415000000000006 13.950000000000001 0.90039700986190252 0.43506921820756883 -0 0.43506921820756883 -0.90039700986190252 0 0 -0 -1 
1 82.425000000000011 -1.4369999999999998 13.950000000000001 -0.99240513932225338 0.12301235485421314 0 0.12301235485421314 0.99240513932225338 0 0 0 -1 
1 75.5535 -1.4355 13.950000000000001 0.98959788967887741 0.14386110225878457 -0 0.14386110225878457 -0.98959788967887741 0 0 -0 -1 
1 82.891500000000008 2.3264999999999998 13.950000000000001 -0.92526763506604703 0.37931491336261003 0 0.37931491336261003 0.92526763506604703 0 0 0 -1 
1 76.382999999999996 4.2690000000000001 13.950000000000001 0.98959250359947326 -0.14389814738114803 0 -0.14389814738114803 -0.98959250359947326 0 0 -0 -1 
1 84.287999999999997 5.7330000000000005 13.950000000000001 -0.76716596197112064 0.64144866263242395 0 0.64144866263242395 0.76716596197112064 0 0 0 -1 
1 78.777000000000001 9.2250000000000014 13.950000000000001 0.90044858997736221 -0.43496245448059118 0 -0.43496245448059118 -0.90044858997736221 0 0 -0 -1 
1 86.606999999999999 8.5065000000000008 13.950000000000001 -0.49877265555296812 0.86673285277104861 0 0.86673285277104861 0.49877265555296812 0 0 0 -1 
1 82.602000000000004 13.1325 13.950000000000001 0.71461041048799334 -0.69952266669649932 0 -0.69952266669649932 -0.71461041048799334 0 0 -0 -1 
1 89.847000000000008 10.370999999999999 13.950000000000001 -0.16254892385082642 0.98670048512957487 0 0.98670048512957487 0.16254892385082642 0 0 0 -1 
1 87.722999999999999 15.694499999999998 13.950000000000001 0.44742314910234271 -0.89432238351018745 0 -0.89432238351018745 -0.44742314910234271 0 0 -0 -1 
1 93.998999999999995 11.055 13.950000000000001 0.16232055000050916 0.98673808026625398 -0 0.98673808026625398 -0.16232055000050916 0 0 -0 -1 
1 94.001999999999995 16.615500000000001 13.950000000000001 0.1451265279542352 -0.98941310426128304 0 -0.98941310426128304 -0.1451265279542352 0 0 -0 -1 
1 98.157000000000011 10.370999999999999 13.950000000000001 0.49738812787238385 0.86752812649020494 -0 0.86752812649020494 -0.49738812787238385 0 0 -0 -1 
1 100.28700000000001 15.694499999999998 13.950000000000001 -0.14499089626083062 -0.98943298914149869 0 -0.98943298914149869 0.14499089626083062 0 -0 0 -1 
1 101.40899999999999 8.5065000000000008 13.950000000000001 0.7645143319740807 0.64460672987971912 -0 0.64460672987971912 -0.7645143319740807 0 0 -0 -1 
1 105.42 13.1325 13.950000000000001 -0.44658596417313534 -0.89474073149910371 0 -0.89474073149910371 0.44658596417313534 0 -0 0 -1 
1 103.7475 5.7330000000000005 13.950000000000001 0.92397717417326997 0.38244761942882949 -0 0.38244761942882949 -0.92397717417326997 0 0 -0 -1 
1 109.26000000000001 9.2250000000000014 13.950000000000001 -0.71324037084759828 -0.7009195199116518 0 -0.7009195199116518 0.71324037084759828 0 -0 0 -1 
1 105.1575 2.3264999999999998 13.950000000000001 0.99221080816299256 0.12457010943457171 -0 0.12457010943457171 -0.99221080816299256 0 0 -0 -1 
1 111.666 4.2690000000000001 13.950000000000001 -0.89959374401103209 -0.43672771349688094 0 -0.43672771349688094 0.89959374401103209 0 -0 0 -1 
1 105.63 -1.4369999999999998 13.950000000000001 0.99863612455414086 -0.052210063546087995 0 -0.052210063546087995 -0.99863612455414086 0 0 -0 -1 
1 112.5 -1.4355 13.950000000000001 -0.98948105721712576 -0.1446624948232236 0 -0.1446624948232236 0.98948105721712576 0 -0 0 -1 
1 105.54749999999999 -3.0149999999999997 13.950000000000001 0.98748235440246523 -0.15772951449796599 0 -0.15772951449796599 -0.98748235440246523 0 0 -0 -1 
1 112.3365 -4.0124999999999993 13.950000000000001 -0.99799336702625396 0.063318554718193462 0 0.063318554718193462 0.99799336702625396 0 0 0 -1 
1 105.30000000000001 -4.5645000000000007 13.950000000000001 0.96462999883705414 -0.26360759727979194 0 -0.26360759727979194 -0.96462999883705414 0 0 -0 -1 
1 111.85499999999999 -6.4755000000000003 13.950000000000001 -0.98142202503142817 0.19186143120286256 0 0.19186143120286256 0.98142202503142817 0 0 0 -1 
1 104.8905 -6.0629999999999997 13.950000000000001 0.92840941911036778 -0.37155881163975873 0 -0.37155881163975873 -0.92840941911036778 0 0 -0 -1 
1 111.066 -8.8019999999999996 13.950000000000001 -0.94702181880988057 0.32116923062153035 0 0.32116923062153035 0.94702181880988057 0 0 0 -1 
1 104.31900000000002 -7.4909999999999997 13.950000000000001 0.87706664515923261 -0.48036871250023017 0 -0.48036871250023017 -0.87706664515923261 0 0 -0 -1 
1 109.9845 -10.965 13.950000000000001 -0.89442719099991486 0.44721359549995993 0 0.44721359549995993 0.89442719099991486 0 0 0 -1 
1 103.58700000000002 -8.8275000000000006 13.950000000000001 -0.63296602520015832 -0.77417957280098315 0 -0.77417957280098315 0.63296602520015832 0 -0 0 -1 
1 108.61949999999999 -12.942 13.950000000000001 -0.82291080172667186 0.56817058389322339 0 0.56817058389322339 0.82291080172667186 0 0 0 -1 
1 94.277999999999992 -1.2165000000000001 13.950000000000001 0.99999997246107919 0.00023468668680259424 -0 0.00023468668680259424 -0.99999997246107919 0 0 -0 -1 
1 112.44449999999999 -16.069499999999998 13.950000000000001 -0.63298977401010914 -0.77416015526416182 0 -0.77416015526416182 0.63298977401010914 0 -0 0 -1 
1 94.279499999999999 -7.6080000000000005 13.950000000000001 0.63445353793422687 0.77296100044099414 -0 0.77296100044099414 -0.63445353793422687 0 0 -0 -1 
1 112.44449999999999 -22.518000000000001 13.950000000000001 -1 0 0 0 1 0 0 0 -1 
1 -95.853000000000009 13.480499999999999 13.950000000000001 -0.84559286266047118 -0.53382835314140975 0 -0.53382835314140975 0.84559286266047118 0 -0 0 -1 
1 -95.853000000000009 16.518000000000001 13.950000000000001 1 0 -0 0 -1 0 0 -0 -1 
1 -96.585000000000008 14.640000000000001 13.950000000000001 -0.67936628252240139 -0.73379932827149186 0 -0.73379932827149186 0.67936628252240139 0 -0 0 -1 
1 -89.332499999999996 16.518000000000001 13.950000000000001 0 -1 0 -1 0 0 -0 -0 -1 
1 -97.636499999999984 15.613500000000002 13.950000000000001 -0.48965303362484758 -0.87191737375853673 0 -0.87191737375853673 0.48965303362484758 0 -0 0 -1 
1 -89.332499999999996 -3.8955000000000002 13.950000000000001 -1 0 0 0 1 0 0 0 -1 
1 -98.963999999999999 16.359000000000002 13.950000000000001 -0.29138037648806692 -0.9566072737532747 0 -0.95660727375327448 0.29138037648806686 0 -0 0 -1 
1 -95.731499999999997 -3.8955000000000002 13.950000000000001 0 1 0 1 0 0 0 0 -1 
1 -100.53 16.835999999999999 13.950000000000001 -0.094889055008945636 -0.99548785388848882 0 -0.99548785388848882 0.094889055008945636 0 -0 0 -1 
1 -95.731499999999997 -0.85799999999999987 13.950000000000001 1 0 -0 0 -1 0 0 -0 -1 
1 -102.29249999999999 17.004000000000001 13.950000000000001 0.15646472049533203 -0.98768354812678627 0 -0.98768354812678627 -0.15646472049533203 0 0 -0 -1 
1 -96.5535 -1.9710000000000001 13.950000000000001 -0.80440138542371864 0.5940861983991903 0 0.5940861983991903 0.80440138542371864 0 0 0 -1 
1 -105.6255 16.475999999999999 13.950000000000001 0.46689167988344293 -0.8843145137651065 0 -0.8843145137651065 -0.46689167988344293 0 0 -0 -1 
1 -97.644000000000005 -2.9385000000000003 13.950000000000001 -0.66366103327779036 0.74803344371000946 0 0.74803344371000946 0.66366103327779036 0 0 0 -1 
1 -108.441 14.9895 13.950000000000001 0.72610260825219952 -0.68758635987732697 0 -0.68758635987732697 -0.72610260825219952 0 0 -0 -1 
1 -98.980499999999992 -3.702 13.950000000000001 -0.49603398572523927 0.86830310664279742 0 0.86830310664279742 0.49603398572523927 0 0 0 -1 
1 -110.60999999999999 12.698999999999998 13.950000000000001 0.90344697035913546 -0.42869986208173583 0 -0.42869986208173583 -0.90344697035913546 0 0 -0 -1 
1 -100.53750000000001 -4.2015000000000002 13.950000000000001 -0.30547463508932848 0.95220021388206044 0 0.95220021388206044 0.30547463508932848 0 0 0 -1 
1 -112.00650000000002 9.7560000000000002 13.950000000000001 0.98989771318330499 -0.14178334681641316 0 -0.14178334681641316 -0.98989771318330499 0 0 -0 -1 
1 -102.29249999999999 -4.3815 13.950000000000001 -0.10202886549857026 0.99478143861105228 0 0.99478143861105228 0.10202886549857026 0 0 0 -1 
1 -112.5 6.3104999999999993 13.950000000000001 0.9898890444080064 0.14184385697309571 -0 0.14184385697309571 -0.9898890444080064 0 0 -0 -1 
1 -105.6255 -3.8534999999999999 13.950000000000001 0.15646472049533183 0.98768354812678638 -0 0.98768354812678638 -0.15646472049533183 0 0 -0 -1 
1 -112.00650000000002 2.8665000000000003 13.950000000000001 0.90353154485151743 0.42852158342168784 -0 0.42852158342168784 -0.90353154485151743 0 0 -0 -1 
1 -108.441 -2.367 13.950000000000001 0.46689167988344304 0.8843145137651065 -0 0.8843145137651065 -0.46689167988344304 0 0 -0 -1 
1 -110.60999999999999 -0.078 13.950000000000001 0.72587768289982146 0.6878238069941941 -0 0.6878238069941941 -0.72587768289982146 0 0 -0 -1 
1 -71.957999999999998 16.518000000000001 13.950000000000001 1 0 -0 0 -1 0 0 -0 -1 
1 -65.316000000000003 16.518000000000001 13.950000000000001 0 -1 0 -1 0 0 -0 -0 -1 
1 -71.957999999999998 4.8120000000000003 13.950000000000001 0.9929467931694288 -0.1185608111247036 0 -0.1185608111247036 -0.9929467931694288 0 0 -0 -1 
1 -65.316000000000003 -3.8955000000000002 13.950000000000001 -1 0 0 0 1 0 0 0 -1 
1 -72.102000000000004 3.6059999999999999 13.950000000000001 0.91885320221447919 -0.39459953469333631 0 -0.39459953469333631 -0.91885320221447919 0 0 -0 -1 
1 -71.755500000000012 -3.8955000000000002 13.950000000000001 0 1 0 1 0 0 0 0 -1 
1 -72.521999999999991 2.6280000000000001 13.950000000000001 0.73150558301593394 -0.68183545083584407 0 -0.68183545083584407 -0.73150558301593394 0 0 -0 -1 
1 -71.755500000000012 -0.85799999999999987 13.950000000000001 1 0 -0 0 -1 0 0 -0 -1 
1 -73.20150000000001 1.899 13.950000000000001 0.44020330383848993 -0.89789812968380667 0 -0.89789812968380667 -0.44020330383848993 0 0 -0 -1 
1 -72.457499999999996 -1.9710000000000001 13.950000000000001 -0.84581379025797476 0.5334782396775325 0 0.5334782396775325 0.84581379025797476 0 0 0 -1 
1 -74.125500000000002 1.446 13.950000000000001 0.13511320473331417 -0.99083016804429891 0 -0.99083016804429891 -0.13511320473331417 0 0 -0 -1 
1 -73.462500000000006 -2.9385000000000003 13.950000000000001 -0.69353836377974021 0.72041969570918929 0 0.72041969570918929 0.69353836377974021 0 0 0 -1 
1 -75.280499999999989 1.2885 13.950000000000001 -0.14177264237599921 -0.98989924632445658 0 -0.98989924632445658 0.14177264237599921 0 -0 0 -1 
1 -74.725499999999997 -3.702 13.950000000000001 -0.51733279378953378 0.85578430721176213 0 0.85578430721176213 0.51733279378953378 0 0 0 -1 
1 -76.463999999999999 1.458 13.950000000000001 -0.47374554164222604 -0.88066177490232533 0 -0.88066177490232533 0.47374554164222604 0 -0 0 -1 
1 -76.197000000000003 -4.2015000000000002 13.950000000000001 -0.32143545964467102 0.94693148922349135 0 0.94693148922349135 0.32143545964467102 0 0 0 -1 
1 -77.353499999999997 1.9364999999999999 13.950000000000001 -0.77388847191880661 -0.63332190316708181 0 -0.63332190316708181 0.77388847191880661 0 -0 0 -1 
1 -77.831999999999994 -4.3815 13.950000000000001 -0.10943058062101282 0.99399444064086595 0 0.99399444064086595 0.10943058062101282 0 0 0 -1 
1 -77.968500000000006 2.6880000000000002 13.950000000000001 -0.94066819195515716 -0.33932779527149787 0 -0.33932779527149787 0.94066819195515716 0 -0 0 -1 
1 -80.467500000000001 -3.9929999999999999 13.950000000000001 0.14583439675000798 0.98930901579059782 -0 0.98930901579059782 -0.14583439675000798 0 0 -0 -1 
1 -78.323999999999998 3.6734999999999998 13.950000000000001 -0.99523575507750794 -0.097497650306572897 0 -0.097497650306572897 0.99523575507750794 0 -0 0 -1 
1 -82.501499999999993 -2.8875000000000002 13.950000000000001 0.4775350681358464 0.87861268981303287 -0 0.87861268981303287 -0.4775350681358464 0 0 -0 -1 
1 -78.439499999999995 4.8525 13.950000000000001 -1 0 0 0 1 0 0 0 -1 
1 -83.941499999999991 -1.1535 13.950000000000001 0.76931113795834905 0.63887430141869861 -0 0.63887430141869861 -0.76931113795834905 0 0 -0 -1 
1 -78.439499999999995 16.518000000000001 13.950000000000001 0 -1 0 -1 0 0 -0 -0 -1 
1 -84.798000000000002 1.119 13.950000000000001 0.93574407444947794 0.35267977987501647 -0 0.35267977987501647 -0.93574407444947794 0 0 -0 -1 
1 -85.081499999999991 16.518000000000001 13.950000000000001 1 0 -0 0 -1 0 0 -0 -1 
1 -85.081499999999991 3.8399999999999999 13.950000000000001 0.99461605440506407 0.10362868483051663 -0 0.10362868483051663 -0.99461605440506407 0 0 -0 -1 
1 -24.037499999999998 6.3104999999999993 13.950000000000001 -0.98899022212650733 -0.14798087896130951 0 -0.14798087896130951 0.98899022212650733 0 -0 0 -1 
1 -24.520500000000002 3.0840000000000001 13.950000000000001 -0.98898015148586194 0.14804816772591831 0 0.14804816772591831 0.98898015148586194 0 0 0 -1 
1 -24.520500000000002 9.5384999999999991 13.950000000000001 -0.89900387458453057 -0.43794067347301918 0 -0.43794067347301918 0.89900387458453057 0 -0 0 -1 
1 -25.941000000000003 0.16800000000000001 13.950000000000001 -0.89900387458453046 0.43794067347301935 0 0.43794067347301935 0.89900387458453046 0 0 0 -1 
1 -25.941000000000003 12.454500000000001 13.950000000000001 -0.71588130658436999 -0.69822199541625385 0 -0.69822199541625385 0.71588130658436999 0 -0 0 -1 
1 -28.253999999999998 -2.2050000000000001 13.950000000000001 -0.71610194699405505 0.69799570307511472 0 0.69799570307511472 0.71610194699405505 0 0 0 -1 
1 -28.253999999999998 14.826000000000001 13.950000000000001 -0.45043108833020218 -0.89281119765920824 0 -0.89281119765920824 0.45043108833020218 0 -0 0 -1 
1 -31.414500000000004 -3.798 13.950000000000001 -0.45009322685854253 0.89298157155456725 0 0.89298157155456725 0.45009322685854253 0 0 0 -1 
1 -31.414500000000004 16.420499999999997 13.950000000000001 -0.14566647633487345 -0.98933375443890614 0 -0.98933375443890614 0.14566647633487345 0 -0 0 -1 
1 -35.377499999999998 -4.3815 13.950000000000001 -0.14566647633487298 0.98933375443890625 0 0.98933375443890625 0.14566647633487298 0 0 0 -1 
1 -35.377499999999998 17.004000000000001 13.950000000000001 0.14566647633487345 -0.98933375443890614 0 -0.98933375443890614 -0.14566647633487345 0 0 -0 -1 
1 -39.340499999999999 -3.798 13.950000000000001 0.14566647633487298 0.98933375443890625 -0 0.98933375443890625 -0.14566647633487298 0 0 -0 -1 
1 -39.340499999999999 16.420499999999997 13.950000000000001 0.45026073928534943 -0.89289711986219933 0 -0.89289711986219933 -0.45026073928534943 0 0 -0 -1 
1 -42.502499999999998 -2.2050000000000001 13.950000000000001 0.44992294065440536 0.89306738126128682 -0 0.89306738126128682 -0.44992294065440536 0 0 -0 -1 
1 -42.502499999999998 14.826000000000001 13.950000000000001 0.71588130658436999 -0.69822199541625385 0 -0.69822199541625385 -0.71588130658436999 0 0 -0 -1 
1 -44.8155 0.16800000000000001 13.950000000000001 0.71610194699405505 0.69799570307511472 -0 0.69799570307511472 -0.71610194699405505 0 0 -0 -1 
1 -44.8155 12.454500000000001 13.950000000000001 0.89900387458453002 -0.43794067347302057 0 -0.43794067347302057 -0.89900387458453002 0 0 -0 -1 
1 -46.236000000000004 3.0840000000000001 13.950000000000001 0.89900387458452991 0.43794067347302074 -0 0.43794067347302074 -0.89900387458452991 0 0 -0 -1 
1 -46.236000000000004 9.5384999999999991 13.950000000000001 0.98899022212650756 -0.1479808789613079 0 -0.1479808789613079 -0.98899022212650756 0 0 -0 -1 
1 -46.719000000000001 6.3104999999999993 13.950000000000001 0.98898015148586216 0.1480481677259167 -0 0.1480481677259167 -0.98898015148586216 0 0 -0 -1 
1 -60.689999999999998 2.9609999999999999 13.950000000000001 0.99417935635938892 0.10773767859403355 -0 0.10773767859403355 -0.99417935635938892 0 0 -0 -1 
1 -60.420000000000002 0.46950000000000003 13.950000000000001 0.92763129586643589 0.37349722747184755 -0 0.37349722747184755 -0.92763129586643589 0 0 -0 -1 
1 -59.594999999999999 -1.5794999999999999 13.950000000000001 0.74046082352532028 0.67209952300548814 -0 0.67209952300548814 -0.74046082352532028 0 0 -0 -1 
1 -58.194000000000003 -3.1229999999999998 13.950000000000001 0.43746571884930607 0.89923508874579616 -0 0.89923508874579616 -0.43746571884930607 0 0 -0 -1 
1 -56.195999999999998 -4.0949999999999998 13.950000000000001 0.12844017224891618 0.991717259178577 -0 0.991717259178577 -0.12844017224891618 0 0 -0 -1 
1 -53.578500000000005 -4.4340000000000002 13.950000000000001 -0.036245597860367011 0.99934291243583884 0 0.99934291243583884 0.036245597860367011 0 0 0 -1 
1 -52.710000000000001 -4.4024999999999999 13.950000000000001 -0.093799492858201466 0.99559110840723375 0 0.99559110840723375 0.093799492858201466 0 0 0 -1 
1 -51.802499999999995 -4.3170000000000002 13.950000000000001 -0.1462368972992642 0.98924959937736867 0 0.98924959937736867 0.1462368972992642 0 0 0 -1 
1 -50.939999999999998 -4.1895000000000007 13.950000000000001 -0.20411252166037488 0.97894743398276651 0 0.97894743398276651 0.20411252166037488 0 0 0 -1 
1 -50.198999999999998 -4.0350000000000001 13.950000000000001 -0.2946453879207927 0.95560666352689572 0 0.95560666352689572 0.2946453879207927 0 0 0 -1 
1 -49.659000000000006 -3.8685 13.950000000000001 -1 0 0 0 1 0 0 0 -1 
1 -49.659000000000006 1.3845000000000001 13.950000000000001 0.27472112789737796 -0.96152394764082316 0 -0.96152394764082316 -0.27472112789737796 0 0 -0 -1 
1 -50.047499999999999 1.2734999999999999 13.950000000000001 0.22082565259779452 -0.97531329897359553 0 -0.97531329897359553 -0.22082565259779452 0 0 -0 -1 
1 -50.445000000000007 1.1835 13.950000000000001 0.15799050110667379 -0.98744063191670528 0 -0.98744063191670528 -0.15799050110667379 0 0 -0 -1 
1 -50.857500000000002 1.1174999999999999 13.950000000000001 0.095777585133872301 -0.99540275978416093 0 -0.99540275978416093 -0.095777585133872301 0 0 -0 -1 
1 -51.293999999999997 1.0754999999999999 13.950000000000001 0.028926796764993597 -0.99958153265699989 0 -0.99958153265699989 -0.028926796764993597 0 0 -0 -1 
1 -51.760499999999993 1.0619999999999998 13.950000000000001 -0.10422499277249743 -0.99455374459180079 0 -0.99455374459180079 0.10422499277249743 0 -0 0 -1 
1 -52.605000000000004 1.1505000000000001 13.950000000000001 -0.38355009908246351 -0.92352007097508848 0 -0.92352007097508848 0.38355009908246351 0 -0 0 -1 
1 -53.251499999999993 1.419 13.950000000000001 -0.70710678118654258 -0.70710678118655246 0 -0.70710678118655246 0.70710678118654258 0 -0 0 -1 
1 -53.706000000000003 1.8735000000000002 13.950000000000001 -0.92352007097509303 -0.38355009908245252 0 -0.38355009908245252 0.92352007097509303 0 -0 0 -1 
1 -53.974499999999992 2.52 13.950000000000001 -0.9945537445917999 -0.10422499277250583 0 -0.10422499277250583 0.9945537445917999 0 -0 0 -1 
1 -54.063000000000002 3.3644999999999996 13.950000000000001 -1 0 0 0 1 0 0 0 -1 
1 -54.063000000000002 10.962 13.950000000000001 0 1 0 1 0 0 0 0 -1 
1 -49.456499999999991 10.962 13.950000000000001 -1 0 0 0 1 0 0 0 -1 
1 -49.456499999999991 16.4175 13.950000000000001 0 -1 0 -1 0 0 -0 -0 -1 
1 -54.063000000000002 16.4175 13.950000000000001 -1 0 0 0 1 0 0 0 -1 
1 -54.063000000000002 22.518000000000001 13.950000000000001 0 -1 0 -1 0 0 -0 -0 -1 
1 -60.689999999999998 22.518000000000001 13.950000000000001 1 0 -0 0 -1 0 0 -0 -1 
1 -14.033999999999999 -3.8955000000000002 13.950000000000001 -1 0 0 0 1 0 0 0 -1 
1 -20.677500000000002 -3.8955000000000002 13.950000000000001 0 1 0 1 0 0 0 0 -1 
1 -14.033999999999999 7.7294999999999998 13.950000000000001 -0.99229637003244509 0.12388669831920192 0 0.12388669831920192 0.99229637003244509 0 0 0 -1 
1 -20.677500000000002 16.518000000000001 13.950000000000001 1 0 -0 0 -1 0 0 -0 -1 
1 -13.8795 8.9669999999999987 13.950000000000001 -0.91022365056105681 0.41411701964457232 0 0.41411701964457232 0.91022365056105681 0 0 0 -1 
1 -14.236499999999999 16.518000000000001 13.950000000000001 0 -1 0 -1 0 0 -0 -0 -1 
1 -13.432500000000001 9.9495000000000005 13.950000000000001 -0.71007777860644428 0.70412324796823578 0 0.70412324796823578 0.71007777860644428 0 0 0 -1 
1 -14.236499999999999 13.480499999999999 13.950000000000001 -1 0 0 0 1 0 0 0 -1 
1 -12.722999999999999 10.665000000000001 13.950000000000001 -0.42225420627486476 0.90647745988699802 0 0.90647745988699802 0.42225420627486476 0 0 0 -1 
1 -13.527000000000001 14.593499999999999 13.950000000000001 0.84324007606214058 -0.53753713743583853 0 -0.53753713743583853 -0.84324007606214058 0 0 -0 -1 
1 -11.779499999999999 11.1045 13.950000000000001 -0.12834153319323599 0.9917300292204575 0 0.9917300292204575 0.12834153319323599 0 0 0 -1 
1 -12.502500000000001 15.561 13.950000000000001 0.68659227504582487 -0.72704267264542211 0 -0.72704267264542211 -0.68659227504582487 0 0 -0 -1 
1 -10.632 11.253 13.950000000000001 0.14072392822618709 0.99004887557362087 -0 0.99004887557362087 -0.14072392822618709 0 0 -0 -1 
1 -11.2155 16.3245 13.950000000000001 0.51021448036089267 -0.86004719872229352 0 -0.86004719872229352 -0.51021448036089267 0 0 -0 -1 
1 -9.4395000000000007 11.083500000000001 13.950000000000001 0.46520540561755391 0.88520276241333962 -0 0.88520276241333939 -0.4652054056175538 0 0 -0 -1 
1 -9.724499999999999 16.823999999999998 13.950000000000001 0.31765829955661901 -0.94820525453237037 0 -0.94820525453237037 -0.31765829955661901 0 0 -0 -1 
1 -8.5289999999999999 10.605 13.950000000000001 0.76257739449613093 0.64689699133903256 -0 0.64689699133903256 -0.76257739449613093 0 0 -0 -1 
1 -8.0804999999999989 17.004000000000001 13.950000000000001 0.10883862391931305 -0.99405943179638434 0 -0.99405943179638434 -0.10883862391931305 0 0 -0 -1 
1 -7.8915000000000006 9.8535000000000004 13.950000000000001 0.93414945089298151 0.35688205810371182 -0 0.35688205810371182 -0.93414945089298151 0 0 -0 -1 
1 -5.4359999999999999 16.615500000000001 13.950000000000001 -0.14534858284346514 -0.98938050792675136 0 -0.98938050792675136 0.14534858284346514 0 -0 0 -1 
1 -7.5149999999999997 8.8680000000000003 13.950000000000001 0.99460209692035151 0.10376255972960396 -0 0.10376255972960396 -0.99460209692035151 0 0 -0 -1 
1 -3.3824999999999998 15.51 13.950000000000001 -0.47402311178313339 -0.88051240167043365 0 -0.88051240167043365 0.47402311178313339 0 -0 0 -1 
1 -7.3919999999999995 7.6890000000000001 13.950000000000001 1 0 -0 0 -1 0 0 -0 -1 
1 -1.9184999999999999 13.776 13.950000000000001 -0.76408783625974164 -0.64511222161722093 0 -0.64511222161722093 0.76408783625974164 0 -0 0 -1 
1 -7.3919999999999995 -3.8955000000000002 13.950000000000001 0 1 0 1 0 0 0 0 -1 
1 -1.0409999999999999 11.503499999999999 13.950000000000001 -0.93286868618684737 -0.36021662139888172 0 -0.36021662139888172 0.93286868618684737 0 -0 0 -1 
1 -0.75 -3.8955000000000002 13.950000000000001 -1 0 0 0 1 0 0 0 -1 
1 -0.75 8.7825000000000006 13.950000000000001 -0.99432987186078847 -0.10633957835776901 0 -0.10633957835776901 0.99432987186078847 0 -0 0 -1 
1 25.088999999999999 6.3104999999999993 13.950000000000001 -0.98899022212650756 -0.1479808789613079 0 -0.1479808789613079 0.98899022212650756 0 -0 0 -1 
1 24.606000000000002 3.0840000000000001 13.950000000000001 -0.98898015148586216 0.1480481677259167 0 0.1480481677259167 0.98898015148586216 0 0 0 -1 
1 24.606000000000002 9.5384999999999991 13.950000000000001 -0.89900387458453057 -0.43794067347301918 0 -0.43794067347301918 0.89900387458453057 0 -0 0 -1 
1 23.185500000000001 0.16800000000000001 13.950000000000001 -0.89900387458453046 0.43794067347301935 0 0.43794067347301935 0.89900387458453046 0 0 0 -1 
1 23.185500000000001 12.454500000000001 13.950000000000001 -0.71588130658436921 -0.69822199541625474 0 -0.69822199541625474 0.71588130658436921 0 -0 0 -1 
1 20.872499999999999 -2.2050000000000001 13.950000000000001 -0.71610194699405416 0.69799570307511549 0 0.69799570307511549 0.71610194699405416 0 0 0 -1 
1 20.872499999999999 14.826000000000001 13.950000000000001 -0.45043108833020279 -0.89281119765920791 0 -0.89281119765920791 0.45043108833020279 0 -0 0 -1 
1 17.712 -3.798 13.950000000000001 -0.45009322685854314 0.89298157155456692 0 0.89298157155456692 0.45009322685854314 0 0 0 -1 
1 17.712 16.420499999999997 13.950000000000001 -0.14566647633487345 -0.98933375443890614 0 -0.98933375443890614 0.14566647633487345 0 -0 0 -1 
1 13.749000000000001 -4.3815 13.950000000000001 -0.14566647633487298 0.98933375443890625 0 0.98933375443890625 0.14566647633487298 0 0 0 -1 
1 13.749000000000001 17.004000000000001 13.950000000000001 0.14561253106942457 -0.98934169567220598 0 -0.98934169567220598 -0.14561253106942457 0 0 -0 -1 
1 9.7844999999999995 -3.798 13.950000000000001 0.14561253106942409 0.98934169567220609 -0 0.98934169567220609 -0.14561253106942409 0 0 -0 -1 
1 9.7844999999999995 16.420499999999997 13.950000000000001 0.45043108833020279 -0.89281119765920791 0 -0.89281119765920791 -0.45043108833020279 0 0 -0 -1 
1 6.6240000000000006 -2.2050000000000001 13.950000000000001 0.45009322685854314 0.89298157155456692 -0 0.89298157155456692 -0.45009322685854314 0 0 -0 -1 
1 6.6240000000000006 14.826000000000001 13.950000000000001 0.71588130658436955 -0.6982219954162544 0 -0.6982219954162544 -0.71588130658436955 0 0 -0 -1 
1 4.3109999999999999 0.16800000000000001 13.950000000000001 0.71610194699405461 0.69799570307511527 -0 0.69799570307511527 -0.71610194699405461 0 0 -0 -1 
1 4.3109999999999999 12.454500000000001 13.950000000000001 0.89900387458453046 -0.43794067347301957 0 -0.43794067347301957 -0.89900387458453046 0 0 -0 -1 
1 2.8905000000000003 3.0840000000000001 13.950000000000001 0.89900387458453035 0.43794067347301968 -0 0.43794067347301968 -0.89900387458453035 0 0 -0 -1 
1 2.8905000000000003 9.5384999999999991 13.950000000000001 0.98899022212650745 -0.14798087896130829 0 -0.14798087896130829 -0.98899022212650745 0 0 -0 -1 
1 2.4074999999999998 6.3104999999999993 13.950000000000001 0.98898015148586216 0.14804816772591711 -0 0.14804816772591711 -0.98898015148586216 0 0 -0 -1 
1 35.090999999999994 -3.8955000000000002 13.950000000000001 -1 0 0 0 1 0 0 0 -1 
1 28.449000000000002 -3.8955000000000002 13.950000000000001 0 1 0 1 0 0 0 0 -1 
1 35.090999999999994 7.7294999999999998 13.950000000000001 -0.99343527813964227 0.11439557748274956 0 0.11439557748274956 0.99343527813964227 0 0 0 -1 
1 28.449000000000002 16.518000000000001 13.950000000000001 1 0 -0 0 -1 0 0 -0 -1 
1 35.233499999999999 8.9669999999999987 13.950000000000001 -0.92052052464787193 0.39069420740779709 0 0.39069420740779709 0.92052052464787193 0 0 0 -1 
1 34.888500000000001 16.518000000000001 13.950000000000001 0 -1 0 -1 0 0 -0 -0 -1 
1 35.650500000000001 9.9495000000000005 13.950000000000001 -0.72815517555386144 0.68541231409577508 0 0.68541231409577508 0.72815517555386144 0 0 0 -1 
1 34.888500000000001 13.480499999999999 13.950000000000001 -1 0 0 0 1 0 0 0 -1 
1 36.323999999999998 10.665000000000001 13.950000000000001 -0.43354866265216746 0.90113015547839548 0 0.90113015547839548 0.43354866265216746 0 0 0 -1 
1 35.581499999999998 14.593499999999999 13.950000000000001 0.84889690895409142 -0.52855845274500068 0 -0.52855845274500068 -0.84889690895409142 0 0 -0 -1 
1 37.237499999999997 11.1045 13.950000000000001 -0.12984379850647254 0.99153446132215217 0 0.99153446132215217 0.12984379850647254 0 0 0 -1 
1 36.567 15.561 13.950000000000001 0.70055991391161498 -0.71359358672857376 0 -0.71359358672857376 -0.70055991391161498 0 0 -0 -1 
1 38.371499999999997 11.253 13.950000000000001 0.1421256599962091 0.98984862315944144 -0 0.98984862315944144 -0.1421256599962091 0 0 -0 -1 
1 37.804499999999997 16.3245 13.950000000000001 0.52507553364326343 -0.85105562918603761 0 -0.85105562918603761 -0.52507553364326343 0 0 -0 -1 
1 39.552 11.083500000000001 13.950000000000001 0.47748820015982529 0.87863816142262496 -0 0.87863816142262496 -0.47748820015982529 0 0 -0 -1 
1 39.256500000000003 16.823999999999998 13.950000000000001 0.32529816951221374 -0.94561149575922732 0 -0.94561149575922732 -0.32529816951221374 0 0 -0 -1 
1 40.432499999999997 10.605 13.950000000000001 0.78071675540351115 0.62488506769822427 -0 0.62488506769822427 -0.78071675540351115 0 0 -0 -1 
1 40.884 17.004000000000001 13.950000000000001 0.10992878882821554 -0.99393946565510805 0 -0.99393946565510805 -0.10992878882821554 0 0 -0 -1 
1 41.034000000000006 9.8535000000000004 13.950000000000001 0.94338729483162564 0.3316932497809798 -0 0.3316932497809798 -0.94338729483162564 0 0 -0 -1 
1 42.608999999999995 16.847999999999999 13.950000000000001 -0.090067227432463579 -0.99593568795511545 0 -0.99593568795511545 0.090067227432463579 0 -0 0 -1 
1 41.380499999999998 8.8680000000000003 13.950000000000001 0.99559736277670063 0.093733085045136763 -0 0.093733085045136763 -0.99559736277670063 0 0 -0 -1 
1 44.094000000000001 16.3935 13.950000000000001 -0.29266020320919334 -0.95621650553499316 0 -0.95621650553499316 0.29266020320919334 0 -0 0 -1 
1 41.491500000000002 7.6890000000000001 13.950000000000001 1 0 -0 0 -1 0 0 -0 -1 
1 45.338999999999999 15.666 13.950000000000001 -0.50451766724160152 -0.86340136868150297 0 -0.86340136868150297 0.50451766724160152 0 -0 0 -1 
1 41.491500000000002 -3.8955000000000002 13.950000000000001 0 1 0 1 0 0 0 0 -1 
1 46.347000000000001 14.686500000000001 13.950000000000001 -0.69689549096979297 -0.71717269514808724 0 -0.71717269514808724 0.69689549096979297 0 -0 0 -1 
1 48.133499999999998 -3.8955000000000002 13.950000000000001 -1 0 0 0 1 0 0 0 -1 
1 47.121000000000002 13.480499999999999 13.950000000000001 -0.84158635463059228 -0.54012258580769523 0 -0.54012258580769523 0.84158635463059228 0 -0 0 -1 
1 48.133499999999998 7.9320000000000004 13.950000000000001 -0.99143205115145527 0.13062345864973254 0 0.13062345864973254 0.99143205115145527 0 0 0 -1 
1 48.007500000000007 14.625 13.950000000000001 0.79057807225813581 -0.61236125911475647 0 -0.61236125911475647 -0.79057807225813581 0 0 -0 -1 
1 48.283500000000004 9.0704999999999991 13.950000000000001 -0.90505202580486266 0.42530087066277489 0 0.42530087066277489 0.90505202580486266 0 0 0 -1 
1 49.149000000000001 15.595500000000001 13.950000000000001 0.64773559759207588 -0.76186520829608462 0 -0.76186520829608462 -0.64773559759207588 0 0 -0 -1 
1 48.716999999999999 9.9930000000000003 13.950000000000001 -0.7071067811865468 0.70710678118654824 0 0.70710678118654824 0.7071067811865468 0 0 0 -1 
1 50.527500000000003 16.347000000000001 13.950000000000001 0.47865130331092659 -0.87800508531485821 0 -0.87800508531485821 -0.47865130331092659 0 0 -0 -1 
1 49.402500000000003 10.6785 13.950000000000001 -0.42615705778300667 0.90464919283760559 0 0.90464919283760559 0.42615705778300667 0 0 0 -1 
1 52.125 16.831499999999998 13.950000000000001 0.29023183602128472 -0.9569563633519107 0 -0.9569563633519107 -0.29023183602128472 0 0 -0 -1 
1 50.310000000000002 11.106 13.950000000000001 -0.13198728013952124 0.99125141002743178 0 0.99125141002743178 0.13198728013952124 0 0 0 -1 
1 53.925000000000004 17.004000000000001 13.950000000000001 0.09539627351924726 -0.99543937585301545 0 -0.99543937585301545 -0.09539627351924726 0 0 -0 -1 
1 51.414000000000001 11.253 13.950000000000001 0.14230282207465458 0.98982316947502758 -0 0.98982316947502758 -0.14230282207465458 0 0 -0 -1 
1 56.560500000000005 16.615500000000001 13.950000000000001 -0.14583439675000881 -0.98930901579059771 0 -0.98930901579059771 0.14583439675000881 0 -0 0 -1 
1 52.592999999999996 11.083500000000001 13.950000000000001 0.47748820015982307 0.87863816142262618 -0 0.87863816142262618 -0.47748820015982307 0 0 -0 -1 
1 58.594500000000004 15.51 13.950000000000001 -0.47753506813584456 -0.87861268981303386 0 -0.87861268981303386 0.47753506813584456 0 -0 0 -1 
1 53.473500000000001 10.605 13.950000000000001 0.77995668115208139 0.6258335046370006 -0 0.6258335046370006 -0.77995668115208139 0 0 -0 -1 
1 60.034500000000008 13.776 13.950000000000001 -0.76931113795834916 -0.6388743014186985 0 -0.6388743014186985 0.76931113795834916 0 -0 0 -1 
1 54.076500000000003 9.8535000000000004 13.950000000000001 0.9433872948316272 0.3316932497809752 -0 0.3316932497809752 -0.9433872948316272 0 0 -0 -1 
1 60.892499999999998 11.503499999999999 13.950000000000001 -0.93554012608629611 -0.35322043044314022 0 -0.35322043044314022 0.93554012608629611 0 -0 0 -1 
1 54.422999999999995 8.8680000000000003 13.950000000000001 0.99571479040511124 0.092477327862052872 -0 0.092477327862052872 -0.99571479040511124 0 0 -0 -1 
1 61.176000000000002 8.7825000000000006 13.950000000000001 -0.99461605440506407 -0.10362868483051668 0 -0.10362868483051668 0.99461605440506407 0 -0 0 -1 
1 54.532499999999999 7.6890000000000001 13.950000000000001 1 0 -0 0 -1 0 0 -0 -1 
1 61.176000000000002 -3.8955000000000002 13.950000000000001 -1 0 0 0 1 0 0 0 -1 
1 54.532499999999999 -3.8955000000000002 13.950000000000001 0 1 0 1 0 0 0 0 -1 
1 71.900999999999996 -7.7250000000000005 13.950000000000001 -0.99999860991295697 -0.001667384824779279 0 -0.001667384824779279 0.99999860991295697 0 -0 0 -1 
1 71.860500000000002 16.564499999999999 13.950000000000001 0 -1 0 -1 0 0 -0 -0 -1 
1 65.359499999999997 16.564499999999999 13.950000000000001 0.99999846986654117 0.0017493611909241711 -0 0.0017493611909241711 -0.99999846986654117 0 0 -0 -1 
1 65.392499999999998 -2.2995000000000001 13.950000000000001 0.64030627897690029 0.76811969711937222 -0 0.76811969711937222 -0.64030627897690029 0 0 -0 -1 
1 67.770069613819459 -17.573821165129399 5 0 0 1 1 0 0 0 1 0 
1 68.651338949804682 -10.754707916757466 5 0 0 1 1 0 0 0 1 0 
1 95.597933619168089 -3.3854092849623427 5 0 0 1 1 0 0 0 1 0 
1 -99.217298129156305 6.3233837216814832 5 0 0 1 1 0 0 0 1 0 
1 -74.808186575275045 6.2079267539349097 5 0 0 1 1 0 0 0 1 0 
1 -35.378214338014459 6.3110548751965947 5 0 0 1 1 0 0 0 1 0 
1 -55.425319051780036 9.0673186616050927 5 0 0 1 1 0 0 0 1 0 
1 -11.112289548718341 6.4185619951086759 5 0 0 1 1 0 0 0 1 0 
1 13.74825183505547 6.311054924719512 5 0 0 1 1 0 0 0 1 0 
1 44.318325848143409 6.4738378592470438 5 0 0 1 1 0 0 0 1 0 
1 68.9325668268322 5.2834728662952397 5 0 0 1 1 0 0 0 1 0 
1 -95.974499999999992 6.3104999999999993 13.950000000000001 -0.99019400676567082 -0.13969906572825255 0 -0.13969906572825255 0.99019400676567082 0 -0 0 -1 
1 -96.212999999999994 8.0009999999999994 13.950000000000001 -0.90425882348295661 -0.42698475400559593 0 -0.42698475400559593 0.90425882348295661 0 -0 0 -1 
1 -96.888000000000005 9.4305000000000003 13.950000000000001 -0.7231324485045787 -0.69070939035152323 0 -0.69070939035152323 0.7231324485045787 0 -0 0 -1 
1 -97.942499999999995 10.5345 13.950000000000001 -0.4584207194171912 -0.8887353059314258 0 -0.8887353059314258 0.4584207194171912 0 -0 0 -1 
1 -99.318000000000012 11.244 13.950000000000001 -0.15205718425394063 -0.98837169765061728 0 -0.98837169765061728 0.15205718425394063 0 -0 0 -1 
1 -100.956 11.495999999999999 13.950000000000001 0.15605685194182314 -0.98774807464353387 0 -0.98774807464353387 -0.15605685194182314 0 0 -0 -1 
1 -102.56999999999999 11.241 13.950000000000001 0.46860674981700934 -0.88340687909136129 0 -0.88340687909136129 -0.46860674981700934 0 0 -0 -1 
1 -103.92449999999999 10.522499999999999 13.950000000000001 0.73043045982888943 -0.68298707407545944 0 -0.68298707407545944 -0.73043045982888943 0 0 -0 -1 
1 -104.96100000000001 9.4139999999999997 13.950000000000001 0.9070089677484342 -0.42111130645462358 0 -0.42111130645462358 -0.9070089677484342 0 0 -0 -1 
1 -105.624 7.9859999999999998 13.950000000000001 0.99050904775935367 -0.13744754019937419 0 -0.13744754019937419 -0.99050904775935367 0 0 -0 -1 
1 -105.8565 6.3104999999999993 13.950000000000001 0.99049227317775146 0.13756837127468877 -0 0.13756837127468877 -0.99049227317775146 0 0 -0 -1 
1 -105.624 4.6364999999999998 13.950000000000001 0.90700896774843431 0.42111130645462341 -0 0.42111130645462341 -0.90700896774843431 0 0 -0 -1 
1 -104.96100000000001 3.2084999999999999 13.950000000000001 0.73043045982888943 0.68298707407545944 -0 0.68298707407545944 -0.73043045982888943 0 0 -0 -1 
1 -103.92449999999999 2.0999999999999996 13.950000000000001 0.46860674981700917 0.8834068790913614 -0 0.8834068790913614 -0.46860674981700917 0 0 -0 -1 
1 -102.56999999999999 1.3815 13.950000000000001 0.15605685194182325 0.98774807464353387 -0 0.98774807464353365 -0.15605685194182323 0 0 -0 -1 
1 -100.956 1.1265000000000001 13.950000000000001 -0.15205718425394132 0.98837169765061716 0 0.98837169765061716 0.15205718425394132 0 0 0 -1 
1 -99.318000000000012 1.3785000000000001 13.950000000000001 -0.45842071941719054 0.88873530593142613 0 0.88873530593142613 0.45842071941719054 0 0 0 -1 
1 -97.942499999999995 2.0880000000000001 13.950000000000001 -0.72313244850457892 0.69070939035152312 0 0.69070939035152312 0.72313244850457892 0 0 0 -1 
1 -96.888000000000005 3.1920000000000002 13.950000000000001 -0.9042588234829565 0.4269847540055961 0 0.4269847540055961 0.9042588234829565 0 0 0 -1 
1 -96.212999999999994 4.6215000000000002 13.950000000000001 -0.99017683755157715 0.13982070796687363 0 0.13982070796687363 0.99017683755157715 0 0 0 -1 
1 -30.517499999999998 6.3104999999999993 13.950000000000001 -0.99249345342087847 -0.12229777151157988 0 -0.12229777151157988 0.99249345342087847 0 -0 0 -1 
1 -30.712500000000002 7.8929999999999989 13.950000000000001 -0.92492140739686379 -0.38015837507413253 0 -0.38015837507413253 0.92492140739686379 0 -0 0 -1 
1 -31.294499999999999 9.3090000000000011 13.950000000000001 -0.76179129777269938 -0.64782252094056336 0 -0.64782252094056336 0.76179129777269938 0 -0 0 -1 
1 -32.266500000000001 10.452 13.950000000000001 -0.48971407200258654 -0.87188309289872434 0 -0.87188309289872434 0.48971407200258654 0 -0 0 -1 
1 -33.628500000000003 11.216999999999999 13.950000000000001 -0.15752804425034414 -0.98751451395645917 0 -0.98751451395645917 0.15752804425034414 0 -0 0 -1 
1 -35.377499999999998 11.495999999999999 13.950000000000001 0.15739640425797963 -0.98753550413474178 0 -0.98753550413474178 -0.15739640425797963 0 0 -0 -1 
1 -37.128 11.216999999999999 13.950000000000001 0.4901243512400551 -0.87165252269554938 0 -0.87165252269554938 -0.4901243512400551 0 0 -0 -1 
1 -38.488500000000002 10.452 13.950000000000001 0.76179129777269938 -0.64782252094056336 0 -0.64782252094056336 -0.76179129777269938 0 0 -0 -1 
1 -39.460499999999996 9.3090000000000011 13.950000000000001 0.92457664598304645 -0.38099609670276213 0 -0.38099609670276213 -0.92457664598304645 0 0 -0 -1 
1 -40.044000000000004 7.8929999999999989 13.950000000000001 0.99260722203578144 -0.12137093046693236 0 -0.12137093046693236 -0.99260722203578144 0 0 -0 -1 
1 -40.237499999999997 6.3104999999999993 13.950000000000001 0.99259334288010925 0.12148438447014413 -0 0.12148438447014413 -0.99259334288010925 0 0 -0 -1 
1 -40.044000000000004 4.7294999999999998 13.950000000000001 0.92457664598304634 0.38099609670276241 -0 0.38099609670276241 -0.92457664598304634 0 0 -0 -1 
1 -39.460499999999996 3.3135000000000003 13.950000000000001 0.7617912977726996 0.64782252094056303 -0 0.64782252094056303 -0.7617912977726996 0 0 -0 -1 
1 -38.488500000000002 2.1705000000000001 13.950000000000001 0.49012435124005527 0.87165252269554927 -0 0.87165252269554927 -0.49012435124005527 0 0 -0 -1 
1 -37.128 1.4055 13.950000000000001 0.15739640425797974 0.98753550413474178 -0 0.98753550413474178 -0.15739640425797974 0 0 -0 -1 
1 -35.377499999999998 1.1265000000000001 13.950000000000001 -0.15752804425034425 0.98751451395645906 0 0.98751451395645906 0.15752804425034425 0 0 0 -1 
1 -33.628500000000003 1.4055 13.950000000000001 -0.48971407200258671 0.87188309289872423 0 0.87188309289872423 0.48971407200258671 0 0 0 -1 
1 -32.266500000000001 2.1705000000000001 13.950000000000001 -0.7617912977726996 0.64782252094056303 0 0.64782252094056303 0.7617912977726996 0 0 0 -1 
1 -31.294499999999999 3.3135000000000003 13.950000000000001 -0.92492140739686368 0.3801583750741328 0 0.3801583750741328 0.92492140739686368 0 0 0 -1 
1 -30.712500000000002 4.7294999999999998 13.950000000000001 -0.99247936310103368 0.12241206565762518 0 0.12241206565762518 0.99247936310103368 0 0 0 -1 
1 18.609000000000002 6.3104999999999993 13.950000000000001 -0.99249345342087869 -0.12229777151157824 0 -0.12229777151157824 0.99249345342087869 0 -0 0 -1 
1 18.414000000000001 7.8929999999999989 13.950000000000001 -0.92457664598304767 -0.38099609670275913 0 -0.38099609670275913 0.92457664598304767 0 -0 0 -1 
1 17.830500000000001 9.3090000000000011 13.950000000000001 -0.76179129777269938 -0.64782252094056336 0 -0.64782252094056336 0.76179129777269938 0 -0 0 -1 
1 16.858499999999999 10.452 13.950000000000001 -0.4901243512400551 -0.87165252269554938 0 -0.87165252269554938 0.4901243512400551 0 -0 0 -1 
1 15.498000000000001 11.216999999999999 13.950000000000001 -0.15752804425034414 -0.98751451395645917 0 -0.98751451395645917 0.15752804425034414 0 -0 0 -1 
1 13.749000000000001 11.495999999999999 13.950000000000001 0.15739640425797927 -0.98753550413474189 0 -0.98753550413474189 -0.15739640425797927 0 0 -0 -1 
1 11.9985 11.216999999999999 13.950000000000001 0.4901243512400551 -0.87165252269554938 0 -0.87165252269554938 -0.4901243512400551 0 0 -0 -1 
1 10.638 10.452 13.950000000000001 0.76179129777269938 -0.64782252094056336 0 -0.64782252094056336 -0.76179129777269938 0 0 -0 -1 
1 9.6660000000000004 9.3090000000000011 13.950000000000001 0.92457664598304734 -0.38099609670275986 0 -0.38099609670275986 -0.92457664598304734 0 0 -0 -1 
1 9.0824999999999996 7.8929999999999989 13.950000000000001 0.9924934534208788 -0.12229777151157741 0 -0.12229777151157741 -0.9924934534208788 0 0 -0 -1 
1 8.8874999999999993 6.3104999999999993 13.950000000000001 0.99247936310103402 0.12241206565762271 -0 0.12241206565762271 -0.99247936310103402 0 0 -0 -1 
1 9.0824999999999996 4.7294999999999998 13.950000000000001 0.92457664598304723 0.38099609670276019 -0 0.38099609670276019 -0.92457664598304723 0 0 -0 -1 
1 9.6660000000000004 3.3135000000000003 13.950000000000001 0.7617912977726996 0.64782252094056303 -0 0.64782252094056303 -0.7617912977726996 0 0 -0 -1 
1 10.638 2.1705000000000001 13.950000000000001 0.49012435124005527 0.87165252269554927 -0 0.87165252269554927 -0.49012435124005527 0 0 -0 -1 
1 11.9985 1.4055 13.950000000000001 0.15739640425797938 0.98753550413474189 -0 0.98753550413474189 -0.15739640425797938 0 0 -0 -1 
1 13.749000000000001 1.1265000000000001 13.950000000000001 -0.15752804425034425 0.98751451395645906 0 0.98751451395645906 0.15752804425034425 0 0 0 -1 
1 15.498000000000001 1.4055 13.950000000000001 -0.49012435124005527 0.87165252269554927 0 0.87165252269554927 0.49012435124005527 0 0 0 -1 
1 16.858499999999999 2.1705000000000001 13.950000000000001 -0.7617912977726996 0.64782252094056303 0 0.64782252094056303 0.7617912977726996 0 0 0 -1 
1 17.830500000000001 3.3135000000000003 13.950000000000001 -0.92457664598304756 0.38099609670275941 0 0.38099609670275941 0.92457664598304756 0 0 0 -1 
1 18.414000000000001 4.7294999999999998 13.950000000000001 -0.9924793631010338 0.12241206565762353 0 0.12241206565762353 0.9924793631010338 0 0 0 -1 
1 -2.2454629144567342e-15 9.6963171306086258e-16 4.6500000000000004 0 0 1 1 0 0 0 1 0 
1 -2.2454629144567342e-15 9.6963171306086258e-16 4.6500000000000004 0 0 1 1 0 0 0 1 0 
1 -2.2454629144567342e-15 9.6963171306086258e-16 4.6500000000000004 0 0 1 1 0 0 0 1 0 
Triangulations 0

TShapes 4446
Ve
1.5e-07
-156 34.5435 0
0 0

0101101
*
Ve
1.5e-07
-156 34.5435 6
0 0

0101101
*
Ed
 1.5e-07 1 1 0
1  1 0 0 6
2  1 2 0 0 6
4 G1 1 0 2 0
0

0101000
+4446 0 -4445 0 *
Ve
1.5e-07
-156 -34.5435 0
0 0

0101101
*
Ve
1.5e-07
-156 -34.5435 6
0 0

0101101
*
Ed
 1.5e-07 1 1 0
1  2 0 0 6
2  2 3 0 0 6
4 G1 1 0 3 0
0

0101000
+4443 0 -4442 0 *
Ed
 1.5e-07 1 1 0
1  3 0 0 69.087
0

0101000
+4446 5 -4443 5 *
Ed
 1.5e-07 1 1 0
1  4 0 0 69.087
0

0101000
+4445 8 -4442 8 *
Wi

0101100
+4444 0 -4441 0 -4440 4 +4439 7 *
Fa
0  1.5e-07 1 0

0101000
+4438 0 *
Ve
1.5e-07
-150.7275 47.2725 0
0 0

0101101
*
Ve
1.5e-07
-150.7275 47.2725 6
0 0

0101101
*
Ed
 1.5e-07 1 1 0
1  5 0 0 6
2  3 2 0 0 6
4 G1 2 0 4 0
0

0101000
+4436 0 -4435 0 *
Ed
 1.5e-07 1 1 0
1  6 0 0 0.785928587430342
2  4 2 5 0 0.785928587430342
0

0101000
+4436 5 -4446 5 *
Ed
 1.5e-07 1 1 0
1  7 0 0 0.785928587430342
2  5 2 8 0 0.785928587430342
0

0101000
+4435 8 -4445 8 *
Wi

0101100
+4434 0 -4444 0 -4433 4 +4432 7 *
Fa
0  1.5e-07 2 0

0101000
+4431 0 *
Ve
1.5e-07
-150.7275 -47.2725 0
0 0

0101101
*
Ve
1.5e-07
-150.7275 -47.2725 6
0 0

0101101
*
Ed
 1.5e-07 1 1 0
1  8 0 0 6
2  6 3 0 0 6
4 G1 3 0 5 0
0

0101000
+4429 0 -4428 0 *
Ed
 1.5e-07 1 1 0
1  9 0 0 0.785928587430342
2  7 3 5 0 0.785928587430342
0

0101000
+4443 5 -4429 5 *
Ed
 1.5e-07 1 1 0
1  10 0 0 0.785928587430342
2  8 3 8 0 0.785928587430342
0

0101000
+4442 8 -4428 8 *
Wi

0101100
+4441 0 -4427 0 -4426 4 +4425 7 *
Fa
0  1.5e-07 3 0

0101000
+4424 0 *
Ve
1.5e-07
-122.2725 75.7275 0
0 0

0101101
*
Ed
 1.5e-07 1 1 0
1  11 0 0 40.2414469173264
0

0101000
+4422 5 -4436 5 *
Ve
1.5e-07
-109.5435 81 0
0 0

0101101
*
Ed
 1.5e-07 1 1 0
1  12 0 0 0.785928587430344
2  9 7 5 0 0.785928587430344
0

0101000
+4420 5 -4422 5 *
Ve
1.50000010658141e-07
-39.2300904918661 81 0
0 0

0101101
*
Ed
 1.5e-07 1 1 0
1  13 0 148.773590491866 219.087
0

0101000
+4418 5 -4420 5 *
Ve
1.5e-07
-122.2725 -75.7275 0
0 0

0101101
*
Ed
 1.5e-07 1 1 0
1  14 0 0 40.2414469173264
0

0101000
+4429 5 -4416 5 *
Ve
1.50000005329071e-07
39.2300904918661 81 0
0 0

0101101
*
Ed
 1.5e-07 1 1 0
1  15 0 1.11976951499863 2.02182313859116
2  10 8 0 1.11976951499863 2.02182313859116
0

0101000
+4414 0 -4418 0 *
Ve
1.5e-07
-109.5435 -81 0
0 0

0101101
*
Ed
 1.5e-07 1 1 0
1  16 0 0 0.785928587430344
2  11 9 5 0 0.785928587430344
0

0101000
+4416 5 -4412 5 *
Ve
1.5e-07
109.5435 81 0
0 0

0101101
*
Ed
 1.5e-07 1 1 0
1  17 0 0 70.3134095081339
0

0101000
+4410 5 -4414 5 *
Ve
1.50000052485258e-07
-39.2300904918661 -81 0
0 0

0101101
*
Ed
 1.5e-07 1 1 0
1  18 0 0 70.3134095081339
0

0101000
+4412 5 -4408 5 *
Ve
1.5e-07
122.2725 75.7275 0
0 0

0101101
*
Ed
 1.5e-07 1 1 0
1  19 0 0 0.785928587430344
2  12 10 5 0 0.785928587430344
0

0101000
+4406 5 -4410 5 *
Ve
1.50000023832328e-07
39.2300904918661 -81 0
0 0

0101101
*
Ed
 1.5e-07 1 1 0
1  20 0 4.26136216858843 5.16341579218095
2  13 11 0 4.26136216858843 5.16341579218095
0

0101000
+4408 0 -4404 0 *
Ve
1.5e-07
150.7275 47.2725 0
0 0

0101101
*
Ed
 1.5e-07 1 1 0
1  21 0 0 40.2414469173264
0

0101000
+4402 5 -4406 5 *
Ve
1.5e-07
109.5435 -81 0
0 0

0101101
*
Ed
 1.5e-07 1 1 0
1  22 0 148.773590491866 219.087
0

0101000
+4404 5 -4400 5 *
Ve
1.5e-07
156 34.5435 0
0 0

0101101
*
Ed
 1.5e-07 1 1 0
1  23 0 0 0.785928587430342
2  14 12 5 0 0.785928587430342
0

0101000
+4398 5 -4402 5 *
Ve
1.5e-07
122.2725 -75.7275 0
0 0

0101101
*
Ed
 1.5e-07 1 1 0
1  24 0 0 0.785928587430344
2  15 13 5 0 0.785928587430344
0

0101000
+4400 5 -4396 5 *
Ve
1.5e-07
156 -34.5435 0
0 0

0101101
*
Ed
 1.5e-07 1 1 0
1  25 0 0 69.087
0

0101000
+4394 5 -4398 5 *
Ve
1.5e-07
150.7275 -47.2725 0
0 0

0101101
*
Ed
 1.5e-07 1 1 0
1  26 0 0 40.2414469173264
0

0101000
+4396 5 -4392 5 *
Ed
 1.5e-07 1 1 0
1  27 0 0 0.785928587430342
2  16 14 5 0 0.785928587430342
0

0101000
+4392 5 -4394 5 *
Wi

0101100
+4433 4 +4421 4 +4440 4 +4419 4 +4426 4 +4417 4 +4415 4 +4413 0 +4411 4 +4409 4 
+4407 4 +4405 4 +4403 0 +4401 4 +4399 4 +4397 4 +4395 4 +4393 4 +4391 4 +4390 4 
*
Ve
1.5e-07
-129.6 -57 0
0 0

0101101
*
Ed
 1.5e-07 1 1 0
1  28 0 0 6.28318530717959
2  17 15 0 0 6.28318530717959
0

0101100
+4388 0 -4388 0 *
Wi

0101100
+4387 0 *
Ve
1.5e-07
135.9 -57 0
0 0

0101101
*
Ed
 1.5e-07 1 1 0
1  29 0 0 6.28318530717959
2  18 16 0 0 6.28318530717959
0

0101100
+4385 0 -4385 0 *
Wi

0101100
+4384 0 *
Ve
1.5e-07
-129.6 57 0
0 0

0101101
*
Ed
 1.5e-07 1 1 0
1  30 0 0 6.28318530717959
2  19 17 0 0 6.28318530717959
0

0101100
+4382 0 -4382 0 *
Wi

0101100
+4381 0 *
Ve
1.5e-07
135.9 57 0
0 0

0101101
*
Ed
 1.5e-07 1 1 0
1  31 0 0 6.28318530717959
2  20 18 0 0 6.28318530717959
0

0101100
+4379 0 -4379 0 *
Wi

0101100
+4378 0 *
Fa
0  1.5e-07 6 4

0101000
+4389 0 +4386 0 +4383 0 +4380 0 +4377 0 *
Ve
1.5e-07
-122.2725 75.7275 6
0 0

0101101
*
Ed
 1.5e-07 1 1 0
1  32 0 0 40.2414469173264
0

0101000
+4375 8 -4435 8 *
Ve
1.5e-07
-109.5435 81 6
0 0

0101101
*
Ed
 1.5e-07 1 1 0
1  33 0 0 0.785928587430344
2  21 7 8 0 0.785928587430344
0

0101000
+4373 8 -4375 8 *
Ve
1.50000010658141e-07
-39.2300904918661 81 6
0 0

0101101
*
Ed
 1.5e-07 1 1 0
1  34 0 148.773590491866 219.087
0

0101000
+4371 8 -4373 8 *
Ve
1.5e-07
-122.2725 -75.7275 6
0 0

0101101
*
Ed
 1.5e-07 1 1 0
1  35 0 0 40.2414469173264
0

0101000
+4428 8 -4369 8 *
Ve
1.50000005329071e-07
39.2300904918661 81 6
0 0

0101101
*
Ed
 1.5e-07 1 1 0
1  36 0 1.11976951499863 2.02182313859116
2  22 8 0 1.11976951499863 2.02182313859116
0

0101000
+4367 0 -4371 0 *
Ve
1.5e-07
-109.5435 -81 6
0 0

0101101
*
Ed
 1.5e-07 1 1 0
1  37 0 0 0.785928587430344
2  23 9 8 0 0.785928587430344
0

0101000
+4369 8 -4365 8 *
Ve
1.5e-07
109.5435 81 6
0 0

0101101
*
Ed
 1.5e-07 1 1 0
1  38 0 0 70.3134095081339
0

0101000
+4363 8 -4367 8 *
Ve
1.50000052485258e-07
-39.2300904918661 -81 6
0 0

0101101
*
Ed
 1.5e-07 1 1 0
1  39 0 0 70.3134095081339
0

0101000
+4365 8 -4361 8 *
Ve
1.5e-07
122.2725 75.7275 6
0 0

0101101
*
Ed
 1.5e-07 1 1 0
1  40 0 0 0.785928587430344
2  24 10 8 0 0.785928587430344
0

0101000
+4359 8 -4363 8 *
Ve
1.50000023832328e-07
39.2300904918661 -81 6
0 0

0101101
*
Ed
 1.5e-07 1 1 0
1  41 0 4.26136216858843 5.16341579218095
2  25 11 0 4.26136216858843 5.16341579218095
0

0101000
+4361 0 -4357 0 *
Ve
1.5e-07
150.7275 47.2725 6
0 0

0101101
*
Ed
 1.5e-07 1 1 0
1  42 0 0 40.2414469173264
0

0101000
+4355 8 -4359 8 *
Ve
1.5e-07
109.5435 -81 6
0 0

0101101
*
Ed
 1.5e-07 1 1 0
1  43 0 148.773590491866 219.087
0

0101000
+4357 8 -4353 8 *
Ve
1.5e-07
156 34.5435 6
0 0

0101101
*
Ed
 1.5e-07 1 1 0
1  44 0 0 0.785928587430342
2  26 12 8 0 0.785928587430342
0

0101000
+4351 8 -4355 8 *
Ve
1.5e-07
122.2725 -75.7275 6
0 0

0101101
*
Ed
 1.5e-07 1 1 0
1  45 0 0 0.785928587430344
2  27 13 8 0 0.785928587430344
0

0101000
+4353 8 -4349 8 *
Ve
1.5e-07
156 -34.5435 6
0 0

0101101
*
Ed
 1.5e-07 1 1 0
1  46 0 0 69.087
0

0101000
+4347 8 -4351 8 *
Ve
1.5e-07
150.7275 -47.2725 6
0 0

0101101
*
Ed
 1.5e-07 1 1 0
1  47 0 0 40.2414469173264
0

0101000
+4349 8 -4345 8 *
Ed
 1.5e-07 1 1 0
1  48 0 0 0.785928587430342
2  28 14 8 0 0.785928587430342
0

0101000
+4345 8 -4347 8 *
Wi

0101100
+4432 7 +4374 7 +4439 7 +4372 7 +4425 7 +4370 7 +4368 7 +4366 0 +4364 7 +4362 7 
+4360 7 +4358 7 +4356 0 +4354 7 +4352 7 +4350 7 +4348 7 +4346 7 +4344 7 +4343 7 
*
Ve
1.5e-07
-129.6 -57 6
0 0

0101101
*
Ed
 1.5e-07 1 1 0
1  49 0 0 6.28318530717959
2  29 15 0 0 6.28318530717959
0

0101100
+4341 0 -4341 0 *
Wi

0101100
+4340 0 *
Ve
1.5e-07
135.9 -57 6
0 0

0101101
*
Ed
 1.5e-07 1 1 0
1  50 0 0 6.28318530717959
2  30 16 0 0 6.28318530717959
0

0101100
+4338 0 -4338 0 *
Wi

0101100
+4337 0 *
Ve
1.5e-07
-115.5435 65.4855 6
0 0

0101101
*
Ve
1.5e-07
-140.4855 40.5435 6
0 0

0101101
*
Ed
 1.5e-07 1 1 0
1  51 0 0 35.2733146727097
0

0101000
+4335 13 -4334 13 *
Ve
1.5e-07
-107.058 69 6
0 0

0101101
*
Ed
 1.5e-07 1 1 0
1  52 0 0 0.785482662922169
2  31 20 13 0 0.785482662922169
0

0101000
+4332 13 -4335 13 *
Ve
1.5e-07
-144 32.058 6
0 0

0101101
*
Ed
 1.5e-07 1 1 0
1  53 0 0 0.785482662922179
2  32 21 13 0 0.785482662922179
0

0101000
+4334 13 -4330 13 *
Ve
1.50001737276989e-07
-41.8927201312991 68.9999999999983 6
0 0

0101101
*
Ed
 1.5e-07 1 1 0
1  54 0 148.950720131299 214.116
0

0101000
+4328 13 -4332 13 *
Ve
1.5e-07
-144 -32.058 6
0 0

0101101
*
Ed
 1.5e-07 1 1 0
1  55 0 0 64.116
0

0101000
+4330 13 -4326 13 *
Ve
1.50000170530257e-07
41.8927201313061 68.9999999999998 6
0 0

0101101
*
Ed
 1.5e-07 1 1 0
1  56 0 4.28915311888526 5.13562484188419
2  33 22 17 4.28915311888526 5.13562484188419
0

0101000
+4328 17 -4324 17 *
Ve
1.5e-07
-140.4855 -40.5435 6
0 0

0101101
*
Ed
 1.5e-07 1 1 0
1  57 0 0 0.785482662922179
2  34 23 13 0 0.785482662922179
0

0101000
+4326 13 -4322 13 *
Ve
1.5e-07
107.058 69 6
0 0

0101101
*
Ed
 1.5e-07 1 1 0
1  58 0 0 65.1652798686939
0

0101000
+4320 13 -4324 13 *
Ve
1.5e-07
-115.5435 -65.4855 6
0 0

0101101
*
Ed
 1.5e-07 1 1 0
1  59 0 0 35.2733146727097
0

0101000
+4322 13 -4318 13 *
Ve
1.5e-07
115.5435 65.4855 6
0 0

0101101
*
Ed
 1.5e-07 1 1 0
1  60 0 0 0.78548266292217
2  35 24 13 0 0.78548266292217
0

0101000
+4316 13 -4320 13 *
Ve
1.5e-07
-107.058 -69 6
0 0

0101101
*
Ed
 1.5e-07 1 1 0
1  61 0 0 0.78548266292217
2  36 25 13 0 0.78548266292217
0

0101000
+4318 13 -4314 13 *
Ve
1.5e-07
140.4855 40.5435 6
0 0

0101101
*
Ed
 1.5e-07 1 1 0
1  62 0 0 35.2733146727097
0

0101000
+4312 13 -4316 13 *
Ve
1.5000174793513e-07
-41.8927201312991 -68.9999999999983 6
0 0

0101101
*
Ed
 1.5e-07 1 1 0
1  63 0 0 65.1652798687009
0

0101000
+4314 13 -4310 13 *
Ve
1.5e-07
144 32.058 6
0 0

0101101
*
Ed
 1.5e-07 1 1 0
1  64 0 0 0.785482662922179
2  37 26 13 0 0.785482662922179
0

0101000
+4308 13 -4312 13 *
Ve
1.50000149213975e-07
41.8927201313062 -68.9999999999999 6
0 0

0101101
*
Ed
 1.5e-07 1 1 0
1  65 0 1.1475604652954 1.99403218829433
2  38 27 21 1.1475604652954 1.99403218829433
0

0101000
+4306 21 -4310 21 *
Ve
1.5e-07
144 -32.058 6
0 0

0101101
*
Ed
 1.5e-07 1 1 0
1  66 0 0 64.116
0

0101000
+4304 13 -4308 13 *
Ve
1.5e-07
107.058 -69 6
0 0

0101101
*
Ed
 1.5e-07 1 1 0
1  67 0 148.950720131306 214.116
0

0101000
+4306 13 -4302 13 *
Ve
1.5e-07
140.4855 -40.5435 6
0 0

0101101
*
Ed
 1.5e-07 1 1 0
1  68 0 0 0.785482662922179
2  39 28 13 0 0.785482662922179
0

0101000
+4300 13 -4304 13 *
Ve
1.5e-07
115.5435 -65.4855 6
0 0

0101101
*
Ed
 1.5e-07 1 1 0
1  69 0 0 0.785482662922169
2  40 29 13 0 0.785482662922169
0

0101000
+4302 13 -4298 13 *
Ed
 1.5e-07 1 1 0
1  70 0 0 35.2733146727097
0

0101000
+4298 13 -4300 13 *
Wi

0101100
-4333 12 -4331 12 -4329 12 -4327 12 -4325 12 +4323 16 -4321 12 -4319 12 -4317 12 -4315 12 
-4313 12 -4311 12 -4309 12 -4307 12 +4305 20 -4303 12 -4301 12 -4299 12 -4297 12 -4296 12 
*
Ve
1.5e-07
-129.6 57 6
0 0

0101101
*
Ed
 1.5e-07 1 1 0
1  71 0 0 6.28318530717959
2  41 17 0 0 6.28318530717959
0

0101100
+4294 0 -4294 0 *
Wi

0101100
+4293 0 *
Ve
1.5e-07
135.9 57 6
0 0

0101101
*
Ed
 1.5e-07 1 1 0
1  72 0 0 6.28318530717959
2  42 18 0 0 6.28318530717959
0

0101100
+4291 0 -4291 0 *
Wi

0101100
+4290 0 *
Fa
0  1.5e-07 19 7

0101000
+4342 0 +4339 0 +4336 0 +4295 0 +4292 0 +4289 0 *
Ed
 1.5e-07 1 1 0
1  73 0 0 6
2  43 7 0 0 6
4 G1 4 0 7 0
0

0101000
+4422 0 -4375 0 *
Wi

0101100
+4287 0 -4434 0 -4421 4 +4374 7 *
Fa
0  1.5e-07 4 0

0101000
+4286 0 *
Ed
 1.5e-07 1 1 0
1  74 0 0 6
2  44 9 0 0 6
4 G1 5 0 9 0
0

0101000
+4416 0 -4369 0 *
Wi

0101100
+4427 0 -4284 0 -4415 4 +4368 7 *
Fa
0  1.5e-07 5 0

0101000
+4283 0 *
Ed
 1.5e-07 1 1 0
1  75 0 0 6
2  45 7 0 0 6
4 G1 7 0 30 0
0

0101000
+4420 0 -4373 0 *
Wi

0101100
+4281 0 -4287 0 -4419 4 +4372 7 *
Fa
0  1.5e-07 7 0

0101000
+4280 0 *
Ed
 1.5e-07 1 1 0
1  76 0 -7.5 -1.5
2  46 8 0 -7.5 -1.5
0

0101000
+4371 0 -4418 0 *
Wi

0101100
-4417 4 -4281 0 +4370 7 -4278 0 *
Fa
0  1.5e-07 30 0

0101000
+4277 0 *
Ed
 1.5e-07 1 1 0
1  77 0 -7.5 -1.5
2  47 8 0 -7.5 -1.5
0

0101000
+4367 0 -4414 0 *
Wi

0101100
+4275 0 -4366 0 -4278 0 +4413 0 *
Fa
0  1.5e-07 8 0

0101000
+4274 0 *
Ed
 1.5e-07 1 1 0
1  78 0 0 6
2  48 9 0 0 6
4 G1 9 0 31 0
0

0101000
+4412 0 -4365 0 *
Wi

0101100
+4284 0 -4272 0 -4411 4 +4364 7 *
Fa
0  1.5e-07 9 0

0101000
+4271 0 *
Ed
 1.5e-07 1 1 0
1  79 0 0 6
2  49 10 0 0 6
4 G1 32 0 10 0
0

0101000
+4410 0 -4363 0 *
Wi

0101100
-4409 4 +4275 0 +4362 7 +4269 0 *
Fa
0  1.5e-07 32 0

0101000
+4268 0 *
Ed
 1.5e-07 1 1 0
1  80 0 -7.5 -1.5
2  50 11 0 -7.5 -1.5
0

0101000
+4361 0 -4408 0 *
Wi

0101100
-4407 4 +4266 0 +4360 7 +4272 0 *
Fa
0  1.5e-07 31 0

0101000
+4265 0 *
Ed
 1.5e-07 1 1 0
1  81 0 0 6
2  51 10 0 0 6
4 G1 10 0 33 0
0

0101000
+4406 0 -4359 0 *
Wi

0101100
+4263 0 -4269 0 -4405 4 +4358 7 *
Fa
0  1.5e-07 10 0

0101000
+4262 0 *
Ed
 1.5e-07 1 1 0
1  82 0 -7.5 -1.5
2  52 11 0 -7.5 -1.5
0

0101000
+4357 0 -4404 0 *
Wi

0101100
+4266 0 -4356 0 -4260 0 +4403 0 *
Fa
0  1.5e-07 11 0

0101000
+4259 0 *
Ed
 1.5e-07 1 1 0
1  83 0 0 6
2  53 12 0 0 6
4 G1 33 0 12 0
0

0101000
+4402 0 -4355 0 *
Wi

0101100
+4257 0 -4263 0 -4401 4 +4354 7 *
Fa
0  1.5e-07 33 0

0101000
+4256 0 *
Ed
 1.5e-07 1 1 0
1  84 0 0 6
2  54 13 0 0 6
4 G1 34 0 13 0
0

0101000
+4400 0 -4353 0 *
Wi

0101100
-4399 4 -4254 0 +4352 7 -4260 0 *
Fa
0  1.5e-07 34 0

0101000
+4253 0 *
Ed
 1.5e-07 1 1 0
1  85 0 0 6
2  55 12 0 0 6
4 G1 12 0 35 0
0

0101000
+4398 0 -4351 0 *
Wi

0101100
+4251 0 -4257 0 -4397 4 +4350 7 *
Fa
0  1.5e-07 12 0

0101000
+4250 0 *
Ed
 1.5e-07 1 1 0
1  86 0 0 6
2  56 13 0 0 6
4 G1 13 0 36 0
0

0101000
+4396 0 -4349 0 *
Wi

0101100
+4254 0 -4248 0 -4395 4 +4348 7 *
Fa
0  1.5e-07 13 0

0101000
+4247 0 *
Ed
 1.5e-07 1 1 0
1  87 0 0 6
2  57 14 0 0 6
4 G1 35 0 14 0
0

0101000
+4394 0 -4347 0 *
Wi

0101100
+4245 0 -4251 0 -4393 4 +4346 7 *
Fa
0  1.5e-07 35 0

0101000
+4244 0 *
Ed
 1.5e-07 1 1 0
1  88 0 0 6
2  58 14 0 0 6
4 G1 36 0 14 0
0

0101000
+4392 0 -4345 0 *
Wi

0101100
+4248 0 -4242 0 -4391 4 +4344 7 *
Fa
0  1.5e-07 36 0

0101000
+4241 0 *
Wi

0101100
+4242 0 -4245 0 -4390 4 +4343 7 *
Fa
0  1.5e-07 14 0

0101000
+4239 0 *
Ed
 1.5e-07 1 1 0
1  89 0 1.5 7.5
3  59 60CN 15 0 1.5 7.5
0

0101000
+4388 0 -4341 0 *
Wi

0101100
+4387 0 -4237 0 -4340 0 +4237 0 *
Fa
0  1.5e-07 15 0

0101000
+4236 0 *
Ed
 1.5e-07 1 1 0
1  90 0 1.5 7.5
3  61 62CN 16 0 1.5 7.5
0

0101000
+4385 0 -4338 0 *
Wi

0101100
+4384 0 -4234 0 -4337 0 +4234 0 *
Fa
0  1.5e-07 16 0

0101000
+4233 0 *
Ed
 1.5e-07 1 1 0
1  91 0 1.5 7.5
3  63 64CN 17 0 1.5 7.5
0

0101000
+4382 0 -4294 0 *
Wi

0101100
+4381 0 -4231 0 -4293 0 +4231 0 *
Fa
0  1.5e-07 17 0

0101000
+4230 0 *
Ed
 1.5e-07 1 1 0
1  92 0 1.5 7.5
3  65 66CN 18 0 1.5 7.5
0

0101000
+4379 0 -4291 0 *
Wi

0101100
+4378 0 -4228 0 -4290 0 +4228 0 *
Fa
0  1.5e-07 18 0

0101000
+4227 0 *
Ve
1.5e-07
-115.5435 65.4855 9
0 0

0101101
*
Ed
 1.5e-07 1 1 0
1  93 0 0 3
2  67 20 0 0 3
0

0101000
+4335 0 -4225 0 *
Ve
0.000267545058975513
-135.0435 45.9855 9
0 0

0101101
*
Ed
 1.5e-07 1 1 0
1  94 0 0 27.5771644662754
0

0101000
+4225 24 -4223 24 *
Ve
0.000267545058975513
-135.0435 45.9855 12
0 0

0101101
*
Ed
 1.5e-07 1 1 0
1  95 0 0 3
2  68 38 0 0 3
0

0101000
+4223 0 -4221 0 *
Ve
1.5e-07
-140.4855 40.5435 12
0 0

0101101
*
Ed
 1.5e-07 1 1 0
1  96 0 0 7.69615020643438
0

0101000
+4221 30 -4219 30 *
Ed
 1.5e-07 1 1 0
1  97 0 0 6
2  69 21 0 0 6
0

0101000
+4334 0 -4219 0 *
Wi

0101100
+4224 0 +4222 23 +4220 0 +4218 29 -4217 0 -4333 12 *
Fa
0  1.5e-07 37 0

0111000
+4216 0 *
Ve
1.5e-07
-107.058 69 9
0 0

0101101
*
Ed
 1.5e-07 1 1 0
1  98 0 0 3
2  70 20 0 0 3
4 G1 20 0 39 0
0

0101000
+4332 0 -4214 0 *
Ed
 1.5e-07 1 1 0
1  99 0 0 0.785482662922169
2  71 20 24 0 0.785482662922169
0

0101000
+4214 24 -4225 24 *
Wi

0101100
+4213 0 -4224 0 -4331 12 +4212 23 *
Fa
0  1.5e-07 20 0

0101000
+4211 0 *
Ve
1.5e-07
-144 32.058 12
0 0

0101101
*
Ed
 1.5e-07 1 1 0
1  100 0 0 0.785482662922179
2  72 21 30 0 0.785482662922179
0

0101000
+4219 30 -4209 30 *
Ed
 1.5e-07 1 1 0
1  101 0 0 6
2  73 21 0 0 6
0

0101000
+4330 0 -4209 0 *
Wi

0101100
+4217 0 +4208 29 -4207 0 -4329 12 *
Fa
0  1.5e-07 21 0

0111000
+4206 0 *
Ve
1.50001737276989e-07
-41.8927201312991 68.9999999999983 9
0 0

0101101
*
Ed
 1.50001737276989e-07 1 1 0
1  102 0 0 3
2  74 22 0 0 3
0

0101000
+4328 0 -4204 0 *
Ed
 1.5e-07 1 1 0
1  103 0 148.950720131299 214.116
0

0101000
+4204 24 -4214 24 *
Wi

0101100
+4203 0 -4213 0 -4327 12 +4202 23 *
Fa
0  1.5e-07 39 0

0101000
+4201 0 *
Ve
1.5e-07
-144 -32.058 12
0 0

0101101
*
Ed
 1.5e-07 1 1 0
1  104 0 0 64.116
0

0101000
+4209 30 -4199 30 *
Ed
 1.5e-07 1 1 0
1  105 0 0 6
2  75 23 0 0 6
0

0101000
+4326 0 -4199 0 *
Wi

0101100
+4207 0 +4198 29 -4197 0 -4325 12 *
Fa
0  1.5e-07 40 0

0111000
+4196 0 *
Ve
1.50000170530257e-07
41.8927201313061 68.9999999999998 9
0 0

0101101
*
Ed
 1.50000170530257e-07 1 1 0
1  106 0 0 3
2  76 22 0 0 3
0

0101000
+4324 0 -4194 0 *
Ed
 1.5e-07 1 1 0
1  107 0 4.28915311888526 5.13562484188419
2  77 22 32 4.28915311888526 5.13562484188419
0

0101000
+4204 32 -4194 32 *
Wi

0101100
+4203 0 -4193 0 -4323 16 +4192 31 *
Fa
0  1.5e-07 22 0

0101000
+4191 0 *
Ve
1.5e-07
-140.4855 -40.5435 12
0 0

0101101
*
Ed
 1.5e-07 1 1 0
1  108 0 0 0.785482662922179
2  78 23 30 0 0.785482662922179
0

0101000
+4199 30 -4189 30 *
Ed
 1.5e-07 1 1 0
1  109 0 0 6
2  79 23 0 0 6
0

0101000
+4322 0 -4189 0 *
Wi

0101100
+4197 0 +4188 29 -4187 0 -4321 12 *
Fa
0  1.5e-07 23 0

0111000
+4186 0 *
Ve
1.5e-07
107.058 69 9
0 0

0101101
*
Ed
 1.5e-07 1 1 0
1  110 0 0 3
2  80 24 0 0 3
4 G1 41 0 24 0
0

0101000
+4320 0 -4184 0 *
Ed
 1.5e-07 1 1 0
1  111 0 0 65.1652798686939
0

0101000
+4184 24 -4194 24 *
Wi

0101100
+4183 0 -4193 0 -4319 12 +4182 23 *
Fa
0  1.5e-07 41 0

0101000
+4181 0 *
Ve
0.000270220509565269
-135.0435 -45.9855 12
0 0

0101101
*
Ed
 1.5e-07 1 1 0
1  112 0 0 7.69615020643438
0

0101000
+4189 30 -4179 30 *
Ve
0.000270220509565269
-135.0435 -45.9855 9
0 0

0101101
*
Ed
 1.5e-07 1 1 0
1  113 0 0 3
2  81 43 0 0 3
0

0101000
+4177 0 -4179 0 *
Ve
1.5e-07
-115.5435 -65.4855 9
0 0

0101101
*
Ed
 1.5e-07 1 1 0
1  114 0 7.69615020643438 35.2733146727097
0

0101000
+4177 24 -4175 24 *
Ed
 1.5e-07 1 1 0
1  115 0 0 3
2  82 25 0 0 3
0

0101000
+4318 0 -4175 0 *
Wi

0101100
+4187 0 +4178 29 -4176 0 +4174 23 -4173 0 -4317 12 *
Fa
0  1.5e-07 42 0

0111000
+4172 0 *
Ve
1.5e-07
115.5435 65.4855 9
0 0

0101101
*
Ed
 1.5e-07 1 1 0
1  116 0 0 3
2  83 24 0 0 3
0

0101000
+4316 0 -4170 0 *
Ed
 1.5e-07 1 1 0
1  117 0 0 0.78548266292217
2  84 24 24 0 0.78548266292217
0

0101000
+4170 24 -4184 24 *
Wi

0101100
+4169 0 -4183 0 -4315 12 +4168 23 *
Fa
0  1.5e-07 24 0

0101000
+4167 0 *
Ve
1.5e-07
-107.058 -69 9
0 0

0101101
*
Ed
 1.5e-07 1 1 0
1  118 0 0 3
2  85 25 0 0 3
4 G1 25 0 44 0
0

0101000
+4314 0 -4165 0 *
Ed
 1.5e-07 1 1 0
1  119 0 0 0.78548266292217
2  86 25 24 0 0.78548266292217
0

0101000
+4175 24 -4165 24 *
Wi

0101100
+4173 0 -4164 0 -4313 12 +4163 23 *
Fa
0  1.5e-07 25 0

0101000
+4162 0 *
Ve
1.5e-07
140.4855 40.5435 12
0 0

0101101
*
Ed
 1.5e-07 1 1 0
1  120 0 0 6
2  87 26 0 0 6
0

0101000
+4312 0 -4160 0 *
Ve
0.000270220509565269
135.0435 45.9855 12
0 0

0101101
*
Ed
 1.5e-07 1 1 0
1  121 0 0 7.69615020643438
0

0101000
+4160 30 -4158 30 *
Ve
0.000270220509565269
135.0435 45.9855 9
0 0

0101101
*
Ed
 1.5e-07 1 1 0
1  122 0 0 3
2  88 46 0 0 3
0

0101000
+4156 0 -4158 0 *
Ed
 1.5e-07 1 1 0
1  123 0 7.69615020643438 35.2733146727097
0

0101000
+4156 24 -4170 24 *
Wi

0101100
+4159 0 +4157 29 -4155 0 +4154 23 -4169 0 -4311 12 *
Fa
0  1.5e-07 45 0

0111000
+4153 0 *
Ve
1.5000174793513e-07
-41.8927201312991 -68.9999999999983 9
0 0

0101101
*
Ed
 1.5000174793513e-07 1 1 0
1  124 0 0 3
2  89 27 0 0 3
0

0101000
+4310 0 -4151 0 *
Ed
 1.5e-07 1 1 0
1  125 0 0 65.1652798687009
0

0101000
+4165 24 -4151 24 *
Wi

0101100
+4164 0 -4150 0 -4309 12 +4149 23 *
Fa
0  1.5e-07 44 0

0101000
+4148 0 *
Ve
1.5e-07
144 32.058 12
0 0

0101101
*
Ed
 1.5e-07 1 1 0
1  126 0 0 6
2  90 26 0 0 6
0

0101000
+4308 0 -4146 0 *
Ed
 1.5e-07 1 1 0
1  127 0 0 0.785482662922179
2  91 26 30 0 0.785482662922179
0

0101000
+4146 30 -4160 30 *
Wi

0101100
+4145 0 +4144 29 -4159 0 -4307 12 *
Fa
0  1.5e-07 26 0

0111000
+4143 0 *
Ve
1.50000149213975e-07
41.8927201313062 -68.9999999999999 9
0 0

0101101
*
Ed
 1.50000149213975e-07 1 1 0
1  128 0 0 3
2  92 27 0 0 3
0

0101000
+4306 0 -4141 0 *
Ed
 1.5e-07 1 1 0
1  129 0 1.1475604652954 1.99403218829433
2  93 27 34 1.1475604652954 1.99403218829433
0

0101000
+4141 34 -4151 34 *
Wi

0101100
+4140 0 -4150 0 -4305 20 +4139 33 *
Fa
0  1.5e-07 27 0

0101000
+4138 0 *
Ve
1.5e-07
144 -32.058 12
0 0

0101101
*
Ed
 1.5e-07 1 1 0
1  130 0 0 6
2  94 28 0 0 6
0

0101000
+4304 0 -4136 0 *
Ed
 1.5e-07 1 1 0
1  131 0 0 64.116
0

0101000
+4136 30 -4146 30 *
Wi

0101100
+4135 0 +4134 29 -4145 0 -4303 12 *
Fa
0  1.5e-07 47 0

0111000
+4133 0 *
Ve
1.5e-07
107.058 -69 9
0 0

0101101
*
Ed
 1.5e-07 1 1 0
1  132 0 0 3
2  95 29 0 0 3
4 G1 48 0 29 0
0

0101000
+4302 0 -4131 0 *
Ed
 1.5e-07 1 1 0
1  133 0 148.950720131306 214.116
0

0101000
+4141 24 -4131 24 *
Wi

0101100
+4140 0 -4130 0 -4301 12 +4129 23 *
Fa
0  1.5e-07 48 0

0101000
+4128 0 *
Ve
1.5e-07
140.4855 -40.5435 12
0 0

0101101
*
Ed
 1.5e-07 1 1 0
1  134 0 0 6
2  96 28 0 0 6
0

0101000
+4300 0 -4126 0 *
Ed
 1.5e-07 1 1 0
1  135 0 0 0.785482662922179
2  97 28 30 0 0.785482662922179
0

0101000
+4126 30 -4136 30 *
Wi

0101100
+4125 0 +4124 29 -4135 0 -4299 12 *
Fa
0  1.5e-07 28 0

0111000
+4123 0 *
Ve
1.5e-07
115.5435 -65.4855 9
0 0

0101101
*
Ed
 1.5e-07 1 1 0
1  136 0 0 3
2  98 29 0 0 3
0

0101000
+4298 0 -4121 0 *
Ed
 1.5e-07 1 1 0
1  137 0 0 0.785482662922169
2  99 29 24 0 0.785482662922169
0

0101000
+4131 24 -4121 24 *
Wi

0101100
+4130 0 -4120 0 -4297 12 +4119 23 *
Fa
0  1.5e-07 29 0

0101000
+4118 0 *
Ve
0.000267545058975513
135.0435 -45.9855 9
0 0

0101101
*
Ed
 1.5e-07 1 1 0
1  138 0 0 27.5771644662754
0

0101000
+4121 24 -4116 24 *
Ve
0.000267545058975513
135.0435 -45.9855 12
0 0

0101101
*
Ed
 1.5e-07 1 1 0
1  139 0 0 3
2  100 50 0 0 3
0

0101000
+4116 0 -4114 0 *
Ed
 1.5e-07 1 1 0
1  140 0 0 7.69615020643438
0

0101000
+4114 30 -4126 30 *
Wi

0101100
+4120 0 +4115 23 +4113 0 +4112 29 -4125 0 -4296 12 *
Fa
0  1.5e-07 49 0

0111000
+4111 0 *
Ve
1.5e-07
-126.558 49.5 9
0 0

0101101
*
Ed
 1.5e-07 1 1 0
1  141 0 0 0.785482662922169
2  101 38 36 0 0.785482662922169
0

0101000
+4109 36 -4223 36 *
Ve
1.5e-07
126.558 49.5 9
0 0

0101101
*
Ed
 1.5e-07 1 1 0
1  142 0 0 253.116
0

0101000
+4107 36 -4109 36 *
Ed
 1.5e-07 1 1 0
1  143 0 0 0.785482662922169
2  102 46 36 0 0.785482662922169
0

0101000
+4156 36 -4107 36 *
Wi

0101100
+4212 23 +4202 23 +4222 23 -4192 31 -4108 35 +4182 23 -4106 35 +4168 23 -4105 35 +4154 23 
*
Ve
1.5e-07
-112.5 53.25 9
0 0

0101101
*
Ve
1.5e-07
-118.5 59.25 9
0 0

0101101
*
Ed
 1.5e-07 1 1 0
1  144 0 0 8.48528137423857
2  103 52 42 0 8.48528137423857
0

0101000
+4103 43 -4102 43 *
Ve
1.5e-07
-106.5 59.25 9
0 0

0101101
*
Ed
 1.5e-07 1 1 0
1  145 0 0 8.48528137423857
2  104 53 42 0 8.48528137423857
0

0101000
+4100 43 -4103 43 *
Ve
1.5e-07
-112.5 65.25 9
0 0

0101101
*
Ed
 1.5e-07 1 1 0
1  146 0 0 8.48528137423857
2  105 54 42 0 8.48528137423857
0

0101000
+4098 43 -4100 43 *
Ed
 1.5e-07 1 1 0
1  147 0 0 8.48528137423857
2  106 55 42 0 8.48528137423857
0

0101000
+4102 43 -4098 43 *
Wi

0101100
+4101 41 +4099 41 +4097 41 +4096 41 *
Ve
1.5e-07
-94.5 53.25 9
0 0

0101101
*
Ve
1.5e-07
-100.5 59.25 9
0 0

0101101
*
Ed
 1.5e-07 1 1 0
1  148 0 0 8.48528137423857
2  107 56 42 0 8.48528137423857
0

0101000
+4094 46 -4093 46 *
Ve
1.5e-07
-88.5 59.25 9
0 0

0101101
*
Ed
 1.5e-07 1 1 0
1  149 0 0 8.48528137423857
2  108 57 42 0 8.48528137423857
0

0101000
+4091 46 -4094 46 *
Ve
1.5e-07
-94.5 65.25 9
0 0

0101101
*
Ed
 1.5e-07 1 1 0
1  150 0 0 8.48528137423857
2  109 58 42 0 8.48528137423857
0

0101000
+4089 46 -4091 46 *
Ed
 1.5e-07 1 1 0
1  151 0 0 8.48528137423857
2  110 59 42 0 8.48528137423857
0

0101000
+4093 46 -4089 46 *
Wi

0101100
+4092 45 +4090 45 +4088 45 +4087 45 *
Ve
1.5e-07
-76.5 53.25 9
0 0

0101101
*
Ve
1.5e-07
-82.5 59.25 9
0 0

0101101
*
Ed
 1.5e-07 1 1 0
1  152 0 0 8.48528137423857
2  111 60 42 0 8.48528137423857
0

0101000
+4085 49 -4084 49 *
Ve
1.5e-07
-70.5 59.25 9
0 0

0101101
*
Ed
 1.5e-07 1 1 0
1  153 0 0 8.48528137423857
2  112 61 42 0 8.48528137423857
0

0101000
+4082 49 -4085 49 *
Ve
1.5e-07
-76.5 65.25 9
0 0

0101101
*
Ed
 1.5e-07 1 1 0
1  154 0 0 8.48528137423857
2  113 62 42 0 8.48528137423857
0

0101000
+4080 49 -4082 49 *
Ed
 1.5e-07 1 1 0
1  155 0 0 8.48528137423857
2  114 63 42 0 8.48528137423857
0

0101000
+4084 49 -4080 49 *
Wi

0101100
+4083 48 +4081 48 +4079 48 +4078 48 *
Ve
1.5e-07
-58.5 53.25 9
0 0

0101101
*
Ve
1.5e-07
-64.5 59.25 9
0 0

0101101
*
Ed
 1.5e-07 1 1 0
1  156 0 0 8.48528137423857
2  115 64 42 0 8.48528137423857
0

0101000
+4076 52 -4075 52 *
Ve
1.5e-07
-52.5 59.25 9
0 0

0101101
*
Ed
 1.5e-07 1 1 0
1  157 0 0 8.48528137423857
2  116 65 42 0 8.48528137423857
0

0101000
+4073 52 -4076 52 *
Ve
1.5e-07
-58.5 65.25 9
0 0

0101101
*
Ed
 1.5e-07 1 1 0
1  158 0 0 8.48528137423857
2  117 66 42 0 8.48528137423857
0

0101000
+4071 52 -4073 52 *
Ed
 1.5e-07 1 1 0
1  159 0 0 8.48528137423857
2  118 67 42 0 8.48528137423857
0

0101000
+4075 52 -4071 52 *
Wi

0101100
+4074 51 +4072 51 +4070 51 +4069 51 *
Ve
1.5e-07
-40.5 53.25 9
0 0

0101101
*
Ve
1.5e-07
-46.5 59.25 9
0 0

0101101
*
Ed
 1.5e-07 1 1 0
1  160 0 0 8.48528137423857
2  119 68 42 0 8.48528137423857
0

0101000
+4067 42 -4066 42 *
Ve
1.5e-07
-34.5 59.25 9
0 0

0101101
*
Ed
 1.5e-07 1 1 0
1  161 0 0 8.48528137423857
2  120 69 42 0 8.48528137423857
0

0101000
+4064 42 -4067 42 *
Ve
1.5e-07
-40.5 65.25 9
0 0

0101101
*
Ed
 1.5e-07 1 1 0
1  162 0 0 8.48528137423857
2  121 70 42 0 8.48528137423857
0

0101000
+4062 42 -4064 42 *
Ed
 1.5e-07 1 1 0
1  163 0 0 8.48528137423857
2  122 71 42 0 8.48528137423857
0

0101000
+4066 42 -4062 42 *
Wi

0101100
+4065 53 +4063 53 +4061 53 +4060 53 *
Ve
1.5e-07
46.5 59.25 9
0 0

0101101
*
Ve
1.5e-07
40.5 65.25 9
0 0

0101101
*
Ed
 1.5e-07 1 1 0
1  164 0 0 8.48528137423857
2  123 72 42 0 8.48528137423857
0

0101000
+4058 42 -4057 42 *
Ve
1.5e-07
40.5 53.25 9
0 0

0101101
*
Ed
 1.5e-07 1 1 0
1  165 0 0 8.48528137423857
2  124 73 42 0 8.48528137423857
0

0101000
+4055 42 -4058 42 *
Ve
1.5e-07
34.5 59.25 9
0 0

0101101
*
Ed
 1.5e-07 1 1 0
1  166 0 0 8.48528137423857
2  125 74 42 0 8.48528137423857
0

0101000
+4057 42 -4053 42 *
Ed
 1.5e-07 1 1 0
1  167 0 0 8.48528137423857
2  126 75 42 0 8.48528137423857
0

0101000
+4053 42 -4055 42 *
Wi

0101100
-4056 53 -4054 53 -4052 53 -4051 53 *
Ve
1.5e-07
64.5 59.25 9
0 0

0101101
*
Ve
1.5e-07
58.5 65.25 9
0 0

0101101
*
Ed
 1.5e-07 1 1 0
1  168 0 0 8.48528137423857
2  127 76 42 0 8.48528137423857
0

0101000
+4049 56 -4048 56 *
Ve
1.5e-07
58.5 53.25 9
0 0

0101101
*
Ed
 1.5e-07 1 1 0
1  169 0 0 8.48528137423857
2  128 77 42 0 8.48528137423857
0

0101000
+4046 56 -4049 56 *
Ve
1.5e-07
52.5 59.25 9
0 0

0101101
*
Ed
 1.5e-07 1 1 0
1  170 0 0 8.48528137423857
2  129 78 42 0 8.48528137423857
0

0101000
+4048 56 -4044 56 *
Ed
 1.5e-07 1 1 0
1  171 0 0 8.48528137423857
2  130 79 42 0 8.48528137423857
0

0101000
+4044 56 -4046 56 *
Wi

0101100
-4047 55 -4045 55 -4043 55 -4042 55 *
Ve
1.5e-07
82.5 59.25 9
0 0

0101101
*
Ve
1.5e-07
76.5 65.25 9
0 0

0101101
*
Ed
 1.5e-07 1 1 0
1  172 0 0 8.48528137423857
2  131 80 42 0 8.48528137423857
0

0101000
+4040 59 -4039 59 *
Ve
1.5e-07
76.5 53.25 9
0 0

0101101
*
Ed
 1.5e-07 1 1 0
1  173 0 0 8.48528137423857
2  132 81 42 0 8.48528137423857
0

0101000
+4037 59 -4040 59 *
Ve
1.5e-07
70.5 59.25 9
0 0

0101101
*
Ed
 1.5e-07 1 1 0
1  174 0 0 8.48528137423857
2  133 82 42 0 8.48528137423857
0

0101000
+4039 59 -4035 59 *
Ed
 1.5e-07 1 1 0
1  175 0 0 8.48528137423857
2  134 83 42 0 8.48528137423857
0

0101000
+4035 59 -4037 59 *
Wi

0101100
-4038 58 -4036 58 -4034 58 -4033 58 *
Ve
1.5e-07
100.5 59.25 9
0 0

0101101
*
Ve
1.5e-07
94.5 65.25 9
0 0

0101101
*
Ed
 1.5e-07 1 1 0
1  176 0 0 8.48528137423857
2  135 84 42 0 8.48528137423857
0

0101000
+4031 62 -4030 62 *
Ve
1.5e-07
94.5 53.25 9
0 0

0101101
*
Ed
 1.5e-07 1 1 0
1  177 0 0 8.48528137423857
2  136 85 42 0 8.48528137423857
0

0101000
+4028 62 -4031 62 *
Ve
1.5e-07
88.5 59.25 9
0 0

0101101
*
Ed
 1.5e-07 1 1 0
1  178 0 0 8.48528137423857
2  137 86 42 0 8.48528137423857
0

0101000
+4030 62 -4026 62 *
Ed
 1.5e-07 1 1 0
1  179 0 0 8.48528137423857
2  138 87 42 0 8.48528137423857
0

0101000
+4026 62 -4028 62 *
Wi

0101100
-4029 61 -4027 61 -4025 61 -4024 61 *
Ve
1.5e-07
118.5 59.25 9
0 0

0101101
*
Ve
1.5e-07
112.5 65.25 9
0 0

0101101
*
Ed
 1.5e-07 1 1 0
1  180 0 0 8.48528137423857
2  139 88 42 0 8.48528137423857
0

0101000
+4022 65 -4021 65 *
Ve
1.5e-07
112.5 53.25 9
0 0

0101101
*
Ed
 1.5e-07 1 1 0
1  181 0 0 8.48528137423857
2  140 89 42 0 8.48528137423857
0

0101000
+4019 65 -4022 65 *
Ve
1.5e-07
106.5 59.25 9
0 0

0101101
*
Ed
 1.5e-07 1 1 0
1  182 0 0 8.48528137423857
2  141 90 42 0 8.48528137423857
0

0101000
+4021 65 -4017 65 *
Ed
 1.5e-07 1 1 0
1  183 0 0 8.48528137423857
2  142 91 42 0 8.48528137423857
0

0101000
+4017 65 -4019 65 *
Wi

0101100
-4020 64 -4018 64 -4016 64 -4015 64 *
Fa
0  1.5e-07 51 23

0101000
+4104 0 +4095 0 +4086 0 +4077 0 +4068 0 +4059 0 +4050 0 +4041 0 +4032 0 +4023 0 
+4014 0 *
Ve
1.5e-07
-126.558 49.5 12
0 0

0101101
*
Ed
 1.5e-07 1 1 0
1  184 0 0 3
2  143 38 0 0 3
4 G1 38 0 92 0
0

0101000
+4109 0 -4012 0 *
Ed
 1.5e-07 1 1 0
1  185 0 0 0.785482662922169
2  144 38 30 0 0.785482662922169
0

0101000
+4012 30 -4221 30 *
Wi

0101100
+4011 0 -4220 0 -4108 35 +4010 29 *
Fa
0  1.5e-07 38 0

0101000
+4009 0 *
Ve
1.5e-07
126.558 -49.5 12
0 0

0101101
*
Ed
 1.5e-07 1 1 0
1  186 0 0 0.785482662922169
2  145 50 30 0 0.785482662922169
0

0101000
+4007 30 -4114 30 *
Ve
1.5e-07
126.558 49.5 12
0 0

0101101
*
Ed
 1.5e-07 1 1 0
1  187 0 0 0.785482662922169
2  146 46 30 0 0.785482662922169
0

0101000
+4158 30 -4005 30 *
Ve
1.5e-07
-126.558 -49.5 12
0 0

0101101
*
Ed
 1.5e-07 1 1 0
1  188 0 0 253.116
0

0101000
+4003 30 -4007 30 *
Ed
 1.5e-07 1 1 0
1  189 0 0 253.116
0

0101000
+4005 30 -4012 30 *
Ed
 1.5e-07 1 1 0
1  190 0 0 0.785482662922169
2  147 43 30 0 0.785482662922169
0

0101000
+4179 30 -4003 30 *
Wi

0101100
+4134 29 +4124 29 +4144 29 +4112 29 +4157 29 +4006 29 +4004 29 +4002 29 +4001 29 +4000 29 
+4010 29 +4178 29 +4218 29 +4188 29 +4208 29 +4198 29 *
Ve
1.5e-07
-126 -34.95 12
0 0

0101101
*
Ve
1.5e-07
-121.2 -39.75 12
0 0

0101101
*
Ed
 1.5e-07 1 1 0
1  191 0 0 6.78822509939086
2  148 94 70 0 6.78822509939086
0

0101000
+3998 70 -3997 70 *
Ve
1.5e-07
-130.8 -39.75 12
0 0

0101101
*
Ed
 1.5e-07 1 1 0
1  192 0 0 6.78822509939086
2  149 95 70 0 6.78822509939086
0

0101000
+3995 70 -3998 70 *
Ve
1.5e-07
-126 -44.55 12
0 0

0101101
*
Ed
 1.5e-07 1 1 0
1  193 0 0 6.78822509939086
2  150 96 70 0 6.78822509939086
0

0101000
+3993 70 -3995 70 *
Ed
 1.5e-07 1 1 0
1  194 0 0 6.78822509939086
2  151 97 70 0 6.78822509939086
0

0101000
+3997 70 -3993 70 *
Wi

0101100
+3996 69 +3994 69 +3992 69 +3991 69 *
Ve
1.5e-07
-110.25 -34.95 12
0 0

0101101
*
Ve
1.5e-07
-105.45 -39.75 12
0 0

0101101
*
Ed
 1.5e-07 1 1 0
1  195 0 0 6.78822509939086
2  152 98 70 0 6.78822509939086
0

0101000
+3989 73 -3988 73 *
Ve
1.5e-07
-115.05 -39.75 12
0 0

0101101
*
Ed
 1.5e-07 1 1 0
1  196 0 0 6.78822509939086
2  153 99 70 0 6.78822509939086
0

0101000
+3986 73 -3989 73 *
Ve
1.5e-07
-110.25 -44.55 12
0 0

0101101
*
Ed
 1.5e-07 1 1 0
1  197 0 0 6.78822509939086
2  154 100 70 0 6.78822509939086
0

0101000
+3984 73 -3986 73 *
Ed
 1.5e-07 1 1 0
1  198 0 0 6.78822509939086
2  155 101 70 0 6.78822509939086
0

0101000
+3988 73 -3984 73 *
Wi

0101100
+3987 72 +3985 72 +3983 72 +3982 72 *
Ve
1.5e-07
-94.5 -34.95 12
0 0

0101101
*
Ve
1.5e-07
-89.7 -39.75 12
0 0

0101101
*
Ed
 1.5e-07 1 1 0
1  199 0 0 6.78822509939086
2  156 102 70 0 6.78822509939086
0

0101000
+3980 76 -3979 76 *
Ve
1.5e-07
-99.3 -39.75 12
0 0

0101101
*
Ed
 1.5e-07 1 1 0
1  200 0 0 6.78822509939086
2  157 103 70 0 6.78822509939086
0

0101000
+3977 76 -3980 76 *
Ve
1.5e-07
-94.5 -44.55 12
0 0

0101101
*
Ed
 1.5e-07 1 1 0
1  201 0 0 6.78822509939086
2  158 104 70 0 6.78822509939086
0

0101000
+3975 76 -3977 76 *
Ed
 1.5e-07 1 1 0
1  202 0 0 6.78822509939086
2  159 105 70 0 6.78822509939086
0

0101000
+3979 76 -3975 76 *
Wi

0101100
+3978 75 +3976 75 +3974 75 +3973 75 *
Ve
1.5e-07
-78.75 -34.95 12
0 0

0101101
*
Ve
1.5e-07
-73.95 -39.75 12
0 0

0101101
*
Ed
 1.5e-07 1 1 0
1  203 0 0 6.78822509939086
2  160 106 70 0 6.78822509939086
0

0101000
+3971 79 -3970 79 *
Ve
1.5e-07
-83.55 -39.75 12
0 0

0101101
*
Ed
 1.5e-07 1 1 0
1  204 0 0 6.78822509939086
2  161 107 70 0 6.78822509939086
0

0101000
+3968 79 -3971 79 *
Ve
1.5e-07
-78.75 -44.55 12
0 0

0101101
*
Ed
 1.5e-07 1 1 0
1  205 0 0 6.78822509939086
2  162 108 70 0 6.78822509939086
0

0101000
+3966 79 -3968 79 *
Ed
 1.5e-07 1 1 0
1  206 0 0 6.78822509939086
2  163 109 70 0 6.78822509939086
0

0101000
+3970 79 -3966 79 *
Wi

0101100
+3969 78 +3967 78 +3965 78 +3964 78 *
Ve
1.5e-07
-63 -34.95 12
0 0

0101101
*
Ve
1.5e-07
-58.2 -39.75 12
0 0

0101101
*
Ed
 1.5e-07 1 1 0
1  207 0 0 6.78822509939086
2  164 110 70 0 6.78822509939086
0

0101000
+3962 82 -3961 82 *
Ve
1.5e-07
-67.8 -39.75 12
0 0

0101101
*
Ed
 1.5e-07 1 1 0
1  208 0 0 6.78822509939086
2  165 111 70 0 6.78822509939086
0

0101000
+3959 82 -3962 82 *
Ve
1.5e-07
-63 -44.55 12
0 0

0101101
*
Ed
 1.5e-07 1 1 0
1  209 0 0 6.78822509939086
2  166 112 70 0 6.78822509939086
0

0101000
+3957 82 -3959 82 *
Ed
 1.5e-07 1 1 0
1  210 0 0 6.78822509939086
2  167 113 70 0 6.78822509939086
0

0101000
+3961 82 -3957 82 *
Wi

0101100
+3960 81 +3958 81 +3956 81 +3955 81 *
Ve
1.5e-07
-47.25 -34.95 12
0 0

0101101
*
Ve
1.5e-07
-42.45 -39.75 12
0 0

0101101
*
Ed
 1.5e-07 1 1 0
1  211 0 0 6.78822509939086
2  168 114 70 0 6.78822509939086
0

0101000
+3953 85 -3952 85 *
Ve
1.5e-07
-52.05 -39.75 12
0 0

0101101
*
Ed
 1.5e-07 1 1 0
1  212 0 0 6.78822509939086
2  169 115 70 0 6.78822509939086
0

0101000
+3950 85 -3953 85 *
Ve
1.5e-07
-47.25 -44.55 12
0 0

0101101
*
Ed
 1.5e-07 1 1 0
1  213 0 0 6.78822509939086
2  170 116 70 0 6.78822509939086
0

0101000
+3948 85 -3950 85 *
Ed
 1.5e-07 1 1 0
1  214 0 0 6.78822509939086
2  171 117 70 0 6.78822509939086
0

0101000
+3952 85 -3948 85 *
Wi

0101100
+3951 84 +3949 84 +3947 84 +3946 84 *
Ve
1.5e-07
-31.5 -34.95 12
0 0

0101101
*
Ve
1.5e-07
-26.7 -39.75 12
0 0

0101101
*
Ed
 1.5e-07 1 1 0
1  215 0 0 6.78822509939086
2  172 118 70 0 6.78822509939086
0

0101000
+3944 88 -3943 88 *
Ve
1.5e-07
-36.3 -39.75 12
0 0

0101101
*
Ed
 1.5e-07 1 1 0
1  216 0 0 6.78822509939086
2  173 119 70 0 6.78822509939086
0

0101000
+3941 88 -3944 88 *
Ve
1.5e-07
-31.5 -44.55 12
0 0

0101101
*
Ed
 1.5e-07 1 1 0
1  217 0 0 6.78822509939086
2  174 120 70 0 6.78822509939086
0

0101000
+3939 88 -3941 88 *
Ed
 1.5e-07 1 1 0
1  218 0 0 6.78822509939086
2  175 121 70 0 6.78822509939086
0

0101000
+3943 88 -3939 88 *
Wi

0101100
+3942 87 +3940 87 +3938 87 +3937 87 *
Ve
1.5e-07
-15.75 -34.95 12
0 0

0101101
*
Ve
1.5e-07
-10.95 -39.75 12
0 0

0101101
*
Ed
 1.5e-07 1 1 0
1  219 0 0 6.78822509939086
2  176 122 70 0 6.78822509939086
0

0101000
+3935 91 -3934 91 *
Ve
1.5e-07
-20.55 -39.75 12
0 0

0101101
*
Ed
 1.5e-07 1 1 0
1  220 0 0 6.78822509939086
2  177 123 70 0 6.78822509939086
0

0101000
+3932 91 -3935 91 *
Ve
1.5e-07
-15.75 -44.55 12
0 0

0101101
*
Ed
 1.5e-07 1 1 0
1  221 0 0 6.78822509939086
2  178 124 70 0 6.78822509939086
0

0101000
+3930 91 -3932 91 *
Ed
 1.5e-07 1 1 0
1  222 0 0 6.78822509939086
2  179 125 70 0 6.78822509939086
0

0101000
+3934 91 -3930 91 *
Wi

0101100
+3933 90 +3931 90 +3929 90 +3928 90 *
Ve
1.5e-07
0 -34.95 12
0 0

0101101
*
Ve
1.5e-07
4.8 -39.75 12
0 0

0101101
*
Ed
 1.5e-07 1 1 0
1  223 0 0 6.78822509939086
2  180 126 70 0 6.78822509939086
0

0101000
+3926 94 -3925 94 *
Ve
1.5e-07
-4.8 -39.75 12
0 0

0101101
*
Ed
 1.5e-07 1 1 0
1  224 0 0 6.78822509939086
2  181 127 70 0 6.78822509939086
0

0101000
+3923 94 -3926 94 *
Ve
1.5e-07
0 -44.55 12
0 0

0101101
*
Ed
 1.5e-07 1 1 0
1  225 0 0 6.78822509939086
2  182 128 70 0 6.78822509939086
0

0101000
+3921 94 -3923 94 *
Ed
 1.5e-07 1 1 0
1  226 0 0 6.78822509939086
2  183 129 70 0 6.78822509939086
0

0101000
+3925 94 -3921 94 *
Wi

0101100
+3924 93 +3922 93 +3920 93 +3919 93 *
Ve
1.5e-07
15.75 -34.95 12
0 0

0101101
*
Ve
1.5e-07
20.55 -39.75 12
0 0

0101101
*
Ed
 1.5e-07 1 1 0
1  227 0 0 6.78822509939086
2  184 130 70 0 6.78822509939086
0

0101000
+3917 97 -3916 97 *
Ve
1.5e-07
10.95 -39.75 12
0 0

0101101
*
Ed
 1.5e-07 1 1 0
1  228 0 0 6.78822509939086
2  185 131 70 0 6.78822509939086
0

0101000
+3914 97 -3917 97 *
Ve
1.5e-07
15.75 -44.55 12
0 0

0101101
*
Ed
 1.5e-07 1 1 0
1  229 0 0 6.78822509939086
2  186 132 70 0 6.78822509939086
0

0101000
+3912 97 -3914 97 *
Ed
 1.5e-07 1 1 0
1  230 0 0 6.78822509939086
2  187 133 70 0 6.78822509939086
0

0101000
+3916 97 -3912 97 *
Wi

0101100
+3915 96 +3913 96 +3911 96 +3910 96 *
Ve
1.5e-07
31.5 -34.95 12
0 0

0101101
*
Ve
1.5e-07
36.3 -39.75 12
0 0

0101101
*
Ed
 1.5e-07 1 1 0
1  231 0 0 6.78822509939086
2  188 134 70 0 6.78822509939086
0

0101000
+3908 100 -3907 100 *
Ve
1.5e-07
26.7 -39.75 12
0 0

0101101
*
Ed
 1.5e-07 1 1 0
1  232 0 0 6.78822509939086
2  189 135 70 0 6.78822509939086
0

0101000
+3905 100 -3908 100 *
Ve
1.5e-07
31.5 -44.55 12
0 0

0101101
*
Ed
 1.5e-07 1 1 0
1  233 0 0 6.78822509939086
2  190 136 70 0 6.78822509939086
0

0101000
+3903 100 -3905 100 *
Ed
 1.5e-07 1 1 0
1  234 0 0 6.78822509939086
2  191 137 70 0 6.78822509939086
0

0101000
+3907 100 -3903 100 *
Wi

0101100
+3906 99 +3904 99 +3902 99 +3901 99 *
Ve
1.5e-07
47.25 -34.95 12
0 0

0101101
*
Ve
1.5e-07
52.05 -39.75 12
0 0

0101101
*
Ed
 1.5e-07 1 1 0
1  235 0 0 6.78822509939086
2  192 138 70 0 6.78822509939086
0

0101000
+3899 103 -3898 103 *
Ve
1.5e-07
42.45 -39.75 12
0 0

0101101
*
Ed
 1.5e-07 1 1 0
1  236 0 0 6.78822509939086
2  193 139 70 0 6.78822509939086
0

0101000
+3896 103 -3899 103 *
Ve
1.5e-07
47.25 -44.55 12
0 0

0101101
*
Ed
 1.5e-07 1 1 0
1  237 0 0 6.78822509939086
2  194 140 70 0 6.78822509939086
0

0101000
+3894 103 -3896 103 *
Ed
 1.5e-07 1 1 0
1  238 0 0 6.78822509939086
2  195 141 70 0 6.78822509939086
0

0101000
+3898 103 -3894 103 *
Wi

0101100
+3897 102 +3895 102 +3893 102 +3892 102 *
Ve
1.5e-07
63 -34.95 12
0 0

0101101
*
Ve
1.5e-07
67.8 -39.75 12
0 0

0101101
*
Ed
 1.5e-07 1 1 0
1  239 0 0 6.78822509939086
2  196 142 70 0 6.78822509939086
0

0101000
+3890 106 -3889 106 *
Ve
1.5e-07
58.2 -39.75 12
0 0

0101101
*
Ed
 1.5e-07 1 1 0
1  240 0 0 6.78822509939086
2  197 143 70 0 6.78822509939086
0

0101000
+3887 106 -3890 106 *
Ve
1.5e-07
63 -44.55 12
0 0

0101101
*
Ed
 1.5e-07 1 1 0
1  241 0 0 6.78822509939086
2  198 144 70 0 6.78822509939086
0

0101000
+3885 106 -3887 106 *
Ed
 1.5e-07 1 1 0
1  242 0 0 6.78822509939086
2  199 145 70 0 6.78822509939086
0

0101000
+3889 106 -3885 106 *
Wi

0101100
+3888 105 +3886 105 +3884 105 +3883 105 *
Ve
1.5e-07
78.75 -34.95 12
0 0

0101101
*
Ve
1.5e-07
83.55 -39.75 12
0 0

0101101
*
Ed
 1.5e-07 1 1 0
1  243 0 0 6.78822509939086
2  200 146 70 0 6.78822509939086
0

0101000
+3881 109 -3880 109 *
Ve
1.5e-07
73.95 -39.75 12
0 0

0101101
*
Ed
 1.5e-07 1 1 0
1  244 0 0 6.78822509939086
2  201 147 70 0 6.78822509939086
0

0101000
+3878 109 -3881 109 *
Ve
1.5e-07
78.75 -44.55 12
0 0

0101101
*
Ed
 1.5e-07 1 1 0
1  245 0 0 6.78822509939086
2  202 148 70 0 6.78822509939086
0

0101000
+3876 109 -3878 109 *
Ed
 1.5e-07 1 1 0
1  246 0 0 6.78822509939086
2  203 149 70 0 6.78822509939086
0

0101000
+3880 109 -3876 109 *
Wi

0101100
+3879 108 +3877 108 +3875 108 +3874 108 *
Ve
1.5e-07
94.5 -34.95 12
0 0

0101101
*
Ve
1.5e-07
99.3 -39.75 12
0 0

0101101
*
Ed
 1.5e-07 1 1 0
1  247 0 0 6.78822509939086
2  204 150 70 0 6.78822509939086
0

0101000
+3872 112 -3871 112 *
Ve
1.5e-07
89.7 -39.75 12
0 0

0101101
*
Ed
 1.5e-07 1 1 0
1  248 0 0 6.78822509939086
2  205 151 70 0 6.78822509939086
0

0101000
+3869 112 -3872 112 *
Ve
1.5e-07
94.5 -44.55 12
0 0

0101101
*
Ed
 1.5e-07 1 1 0
1  249 0 0 6.78822509939086
2  206 152 70 0 6.78822509939086
0

0101000
+3867 112 -3869 112 *
Ed
 1.5e-07 1 1 0
1  250 0 0 6.78822509939086
2  207 153 70 0 6.78822509939086
0

0101000
+3871 112 -3867 112 *
Wi

0101100
+3870 111 +3868 111 +3866 111 +3865 111 *
Ve
1.5e-07
110.25 -34.95 12
0 0

0101101
*
Ve
1.5e-07
115.05 -39.75 12
0 0

0101101
*
Ed
 1.5e-07 1 1 0
1  251 0 0 6.78822509939086
2  208 154 70 0 6.78822509939086
0

0101000
+3863 115 -3862 115 *
Ve
1.5e-07
105.45 -39.75 12
0 0

0101101
*
Ed
 1.5e-07 1 1 0
1  252 0 0 6.78822509939086
2  209 155 70 0 6.78822509939086
0

0101000
+3860 115 -3863 115 *
Ve
1.5e-07
110.25 -44.55 12
0 0

0101101
*
Ed
 1.5e-07 1 1 0
1  253 0 0 6.78822509939086
2  210 156 70 0 6.78822509939086
0

0101000
+3858 115 -3860 115 *
Ed
 1.5e-07 1 1 0
1  254 0 0 6.78822509939086
2  211 157 70 0 6.78822509939086
0

0101000
+3862 115 -3858 115 *
Wi

0101100
+3861 114 +3859 114 +3857 114 +3856 114 *
Ve
1.5e-07
126 -34.95 12
0 0

0101101
*
Ve
1.5e-07
130.8 -39.75 12
0 0

0101101
*
Ed
 1.5e-07 1 1 0
1  255 0 0 6.78822509939086
2  212 158 70 0 6.78822509939086
0

0101000
+3854 118 -3853 118 *
Ve
1.5e-07
121.2 -39.75 12
0 0

0101101
*
Ed
 1.5e-07 1 1 0
1  256 0 0 6.78822509939086
2  213 159 70 0 6.78822509939086
0

0101000
+3851 118 -3854 118 *
Ve
1.5e-07
126 -44.55 12
0 0

0101101
*
Ed
 1.5e-07 1 1 0
1  257 0 0 6.78822509939086
2  214 160 70 0 6.78822509939086
0

0101000
+3849 118 -3851 118 *
Ed
 1.5e-07 1 1 0
1  258 0 0 6.78822509939086
2  215 161 70 0 6.78822509939086
0

0101000
+3853 118 -3849 118 *
Wi

0101100
+3852 117 +3850 117 +3848 117 +3847 117 *
Ve
1.5e-07
-121.2 39.75 12
0 0

0101101
*
Ve
1.5e-07
-126 44.55 12
0 0

0101101
*
Ed
 1.5e-07 1 1 0
1  259 0 0 6.78822509939086
2  216 162 70 0 6.78822509939086
0

0101000
+3845 70 -3844 70 *
Ve
1.5e-07
-126 34.95 12
0 0

0101101
*
Ed
 1.5e-07 1 1 0
1  260 0 0 6.78822509939086
2  217 163 70 0 6.78822509939086
0

0101000
+3842 70 -3845 70 *
Ve
1.5e-07
-130.8 39.75 12
0 0

0101101
*
Ed
 1.5e-07 1 1 0
1  261 0 0 6.78822509939086
2  218 164 70 0 6.78822509939086
0

0101000
+3844 70 -3840 70 *
Ed
 1.5e-07 1 1 0
1  262 0 0 6.78822509939086
2  219 165 70 0 6.78822509939086
0

0101000
+3840 70 -3842 70 *
Wi

0101100
-3843 69 -3841 69 -3839 69 -3838 69 *
Ve
1.5e-07
-105.45 39.75 12
0 0

0101101
*
Ve
1.5e-07
-110.25 44.55 12
0 0

0101101
*
Ed
 1.5e-07 1 1 0
1  263 0 0 6.78822509939086
2  220 166 70 0 6.78822509939086
0

0101000
+3836 73 -3835 73 *
Ve
1.5e-07
-110.25 34.95 12
0 0

0101101
*
Ed
 1.5e-07 1 1 0
1  264 0 0 6.78822509939086
2  221 167 70 0 6.78822509939086
0

0101000
+3833 73 -3836 73 *
Ve
1.5e-07
-115.05 39.75 12
0 0

0101101
*
Ed
 1.5e-07 1 1 0
1  265 0 0 6.78822509939086
2  222 168 70 0 6.78822509939086
0

0101000
+3835 73 -3831 73 *
Ed
 1.5e-07 1 1 0
1  266 0 0 6.78822509939086
2  223 169 70 0 6.78822509939086
0

0101000
+3831 73 -3833 73 *
Wi

0101100
-3834 72 -3832 72 -3830 72 -3829 72 *
Ve
1.5e-07
-89.7 39.75 12
0 0

0101101
*
Ve
1.5e-07
-94.5 44.55 12
0 0

0101101
*
Ed
 1.5e-07 1 1 0
1  267 0 0 6.78822509939086
2  224 170 70 0 6.78822509939086
0

0101000
+3827 76 -3826 76 *
Ve
1.5e-07
-94.5 34.95 12
0 0

0101101
*
Ed
 1.5e-07 1 1 0
1  268 0 0 6.78822509939086
2  225 171 70 0 6.78822509939086
0

0101000
+3824 76 -3827 76 *
Ve
1.5e-07
-99.3 39.75 12
0 0

0101101
*
Ed
 1.5e-07 1 1 0
1  269 0 0 6.78822509939086
2  226 172 70 0 6.78822509939086
0

0101000
+3826 76 -3822 76 *
Ed
 1.5e-07 1 1 0
1  270 0 0 6.78822509939086
2  227 173 70 0 6.78822509939086
0

0101000
+3822 76 -3824 76 *
Wi

0101100
-3825 75 -3823 75 -3821 75 -3820 75 *
Ve
1.5e-07
-73.95 39.75 12
0 0

0101101
*
Ve
1.5e-07
-78.75 44.55 12
0 0

0101101
*
Ed
 1.5e-07 1 1 0
1  271 0 0 6.78822509939086
2  228 174 70 0 6.78822509939086
0

0101000
+3818 79 -3817 79 *
Ve
1.5e-07
-78.75 34.95 12
0 0

0101101
*
Ed
 1.5e-07 1 1 0
1  272 0 0 6.78822509939086
2  229 175 70 0 6.78822509939086
0

0101000
+3815 79 -3818 79 *
Ve
1.5e-07
-83.55 39.75 12
0 0

0101101
*
Ed
 1.5e-07 1 1 0
1  273 0 0 6.78822509939086
2  230 176 70 0 6.78822509939086
0

0101000
+3817 79 -3813 79 *
Ed
 1.5e-07 1 1 0
1  274 0 0 6.78822509939086
2  231 177 70 0 6.78822509939086
0

0101000
+3813 79 -3815 79 *
Wi

0101100
-3816 78 -3814 78 -3812 78 -3811 78 *
Ve
1.5e-07
-58.2 39.75 12
0 0

0101101
*
Ve
1.5e-07
-63 44.55 12
0 0

0101101
*
Ed
 1.5e-07 1 1 0
1  275 0 0 6.78822509939086
2  232 178 70 0 6.78822509939086
0

0101000
+3809 82 -3808 82 *
Ve
1.5e-07
-63 34.95 12
0 0

0101101
*
Ed
 1.5e-07 1 1 0
1  276 0 0 6.78822509939086
2  233 179 70 0 6.78822509939086
0

0101000
+3806 82 -3809 82 *
Ve
1.5e-07
-67.8 39.75 12
0 0

0101101
*
Ed
 1.5e-07 1 1 0
1  277 0 0 6.78822509939086
2  234 180 70 0 6.78822509939086
0

0101000
+3808 82 -3804 82 *
Ed
 1.5e-07 1 1 0
1  278 0 0 6.78822509939086
2  235 181 70 0 6.78822509939086
0

0101000
+3804 82 -3806 82 *
Wi

0101100
-3807 81 -3805 81 -3803 81 -3802 81 *
Ve
1.5e-07
-42.45 39.75 12
0 0

0101101
*
Ve
1.5e-07
-47.25 44.55 12
0 0

0101101
*
Ed
 1.5e-07 1 1 0
1  279 0 0 6.78822509939086
2  236 182 70 0 6.78822509939086
0

0101000
+3800 85 -3799 85 *
Ve
1.5e-07
-47.25 34.95 12
0 0

0101101
*
Ed
 1.5e-07 1 1 0
1  280 0 0 6.78822509939086
2  237 183 70 0 6.78822509939086
0

0101000
+3797 85 -3800 85 *
Ve
1.5e-07
-52.05 39.75 12
0 0

0101101
*
Ed
 1.5e-07 1 1 0
1  281 0 0 6.78822509939086
2  238 184 70 0 6.78822509939086
0

0101000
+3799 85 -3795 85 *
Ed
 1.5e-07 1 1 0
1  282 0 0 6.78822509939086
2  239 185 70 0 6.78822509939086
0

0101000
+3795 85 -3797 85 *
Wi

0101100
-3798 84 -3796 84 -3794 84 -3793 84 *
Ve
1.5e-07
-26.7 39.75 12
0 0

0101101
*
Ve
1.5e-07
-31.5 44.55 12
0 0

0101101
*
Ed
 1.5e-07 1 1 0
1  283 0 0 6.78822509939086
2  240 186 70 0 6.78822509939086
0

0101000
+3791 88 -3790 88 *
Ve
1.5e-07
-31.5 34.95 12
0 0

0101101
*
Ed
 1.5e-07 1 1 0
1  284 0 0 6.78822509939086
2  241 187 70 0 6.78822509939086
0

0101000
+3788 88 -3791 88 *
Ve
1.5e-07
-36.3 39.75 12
0 0

0101101
*
Ed
 1.5e-07 1 1 0
1  285 0 0 6.78822509939086
2  242 188 70 0 6.78822509939086
0

0101000
+3790 88 -3786 88 *
Ed
 1.5e-07 1 1 0
1  286 0 0 6.78822509939086
2  243 189 70 0 6.78822509939086
0

0101000
+3786 88 -3788 88 *
Wi

0101100
-3789 87 -3787 87 -3785 87 -3784 87 *
Ve
1.5e-07
-10.95 39.75 12
0 0

0101101
*
Ve
1.5e-07
-15.75 44.55 12
0 0

0101101
*
Ed
 1.5e-07 1 1 0
1  287 0 0 6.78822509939086
2  244 190 70 0 6.78822509939086
0

0101000
+3782 91 -3781 91 *
Ve
1.5e-07
-15.75 34.95 12
0 0

0101101
*
Ed
 1.5e-07 1 1 0
1  288 0 0 6.78822509939086
2  245 191 70 0 6.78822509939086
0

0101000
+3779 91 -3782 91 *
Ve
1.5e-07
-20.55 39.75 12
0 0

0101101
*
Ed
 1.5e-07 1 1 0
1  289 0 0 6.78822509939086
2  246 192 70 0 6.78822509939086
0

0101000
+3781 91 -3777 91 *
Ed
 1.5e-07 1 1 0
1  290 0 0 6.78822509939086
2  247 193 70 0 6.78822509939086
0

0101000
+3777 91 -3779 91 *
Wi

0101100
-3780 90 -3778 90 -3776 90 -3775 90 *
Ve
1.5e-07
132 -18 12
0 0

0101101
*
Ve
1.5e-07
132 18 12
0 0

0101101
*
Ed
 1.5e-07 1 1 0
1  291 0 0 36
0

0101000
+3773 123 -3772 123 *
Ve
1.5e-07
120 -30 12
0 0

0101101
*
Ed
 1.5e-07 1 1 0
1  292 0 0 1.57092073103216
2  248 194 123 0 1.57092073103216
0

0101000
+3770 123 -3773 123 *
Ve
1.5e-07
120 30 12
0 0

0101101
*
Ed
 1.5e-07 1 1 0
1  293 0 0 1.57092073103216
2  249 195 123 0 1.57092073103216
0

0101000
+3772 123 -3768 123 *
Ve
1.5e-07
-120 -30 12
0 0

0101101
*
Ed
 1.5e-07 1 1 0
1  294 0 0 240
0

0101000
+3766 123 -3770 123 *
Ve
1.5e-07
-120 30 12
0 0

0101101
*
Ed
 1.5e-07 1 1 0
1  295 0 0 240
0

0101000
+3768 123 -3764 123 *
Ve
1.5e-07
-132 -18 12
0 0

0101101
*
Ed
 1.5e-07 1 1 0
1  296 0 0 1.57092073103216
2  250 196 123 0 1.57092073103216
0

0101000
+3762 123 -3766 123 *
Ve
1.5e-07
-132 18 12
0 0

0101101
*
Ed
 1.5e-07 1 1 0
1  297 0 0 1.57092073103216
2  251 197 123 0 1.57092073103216
0

0101000
+3764 123 -3760 123 *
Ed
 1.5e-07 1 1 0
1  298 0 0 36
0

0101000
+3760 123 -3762 123 *
Wi

0101100
-3771 122 -3769 122 -3767 122 -3765 122 -3763 122 -3761 122 -3759 122 -3758 122 *
Ve
1.5e-07
4.8 39.75 12
0 0

0101101
*
Ve
1.5e-07
0 44.55 12
0 0

0101101
*
Ed
 1.5e-07 1 1 0
1  299 0 0 6.78822509939086
2  252 198 70 0 6.78822509939086
0

0101000
+3756 94 -3755 94 *
Ve
1.5e-07
0 34.95 12
0 0

0101101
*
Ed
 1.5e-07 1 1 0
1  300 0 0 6.78822509939086
2  253 199 70 0 6.78822509939086
0

0101000
+3753 94 -3756 94 *
Ve
1.5e-07
-4.8 39.75 12
0 0

0101101
*
Ed
 1.5e-07 1 1 0
1  301 0 0 6.78822509939086
2  254 200 70 0 6.78822509939086
0

0101000
+3755 94 -3751 94 *
Ed
 1.5e-07 1 1 0
1  302 0 0 6.78822509939086
2  255 201 70 0 6.78822509939086
0

0101000
+3751 94 -3753 94 *
Wi

0101100
-3754 93 -3752 93 -3750 93 -3749 93 *
Ve
1.5e-07
20.55 39.75 12
0 0

0101101
*
Ve
1.5e-07
15.75 44.55 12
0 0

0101101
*
Ed
 1.5e-07 1 1 0
1  303 0 0 6.78822509939086
2  256 202 70 0 6.78822509939086
0

0101000
+3747 97 -3746 97 *
Ve
1.5e-07
15.75 34.95 12
0 0

0101101
*
Ed
 1.5e-07 1 1 0
1  304 0 0 6.78822509939086
2  257 203 70 0 6.78822509939086
0

0101000
+3744 97 -3747 97 *
Ve
1.5e-07
10.95 39.75 12
0 0

0101101
*
Ed
 1.5e-07 1 1 0
1  305 0 0 6.78822509939086
2  258 204 70 0 6.78822509939086
0

0101000
+3746 97 -3742 97 *
Ed
 1.5e-07 1 1 0
1  306 0 0 6.78822509939086
2  259 205 70 0 6.78822509939086
0

0101000
+3742 97 -3744 97 *
Wi

0101100
-3745 96 -3743 96 -3741 96 -3740 96 *
Ve
1.5e-07
36.3 39.75 12
0 0

0101101
*
Ve
1.5e-07
31.5 44.55 12
0 0

0101101
*
Ed
 1.5e-07 1 1 0
1  307 0 0 6.78822509939086
2  260 206 70 0 6.78822509939086
0

0101000
+3738 100 -3737 100 *
Ve
1.5e-07
31.5 34.95 12
0 0

0101101
*
Ed
 1.5e-07 1 1 0
1  308 0 0 6.78822509939086
2  261 207 70 0 6.78822509939086
0

0101000
+3735 100 -3738 100 *
Ve
1.5e-07
26.7 39.75 12
0 0

0101101
*
Ed
 1.5e-07 1 1 0
1  309 0 0 6.78822509939086
2  262 208 70 0 6.78822509939086
0

0101000
+3737 100 -3733 100 *
Ed
 1.5e-07 1 1 0
1  310 0 0 6.78822509939086
2  263 209 70 0 6.78822509939086
0

0101000
+3733 100 -3735 100 *
Wi

0101100
-3736 99 -3734 99 -3732 99 -3731 99 *
Ve
1.5e-07
52.05 39.75 12
0 0

0101101
*
Ve
1.5e-07
47.25 44.55 12
0 0

0101101
*
Ed
 1.5e-07 1 1 0
1  311 0 0 6.78822509939086
2  264 210 70 0 6.78822509939086
0

0101000
+3729 103 -3728 103 *
Ve
1.5e-07
47.25 34.95 12
0 0

0101101
*
Ed
 1.5e-07 1 1 0
1  312 0 0 6.78822509939086
2  265 211 70 0 6.78822509939086
0

0101000
+3726 103 -3729 103 *
Ve
1.5e-07
42.45 39.75 12
0 0

0101101
*
Ed
 1.5e-07 1 1 0
1  313 0 0 6.78822509939086
2  266 212 70 0 6.78822509939086
0

0101000
+3728 103 -3724 103 *
Ed
 1.5e-07 1 1 0
1  314 0 0 6.78822509939086
2  267 213 70 0 6.78822509939086
0

0101000
+3724 103 -3726 103 *
Wi

0101100
-3727 102 -3725 102 -3723 102 -3722 102 *
Ve
1.5e-07
67.8 39.75 12
0 0

0101101
*
Ve
1.5e-07
63 44.55 12
0 0

0101101
*
Ed
 1.5e-07 1 1 0
1  315 0 0 6.78822509939086
2  268 214 70 0 6.78822509939086
0

0101000
+3720 106 -3719 106 *
Ve
1.5e-07
63 34.95 12
0 0

0101101
*
Ed
 1.5e-07 1 1 0
1  316 0 0 6.78822509939086
2  269 215 70 0 6.78822509939086
0

0101000
+3717 106 -3720 106 *
Ve
1.5e-07
58.2 39.75 12
0 0

0101101
*
Ed
 1.5e-07 1 1 0
1  317 0 0 6.78822509939086
2  270 216 70 0 6.78822509939086
0

0101000
+3719 106 -3715 106 *
Ed
 1.5e-07 1 1 0
1  318 0 0 6.78822509939086
2  271 217 70 0 6.78822509939086
0

0101000
+3715 106 -3717 106 *
Wi

0101100
-3718 105 -3716 105 -3714 105 -3713 105 *
Ve
1.5e-07
83.55 39.75 12
0 0

0101101
*
Ve
1.5e-07
78.75 44.55 12
0 0

0101101
*
Ed
 1.5e-07 1 1 0
1  319 0 0 6.78822509939086
2  272 218 70 0 6.78822509939086
0

0101000
+3711 109 -3710 109 *
Ve
1.5e-07
78.75 34.95 12
0 0

0101101
*
Ed
 1.5e-07 1 1 0
1  320 0 0 6.78822509939086
2  273 219 70 0 6.78822509939086
0

0101000
+3708 109 -3711 109 *
Ve
1.5e-07
73.95 39.75 12
0 0

0101101
*
Ed
 1.5e-07 1 1 0
1  321 0 0 6.78822509939086
2  274 220 70 0 6.78822509939086
0

0101000
+3710 109 -3706 109 *
Ed
 1.5e-07 1 1 0
1  322 0 0 6.78822509939086
2  275 221 70 0 6.78822509939086
0

0101000
+3706 109 -3708 109 *
Wi

0101100
-3709 108 -3707 108 -3705 108 -3704 108 *
Ve
1.5e-07
99.3 39.75 12
0 0

0101101
*
Ve
1.5e-07
94.5 44.55 12
0 0

0101101
*
Ed
 1.5e-07 1 1 0
1  323 0 0 6.78822509939086
2  276 222 70 0 6.78822509939086
0

0101000
+3702 112 -3701 112 *
Ve
1.5e-07
94.5 34.95 12
0 0

0101101
*
Ed
 1.5e-07 1 1 0
1  324 0 0 6.78822509939086
2  277 223 70 0 6.78822509939086
0

0101000
+3699 112 -3702 112 *
Ve
1.5e-07
89.7 39.75 12
0 0

0101101
*
Ed
 1.5e-07 1 1 0
1  325 0 0 6.78822509939086
2  278 224 70 0 6.78822509939086
0

0101000
+3701 112 -3697 112 *
Ed
 1.5e-07 1 1 0
1  326 0 0 6.78822509939086
2  279 225 70 0 6.78822509939086
0

0101000
+3697 112 -3699 112 *
Wi

0101100
-3700 111 -3698 111 -3696 111 -3695 111 *
Ve
1.5e-07
115.05 39.75 12
0 0

0101101
*
Ve
1.5e-07
110.25 44.55 12
0 0

0101101
*
Ed
 1.5e-07 1 1 0
1  327 0 0 6.78822509939086
2  280 226 70 0 6.78822509939086
0

0101000
+3693 115 -3692 115 *
Ve
1.5e-07
110.25 34.95 12
0 0

0101101
*
Ed
 1.5e-07 1 1 0
1  328 0 0 6.78822509939086
2  281 227 70 0 6.78822509939086
0

0101000
+3690 115 -3693 115 *
Ve
1.5e-07
105.45 39.75 12
0 0

0101101
*
Ed
 1.5e-07 1 1 0
1  329 0 0 6.78822509939086
2  282 228 70 0 6.78822509939086
0

0101000
+3692 115 -3688 115 *
Ed
 1.5e-07 1 1 0
1  330 0 0 6.78822509939086
2  283 229 70 0 6.78822509939086
0

0101000
+3688 115 -3690 115 *
Wi

0101100
-3691 114 -3689 114 -3687 114 -3686 114 *
Ve
1.5e-07
130.8 39.75 12
0 0

0101101
*
Ve
1.5e-07
126 44.55 12
0 0

0101101
*
Ed
 1.5e-07 1 1 0
1  331 0 0 6.78822509939086
2  284 230 70 0 6.78822509939086
0

0101000
+3684 118 -3683 118 *
Ve
1.5e-07
126 34.95 12
0 0

0101101
*
Ed
 1.5e-07 1 1 0
1  332 0 0 6.78822509939086
2  285 231 70 0 6.78822509939086
0

0101000
+3681 118 -3684 118 *
Ve
1.5e-07
121.2 39.75 12
0 0

0101101
*
Ed
 1.5e-07 1 1 0
1  333 0 0 6.78822509939086
2  286 232 70 0 6.78822509939086
0

0101000
+3683 118 -3679 118 *
Ed
 1.5e-07 1 1 0
1  334 0 0 6.78822509939086
2  287 233 70 0 6.78822509939086
0

0101000
+3679 118 -3681 118 *
Wi

0101100
-3682 117 -3680 117 -3678 117 -3677 117 *
Fa
0  1.5e-07 93 29

0101000
+3999 0 +3990 0 +3981 0 +3972 0 +3963 0 +3954 0 +3945 0 +3936 0 +3927 0 +3918 0 
+3909 0 +3900 0 +3891 0 +3882 0 +3873 0 +3864 0 +3855 0 +3846 0 +3837 0 +3828 0 
+3819 0 +3810 0 +3801 0 +3792 0 +3783 0 +3774 0 +3757 0 +3748 0 +3739 0 +3730 0 
+3721 0 +3712 0 +3703 0 +3694 0 +3685 0 +3676 0 *
Ve
1.5e-07
-126.558 -49.5 9
0 0

0101101
*
Ed
 1.5e-07 1 1 0
1  335 0 0 3
2  288 43 0 0 3
4 G1 43 0 234 0
0

0101000
+3674 0 -4003 0 *
Ed
 1.5e-07 1 1 0
1  336 0 0 0.785482662922169
2  289 43 36 0 0.785482662922169
0

0101000
+4177 36 -3674 36 *
Wi

0101100
+4176 0 -3673 0 -3672 35 +4000 29 *
Fa
0  1.5e-07 43 0

0101000
+3671 0 *
Ve
1.5e-07
126.558 -49.5 9
0 0

0101101
*
Ed
 1.5e-07 1 1 0
1  337 0 0 253.116
0

0101000
+3674 36 -3669 36 *
Ed
 1.5e-07 1 1 0
1  338 0 0 0.785482662922169
2  290 50 36 0 0.785482662922169
0

0101000
+3669 36 -4116 36 *
Wi

0101100
-3672 35 +4174 23 -3668 35 +4163 23 -3667 35 +4149 23 +4115 23 -4139 33 +4119 23 +4129 23 
*
Ve
1.5e-07
-118.5 -59.25 9
0 0

0101101
*
Ve
1.5e-07
-112.5 -65.25 9
0 0

0101101
*
Ed
 1.5e-07 1 1 0
1  339 0 0 8.48528137423857
2  291 236 42 0 8.48528137423857
0

0101000
+3665 43 -3664 43 *
Ve
1.5e-07
-106.5 -59.25 9
0 0

0101101
*
Ed
 1.5e-07 1 1 0
1  340 0 0 8.48528137423857
2  292 237 42 0 8.48528137423857
0

0101000
+3664 43 -3662 43 *
Ve
1.5e-07
-112.5 -53.25 9
0 0

0101101
*
Ed
 1.5e-07 1 1 0
1  341 0 0 8.48528137423857
2  293 238 42 0 8.48528137423857
0

0101000
+3662 43 -3660 43 *
Ed
 1.5e-07 1 1 0
1  342 0 0 8.48528137423857
2  294 239 42 0 8.48528137423857
0

0101000
+3660 43 -3665 43 *
Wi

0101100
-3663 41 -3661 41 -3659 41 -3658 41 *
Ve
1.5e-07
-100.5 -59.25 9
0 0

0101101
*
Ve
1.5e-07
-94.5 -65.25 9
0 0

0101101
*
Ed
 1.5e-07 1 1 0
1  343 0 0 8.48528137423857
2  295 240 42 0 8.48528137423857
0

0101000
+3656 46 -3655 46 *
Ve
1.5e-07
-88.5 -59.25 9
0 0

0101101
*
Ed
 1.5e-07 1 1 0
1  344 0 0 8.48528137423857
2  296 241 42 0 8.48528137423857
0

0101000
+3655 46 -3653 46 *
Ve
1.5e-07
-94.5 -53.25 9
0 0

0101101
*
Ed
 1.5e-07 1 1 0
1  345 0 0 8.48528137423857
2  297 242 42 0 8.48528137423857
0

0101000
+3653 46 -3651 46 *
Ed
 1.5e-07 1 1 0
1  346 0 0 8.48528137423857
2  298 243 42 0 8.48528137423857
0

0101000
+3651 46 -3656 46 *
Wi

0101100
-3654 45 -3652 45 -3650 45 -3649 45 *
Ve
1.5e-07
-82.5 -59.25 9
0 0

0101101
*
Ve
1.5e-07
-76.5 -65.25 9
0 0

0101101
*
Ed
 1.5e-07 1 1 0
1  347 0 0 8.48528137423857
2  299 244 42 0 8.48528137423857
0

0101000
+3647 49 -3646 49 *
Ve
1.5e-07
-70.5 -59.25 9
0 0

0101101
*
Ed
 1.5e-07 1 1 0
1  348 0 0 8.48528137423857
2  300 245 42 0 8.48528137423857
0

0101000
+3646 49 -3644 49 *
Ve
1.5e-07
-76.5 -53.25 9
0 0

0101101
*
Ed
 1.5e-07 1 1 0
1  349 0 0 8.48528137423857
2  301 246 42 0 8.48528137423857
0

0101000
+3644 49 -3642 49 *
Ed
 1.5e-07 1 1 0
1  350 0 0 8.48528137423857
2  302 247 42 0 8.48528137423857
0

0101000
+3642 49 -3647 49 *
Wi

0101100
-3645 48 -3643 48 -3641 48 -3640 48 *
Ve
1.5e-07
-64.5 -59.25 9
0 0

0101101
*
Ve
1.5e-07
-58.5 -65.25 9
0 0

0101101
*
Ed
 1.5e-07 1 1 0
1  351 0 0 8.48528137423857
2  303 248 42 0 8.48528137423857
0

0101000
+3638 52 -3637 52 *
Ve
1.5e-07
-52.5 -59.25 9
0 0

0101101
*
Ed
 1.5e-07 1 1 0
1  352 0 0 8.48528137423857
2  304 249 42 0 8.48528137423857
0

0101000
+3637 52 -3635 52 *
Ve
1.5e-07
-58.5 -53.25 9
0 0

0101101
*
Ed
 1.5e-07 1 1 0
1  353 0 0 8.48528137423857
2  305 250 42 0 8.48528137423857
0

0101000
+3635 52 -3633 52 *
Ed
 1.5e-07 1 1 0
1  354 0 0 8.48528137423857
2  306 251 42 0 8.48528137423857
0

0101000
+3633 52 -3638 52 *
Wi

0101100
-3636 51 -3634 51 -3632 51 -3631 51 *
Ve
1.5e-07
-46.5 -59.25 9
0 0

0101101
*
Ve
1.5e-07
-40.5 -65.25 9
0 0

0101101
*
Ed
 1.5e-07 1 1 0
1  355 0 0 8.48528137423857
2  307 252 42 0 8.48528137423857
0

0101000
+3629 42 -3628 42 *
Ve
1.5e-07
-34.5 -59.25 9
0 0

0101101
*
Ed
 1.5e-07 1 1 0
1  356 0 0 8.48528137423857
2  308 253 42 0 8.48528137423857
0

0101000
+3628 42 -3626 42 *
Ve
1.5e-07
-40.5 -53.25 9
0 0

0101101
*
Ed
 1.5e-07 1 1 0
1  357 0 0 8.48528137423857
2  309 254 42 0 8.48528137423857
0

0101000
+3626 42 -3624 42 *
Ed
 1.5e-07 1 1 0
1  358 0 0 8.48528137423857
2  310 255 42 0 8.48528137423857
0

0101000
+3624 42 -3629 42 *
Wi

0101100
-3627 53 -3625 53 -3623 53 -3622 53 *
Ve
1.5e-07
40.5 -53.25 9
0 0

0101101
*
Ve
1.5e-07
46.5 -59.25 9
0 0

0101101
*
Ed
 1.5e-07 1 1 0
1  359 0 0 8.48528137423857
2  311 256 42 0 8.48528137423857
0

0101000
+3620 42 -3619 42 *
Ve
1.5e-07
34.5 -59.25 9
0 0

0101101
*
Ed
 1.5e-07 1 1 0
1  360 0 0 8.48528137423857
2  312 257 42 0 8.48528137423857
0

0101000
+3617 42 -3620 42 *
Ve
1.5e-07
40.5 -65.25 9
0 0

0101101
*
Ed
 1.5e-07 1 1 0
1  361 0 0 8.48528137423857
2  313 258 42 0 8.48528137423857
0

0101000
+3619 42 -3615 42 *
Ed
 1.5e-07 1 1 0
1  362 0 0 8.48528137423857
2  314 259 42 0 8.48528137423857
0

0101000
+3615 42 -3617 42 *
Wi

0101100
+3618 53 +3616 53 +3614 53 +3613 53 *
Ve
1.5e-07
58.5 -53.25 9
0 0

0101101
*
Ve
1.5e-07
64.5 -59.25 9
0 0

0101101
*
Ed
 1.5e-07 1 1 0
1  363 0 0 8.48528137423857
2  315 260 42 0 8.48528137423857
0

0101000
+3611 56 -3610 56 *
Ve
1.5e-07
52.5 -59.25 9
0 0

0101101
*
Ed
 1.5e-07 1 1 0
1  364 0 0 8.48528137423857
2  316 261 42 0 8.48528137423857
0

0101000
+3608 56 -3611 56 *
Ve
1.5e-07
58.5 -65.25 9
0 0

0101101
*
Ed
 1.5e-07 1 1 0
1  365 0 0 8.48528137423857
2  317 262 42 0 8.48528137423857
0

0101000
+3610 56 -3606 56 *
Ed
 1.5e-07 1 1 0
1  366 0 0 8.48528137423857
2  318 263 42 0 8.48528137423857
0

0101000
+3606 56 -3608 56 *
Wi

0101100
+3609 55 +3607 55 +3605 55 +3604 55 *
Ve
1.5e-07
76.5 -53.25 9
0 0

0101101
*
Ve
1.5e-07
82.5 -59.25 9
0 0

0101101
*
Ed
 1.5e-07 1 1 0
1  367 0 0 8.48528137423857
2  319 264 42 0 8.48528137423857
0

0101000
+3602 59 -3601 59 *
Ve
1.5e-07
70.5 -59.25 9
0 0

0101101
*
Ed
 1.5e-07 1 1 0
1  368 0 0 8.48528137423857
2  320 265 42 0 8.48528137423857
0

0101000
+3599 59 -3602 59 *
Ve
1.5e-07
76.5 -65.25 9
0 0

0101101
*
Ed
 1.5e-07 1 1 0
1  369 0 0 8.48528137423857
2  321 266 42 0 8.48528137423857
0

0101000
+3601 59 -3597 59 *
Ed
 1.5e-07 1 1 0
1  370 0 0 8.48528137423857
2  322 267 42 0 8.48528137423857
0

0101000
+3597 59 -3599 59 *
Wi

0101100
+3600 58 +3598 58 +3596 58 +3595 58 *
Ve
1.5e-07
94.5 -53.25 9
0 0

0101101
*
Ve
1.5e-07
100.5 -59.25 9
0 0

0101101
*
Ed
 1.5e-07 1 1 0
1  371 0 0 8.48528137423857
2  323 268 42 0 8.48528137423857
0

0101000
+3593 62 -3592 62 *
Ve
1.5e-07
88.5 -59.25 9
0 0

0101101
*
Ed
 1.5e-07 1 1 0
1  372 0 0 8.48528137423857
2  324 269 42 0 8.48528137423857
0

0101000
+3590 62 -3593 62 *
Ve
1.5e-07
94.5 -65.25 9
0 0

0101101
*
Ed
 1.5e-07 1 1 0
1  373 0 0 8.48528137423857
2  325 270 42 0 8.48528137423857
0

0101000
+3592 62 -3588 62 *
Ed
 1.5e-07 1 1 0
1  374 0 0 8.48528137423857
2  326 271 42 0 8.48528137423857
0

0101000
+3588 62 -3590 62 *
Wi

0101100
+3591 61 +3589 61 +3587 61 +3586 61 *
Ve
1.5e-07
112.5 -53.25 9
0 0

0101101
*
Ve
1.5e-07
118.5 -59.25 9
0 0

0101101
*
Ed
 1.5e-07 1 1 0
1  375 0 0 8.48528137423857
2  327 272 42 0 8.48528137423857
0

0101000
+3584 65 -3583 65 *
Ve
1.5e-07
106.5 -59.25 9
0 0

0101101
*
Ed
 1.5e-07 1 1 0
1  376 0 0 8.48528137423857
2  328 273 42 0 8.48528137423857
0

0101000
+3581 65 -3584 65 *
Ve
1.5e-07
112.5 -65.25 9
0 0

0101101
*
Ed
 1.5e-07 1 1 0
1  377 0 0 8.48528137423857
2  329 274 42 0 8.48528137423857
0

0101000
+3583 65 -3579 65 *
Ed
 1.5e-07 1 1 0
1  378 0 0 8.48528137423857
2  330 275 42 0 8.48528137423857
0

0101000
+3579 65 -3581 65 *
Wi

0101100
+3582 64 +3580 64 +3578 64 +3577 64 *
Fa
0  1.5e-07 235 23

0101000
+3666 0 +3657 0 +3648 0 +3639 0 +3630 0 +3621 0 +3612 0 +3603 0 +3594 0 +3585 0 
+3576 0 *
Ed
 1.5e-07 1 1 0
1  379 0 0 3
2  331 46 0 0 3
4 G1 46 0 92 0
0

0101000
+4107 0 -4005 0 *
Wi

0101100
+4155 0 -3574 0 -4105 35 +4004 29 *
Fa
0  1.5e-07 46 0

0101000
+3573 0 *
Ed
 1.5e-07 1 1 0
1  380 0 0 3
2  332 50 0 0 3
4 G1 50 0 234 0
0

0101000
+3669 0 -4007 0 *
Wi

0101100
+3571 0 -4113 0 -3667 35 +4006 29 *
Fa
0  1.5e-07 50 0

0101000
+3570 0 *
Wi

0101100
+3574 0 -4011 0 -4106 35 +4001 29 *
Fa
0  1.5e-07 92 0

0101000
+3568 0 *
Ve
1.5e-07
-113.7 59.25 12.75
0 0

0101101
*
Ed
 1.5e-07 1 1 0
1  381 0 0 1
2  333 52 0 0 1
2  334 55 0 0 1
0

0101000
+4102 124 -3566 124 *
Ve
1.5e-07
-112.5 58.05 12.75
0 0

0101101
*
Ed
 1.5e-07 1 1 0
1  382 0 0 1.69705627484771
2  335 52 129 0 1.69705627484771
0

0101000
+3564 130 -3566 130 *
Ed
 1.5e-07 1 1 0
1  383 0 0 1
2  336 52 0 0 1
2  337 53 0 0 1
0

0101000
+4103 124 -3564 124 *
Wi

0101000
+4101 53 +3565 0 -3563 128 -3562 0 *
Fa
0  1.5e-07 52 0

0101000
+3561 0 *
Ve
1.5e-07
-111.3 59.25 12.75
0 0

0101101
*
Ed
 1.5e-07 1 1 0
1  384 0 0 1.69705627484771
2  338 53 129 0 1.69705627484771
0

0101000
+3559 130 -3564 130 *
Ed
 1.5e-07 1 1 0
1  385 0 0 1
2  339 53 0 0 1
2  340 54 0 0 1
0

0101000
+4100 124 -3559 124 *
Wi

0101000
+4099 53 +3562 0 -3558 128 -3557 0 *
Fa
0  1.5e-07 53 0

0101000
+3556 0 *
Ve
1.5e-07
-112.5 60.45 12.75
0 0

0101101
*
Ed
 1.5e-07 1 1 0
1  386 0 0 1.69705627484771
2  341 54 129 0 1.69705627484771
0

0101000
+3554 130 -3559 130 *
Ed
 1.5e-07 1 1 0
1  387 0 0 1
2  342 54 0 0 1
2  343 55 0 0 1
0

0101000
+4098 124 -3554 124 *
Wi

0101000
+4097 53 +3557 0 -3553 128 -3552 0 *
Fa
0  1.5e-07 54 0

0101000
+3551 0 *
Ed
 1.5e-07 1 1 0
1  388 0 0 1.69705627484771
2  344 55 129 0 1.69705627484771
0

0101000
+3566 130 -3554 130 *
Wi

0101000
+4096 53 +3552 0 -3549 128 -3565 0 *
Fa
0  1.5e-07 55 0

0101000
+3548 0 *
Ve
1.5e-07
-95.7 59.25 12.75
0 0

0101101
*
Ed
 1.5e-07 1 1 0
1  389 0 0 1
2  345 56 0 0 1
2  346 59 0 0 1
0

0101000
+4093 131 -3546 131 *
Ve
1.5e-07
-94.5 58.05 12.75
0 0

0101101
*
Ed
 1.5e-07 1 1 0
1  390 0 0 1.69705627484771
2  347 56 129 0 1.69705627484771
0

0101000
+3544 132 -3546 132 *
Ed
 1.5e-07 1 1 0
1  391 0 0 1
2  348 56 0 0 1
2  349 57 0 0 1
0

0101000
+4094 131 -3544 131 *
Wi

0101000
+4092 53 +3545 0 -3543 128 -3542 0 *
Fa
0  1.5e-07 56 0

0101000
+3541 0 *
Ve
1.5e-07
-93.3 59.25 12.75
0 0

0101101
*
Ed
 1.5e-07 1 1 0
1  392 0 0 1.69705627484771
2  350 57 129 0 1.69705627484771
0

0101000
+3539 132 -3544 132 *
Ed
 1.5e-07 1 1 0
1  393 0 0 1
2  351 57 0 0 1
2  352 58 0 0 1
0

0101000
+4091 131 -3539 131 *
Wi

0101000
+4090 53 +3542 0 -3538 128 -3537 0 *
Fa
0  1.5e-07 57 0

0101000
+3536 0 *
Ve
1.5e-07
-94.5 60.45 12.75
0 0

0101101
*
Ed
 1.5e-07 1 1 0
1  394 0 0 1.69705627484771
2  353 58 129 0 1.69705627484771
0

0101000
+3534 132 -3539 132 *
Ed
 1.5e-07 1 1 0
1  395 0 0 1
2  354 58 0 0 1
2  355 59 0 0 1
0

0101000
+4089 131 -3534 131 *
Wi

0101000
+4088 53 +3537 0 -3533 128 -3532 0 *
Fa
0  1.5e-07 58 0

0101000
+3531 0 *
Ed
 1.5e-07 1 1 0
1  396 0 0 1.69705627484771
2  356 59 129 0 1.69705627484771
0

0101000
+3546 132 -3534 132 *
Wi

0101000
+4087 53 +3532 0 -3529 128 -3545 0 *
Fa
0  1.5e-07 59 0

0101000
+3528 0 *
Ve
1.5e-07
-77.7 59.25 12.75
0 0

0101101
*
Ed
 1.5e-07 1 1 0
1  397 0 0 1
2  357 60 0 0 1
2  358 63 0 0 1
0

0101000
+4084 133 -3526 133 *
Ve
1.5e-07
-76.5 58.05 12.75
0 0

0101101
*
Ed
 1.5e-07 1 1 0
1  398 0 0 1.69705627484771
2  359 60 129 0 1.69705627484771
0

0101000
+3524 134 -3526 134 *
Ed
 1.5e-07 1 1 0
1  399 0 0 1
2  360 60 0 0 1
2  361 61 0 0 1
0

0101000
+4085 133 -3524 133 *
Wi

0101000
+4083 53 +3525 0 -3523 128 -3522 0 *
Fa
0  1.5e-07 60 0

0101000
+3521 0 *
Ve
1.5e-07
-75.3 59.25 12.75
0 0

0101101
*
Ed
 1.5e-07 1 1 0
1  400 0 0 1.69705627484771
2  362 61 129 0 1.69705627484771
0

0101000
+3519 134 -3524 134 *
Ed
 1.5e-07 1 1 0
1  401 0 0 1
2  363 61 0 0 1
2  364 62 0 0 1
0

0101000
+4082 133 -3519 133 *
Wi

0101000
+4081 53 +3522 0 -3518 128 -3517 0 *
Fa
0  1.5e-07 61 0

0101000
+3516 0 *
Ve
1.5e-07
-76.5 60.45 12.75
0 0

0101101
*
Ed
 1.5e-07 1 1 0
1  402 0 0 1.69705627484771
2  365 62 129 0 1.69705627484771
0

0101000
+3514 134 -3519 134 *
Ed
 1.5e-07 1 1 0
1  403 0 0 1
2  366 62 0 0 1
2  367 63 0 0 1
0

0101000
+4080 133 -3514 133 *
Wi

0101000
+4079 53 +3517 0 -3513 128 -3512 0 *
Fa
0  1.5e-07 62 0

0101000
+3511 0 *
Ed
 1.5e-07 1 1 0
1  404 0 0 1.69705627484771
2  368 63 129 0 1.69705627484771
0

0101000
+3526 134 -3514 134 *
Wi

0101000
+4078 53 +3512 0 -3509 128 -3525 0 *
Fa
0  1.5e-07 63 0

0101000
+3508 0 *
Ve
1.5e-07
-59.7 59.25 12.75
0 0

0101101
*
Ed
 1.5e-07 1 1 0
1  405 0 0 1
2  369 64 0 0 1
2  370 67 0 0 1
0

0101000
+4075 135 -3506 135 *
Ve
1.5e-07
-58.5 58.05 12.75
0 0

0101101
*
Ed
 1.5e-07 1 1 0
1  406 0 0 1.69705627484771
2  371 64 129 0 1.69705627484771
0

0101000
+3504 136 -3506 136 *
Ed
 1.5e-07 1 1 0
1  407 0 0 1
2  372 64 0 0 1
2  373 65 0 0 1
0

0101000
+4076 135 -3504 135 *
Wi

0101000
+4074 53 +3505 0 -3503 128 -3502 0 *
Fa
0  1.5e-07 64 0

0101000
+3501 0 *
Ve
1.5e-07
-57.3 59.25 12.75
0 0

0101101
*
Ed
 1.5e-07 1 1 0
1  408 0 0 1.69705627484771
2  374 65 129 0 1.69705627484771
0

0101000
+3499 136 -3504 136 *
Ed
 1.5e-07 1 1 0
1  409 0 0 1
2  375 65 0 0 1
2  376 66 0 0 1
0

0101000
+4073 135 -3499 135 *
Wi

0101000
+4072 53 +3502 0 -3498 128 -3497 0 *
Fa
0  1.5e-07 65 0

0101000
+3496 0 *
Ve
1.5e-07
-58.5 60.45 12.75
0 0

0101101
*
Ed
 1.5e-07 1 1 0
1  410 0 0 1.69705627484771
2  377 66 129 0 1.69705627484771
0

0101000
+3494 136 -3499 136 *
Ed
 1.5e-07 1 1 0
1  411 0 0 1
2  378 66 0 0 1
2  379 67 0 0 1
0

0101000
+4071 135 -3494 135 *
Wi

0101000
+4070 53 +3497 0 -3493 128 -3492 0 *
Fa
0  1.5e-07 66 0

0101000
+3491 0 *
Ed
 1.5e-07 1 1 0
1  412 0 0 1.69705627484771
2  380 67 129 0 1.69705627484771
0

0101000
+3506 136 -3494 136 *
Wi

0101000
+4069 53 +3492 0 -3489 128 -3505 0 *
Fa
0  1.5e-07 67 0

0101000
+3488 0 *
Ve
1.5e-07
-41.7 59.25 12.75
0 0

0101101
*
Ed
 1.5e-07 1 1 0
1  413 0 0 1
2  381 68 0 0 1
2  382 71 0 0 1
0

0101000
+4066 0 -3486 0 *
Ve
1.5e-07
-40.5 58.05 12.75
0 0

0101101
*
Ed
 1.5e-07 1 1 0
1  414 0 0 1.69705627484771
2  383 68 129 0 1.69705627484771
0

0101000
+3484 129 -3486 129 *
Ed
 1.5e-07 1 1 0
1  415 0 0 1
2  384 68 0 0 1
2  385 69 0 0 1
0

0101000
+4067 0 -3484 0 *
Wi

0101000
+4065 53 +3485 0 -3483 128 -3482 0 *
Fa
0  1.5e-07 68 0

0101000
+3481 0 *
Ve
1.5e-07
-39.3 59.25 12.75
0 0

0101101
*
Ed
 1.5e-07 1 1 0
1  416 0 0 1.69705627484771
2  386 69 129 0 1.69705627484771
0

0101000
+3479 129 -3484 129 *
Ed
 1.5e-07 1 1 0
1  417 0 0 1
2  387 69 0 0 1
2  388 70 0 0 1
0

0101000
+4064 0 -3479 0 *
Wi

0101000
+4063 53 +3482 0 -3478 128 -3477 0 *
Fa
0  1.5e-07 69 0

0101000
+3476 0 *
Ve
1.5e-07
-40.5 60.45 12.75
0 0

0101101
*
Ed
 1.5e-07 1 1 0
1  418 0 0 1.69705627484771
2  389 70 129 0 1.69705627484771
0

0101000
+3474 129 -3479 129 *
Ed
 1.5e-07 1 1 0
1  419 0 0 1
2  390 70 0 0 1
2  391 71 0 0 1
0

0101000
+4062 0 -3474 0 *
Wi

0101000
+4061 53 +3477 0 -3473 128 -3472 0 *
Fa
0  1.5e-07 70 0

0101000
+3471 0 *
Ed
 1.5e-07 1 1 0
1  420 0 0 1.69705627484771
2  392 71 129 0 1.69705627484771
0

0101000
+3486 129 -3474 129 *
Wi

0101000
+4060 53 +3472 0 -3469 128 -3485 0 *
Fa
0  1.5e-07 71 0

0101000
+3468 0 *
Ve
1.5e-07
40.5 60.45 12.75
0 0

0101101
*
Ed
 1.5e-07 1 1 0
1  421 0 0 1
2  393 72 0 0 1
2  394 74 0 0 1
0

0101000
+4057 0 -3466 0 *
Ve
1.5e-07
41.7 59.25 12.75
0 0

0101101
*
Ed
 1.5e-07 1 1 0
1  422 0 0 1.69705627484771
2  395 72 129 0 1.69705627484771
0

0101000
+3464 129 -3466 129 *
Ed
 1.5e-07 1 1 0
1  423 0 0 1
2  396 72 0 0 1
2  397 73 0 0 1
0

0101000
+4058 0 -3464 0 *
Wi

0101000
+4056 53 +3465 0 -3463 128 -3462 0 *
Fa
0  1.5e-07 72 0

0101000
+3461 0 *
Ve
1.5e-07
40.5 58.05 12.75
0 0

0101101
*
Ed
 1.5e-07 1 1 0
1  424 0 0 1.69705627484771
2  398 73 129 0 1.69705627484771
0

0101000
+3459 129 -3464 129 *
Ed
 1.5e-07 1 1 0
1  425 0 0 1
2  399 73 0 0 1
2  400 75 0 0 1
0

0101000
+4055 0 -3459 0 *
Wi

0101000
+4054 53 +3462 0 -3458 128 -3457 0 *
Fa
0  1.5e-07 73 0

0101000
+3456 0 *
Ve
1.5e-07
39.3 59.25 12.75
0 0

0101101
*
Ed
 1.5e-07 1 1 0
1  426 0 0 1
2  401 74 0 0 1
2  402 75 0 0 1
0

0101000
+4053 0 -3454 0 *
Ed
 1.5e-07 1 1 0
1  427 0 0 1.69705627484771
2  403 74 129 0 1.69705627484771
0

0101000
+3466 129 -3454 129 *
Wi

0101000
+4052 53 +3453 0 -3452 128 -3465 0 *
Fa
0  1.5e-07 74 0

0101000
+3451 0 *
Ed
 1.5e-07 1 1 0
1  428 0 0 1.69705627484771
2  404 75 129 0 1.69705627484771
0

0101000
+3454 129 -3459 129 *
Wi

0101000
+4051 53 +3457 0 -3449 128 -3453 0 *
Fa
0  1.5e-07 75 0

0101000
+3448 0 *
Ve
1.5e-07
58.5 60.45 12.75
0 0

0101101
*
Ed
 1.5e-07 1 1 0
1  429 0 0 1
2  405 76 0 0 1
2  406 78 0 0 1
0

0101000
+4048 137 -3446 137 *
Ve
1.5e-07
59.7 59.25 12.75
0 0

0101101
*
Ed
 1.5e-07 1 1 0
1  430 0 0 1.69705627484771
2  407 76 129 0 1.69705627484771
0

0101000
+3444 138 -3446 138 *
Ed
 1.5e-07 1 1 0
1  431 0 0 1
2  408 76 0 0 1
2  409 77 0 0 1
0

0101000
+4049 137 -3444 137 *
Wi

0101000
+4047 53 +3445 0 -3443 128 -3442 0 *
Fa
0  1.5e-07 76 0

0101000
+3441 0 *
Ve
1.5e-07
58.5 58.05 12.75
0 0

0101101
*
Ed
 1.5e-07 1 1 0
1  432 0 0 1.69705627484771
2  410 77 129 0 1.69705627484771
0

0101000
+3439 138 -3444 138 *
Ed
 1.5e-07 1 1 0
1  433 0 0 1
2  411 77 0 0 1
2  412 79 0 0 1
0

0101000
+4046 137 -3439 137 *
Wi

0101000
+4045 53 +3442 0 -3438 128 -3437 0 *
Fa
0  1.5e-07 77 0

0101000
+3436 0 *
Ve
1.5e-07
57.3 59.25 12.75
0 0

0101101
*
Ed
 1.5e-07 1 1 0
1  434 0 0 1
2  413 78 0 0 1
2  414 79 0 0 1
0

0101000
+4044 137 -3434 137 *
Ed
 1.5e-07 1 1 0
1  435 0 0 1.69705627484771
2  415 78 129 0 1.69705627484771
0

0101000
+3446 138 -3434 138 *
Wi

0101000
+4043 53 +3433 0 -3432 128 -3445 0 *
Fa
0  1.5e-07 78 0

0101000
+3431 0 *
Ed
 1.5e-07 1 1 0
1  436 0 0 1.69705627484771
2  416 79 129 0 1.69705627484771
0

0101000
+3434 138 -3439 138 *
Wi

0101000
+4042 53 +3437 0 -3429 128 -3433 0 *
Fa
0  1.5e-07 79 0

0101000
+3428 0 *
Ve
1.5e-07
76.5 60.45 12.75
0 0

0101101
*
Ed
 1.5e-07 1 1 0
1  437 0 0 1
2  417 80 0 0 1
2  418 82 0 0 1
0

0101000
+4039 139 -3426 139 *
Ve
1.5e-07
77.7 59.25 12.75
0 0

0101101
*
Ed
 1.5e-07 1 1 0
1  438 0 0 1.69705627484771
2  419 80 129 0 1.69705627484771
0

0101000
+3424 140 -3426 140 *
Ed
 1.5e-07 1 1 0
1  439 0 0 1
2  420 80 0 0 1
2  421 81 0 0 1
0

0101000
+4040 139 -3424 139 *
Wi

0101000
+4038 53 +3425 0 -3423 128 -3422 0 *
Fa
0  1.5e-07 80 0

0101000
+3421 0 *
Ve
1.5e-07
76.5 58.05 12.75
0 0

0101101
*
Ed
 1.5e-07 1 1 0
1  440 0 0 1.69705627484771
2  422 81 129 0 1.69705627484771
0

0101000
+3419 140 -3424 140 *
Ed
 1.5e-07 1 1 0
1  441 0 0 1
2  423 81 0 0 1
2  424 83 0 0 1
0

0101000
+4037 139 -3419 139 *
Wi

0101000
+4036 53 +3422 0 -3418 128 -3417 0 *
Fa
0  1.5e-07 81 0

0101000
+3416 0 *
Ve
1.5e-07
75.3 59.25 12.75
0 0

0101101
*
Ed
 1.5e-07 1 1 0
1  442 0 0 1
2  425 82 0 0 1
2  426 83 0 0 1
0

0101000
+4035 139 -3414 139 *
Ed
 1.5e-07 1 1 0
1  443 0 0 1.69705627484771
2  427 82 129 0 1.69705627484771
0

0101000
+3426 140 -3414 140 *
Wi

0101000
+4034 53 +3413 0 -3412 128 -3425 0 *
Fa
0  1.5e-07 82 0

0101000
+3411 0 *
Ed
 1.5e-07 1 1 0
1  444 0 0 1.69705627484771
2  428 83 129 0 1.69705627484771
0

0101000
+3414 140 -3419 140 *
Wi

0101000
+4033 53 +3417 0 -3409 128 -3413 0 *
Fa
0  1.5e-07 83 0

0101000
+3408 0 *
Ve
1.5e-07
94.5 60.45 12.75
0 0

0101101
*
Ed
 1.5e-07 1 1 0
1  445 0 0 1
2  429 84 0 0 1
2  430 86 0 0 1
0

0101000
+4030 141 -3406 141 *
Ve
1.5e-07
95.7 59.25 12.75
0 0

0101101
*
Ed
 1.5e-07 1 1 0
1  446 0 0 1.69705627484771
2  431 84 129 0 1.69705627484771
0

0101000
+3404 142 -3406 142 *
Ed
 1.5e-07 1 1 0
1  447 0 0 1
2  432 84 0 0 1
2  433 85 0 0 1
0

0101000
+4031 141 -3404 141 *
Wi

0101000
+4029 53 +3405 0 -3403 128 -3402 0 *
Fa
0  1.5e-07 84 0

0101000
+3401 0 *
Ve
1.5e-07
94.5 58.05 12.75
0 0

0101101
*
Ed
 1.5e-07 1 1 0
1  448 0 0 1.69705627484771
2  434 85 129 0 1.69705627484771
0

0101000
+3399 142 -3404 142 *
Ed
 1.5e-07 1 1 0
1  449 0 0 1
2  435 85 0 0 1
2  436 87 0 0 1
0

0101000
+4028 141 -3399 141 *
Wi

0101000
+4027 53 +3402 0 -3398 128 -3397 0 *
Fa
0  1.5e-07 85 0

0101000
+3396 0 *
Ve
1.5e-07
93.3 59.25 12.75
0 0

0101101
*
Ed
 1.5e-07 1 1 0
1  450 0 0 1
2  437 86 0 0 1
2  438 87 0 0 1
0

0101000
+4026 141 -3394 141 *
Ed
 1.5e-07 1 1 0
1  451 0 0 1.69705627484771
2  439 86 129 0 1.69705627484771
0

0101000
+3406 142 -3394 142 *
Wi

0101000
+4025 53 +3393 0 -3392 128 -3405 0 *
Fa
0  1.5e-07 86 0

0101000
+3391 0 *
Ed
 1.5e-07 1 1 0
1  452 0 0 1.69705627484771
2  440 87 129 0 1.69705627484771
0

0101000
+3394 142 -3399 142 *
Wi

0101000
+4024 53 +3397 0 -3389 128 -3393 0 *
Fa
0  1.5e-07 87 0

0101000
+3388 0 *
Ve
1.5e-07
112.5 60.45 12.75
0 0

0101101
*
Ed
 1.5e-07 1 1 0
1  453 0 0 1
2  441 88 0 0 1
2  442 90 0 0 1
0

0101000
+4021 143 -3386 143 *
Ve
1.5e-07
113.7 59.25 12.75
0 0

0101101
*
Ed
 1.5e-07 1 1 0
1  454 0 0 1.69705627484771
2  443 88 129 0 1.69705627484771
0

0101000
+3384 144 -3386 144 *
Ed
 1.5e-07 1 1 0
1  455 0 0 1
2  444 88 0 0 1
2  445 89 0 0 1
0

0101000
+4022 143 -3384 143 *
Wi

0101000
+4020 53 +3385 0 -3383 128 -3382 0 *
Fa
0  1.5e-07 88 0

0101000
+3381 0 *
Ve
1.5e-07
112.5 58.05 12.75
0 0

0101101
*
Ed
 1.5e-07 1 1 0
1  456 0 0 1.69705627484771
2  446 89 129 0 1.69705627484771
0

0101000
+3379 144 -3384 144 *
Ed
 1.5e-07 1 1 0
1  457 0 0 1
2  447 89 0 0 1
2  448 91 0 0 1
0

0101000
+4019 143 -3379 143 *
Wi

0101000
+4018 53 +3382 0 -3378 128 -3377 0 *
Fa
0  1.5e-07 89 0

0101000
+3376 0 *
Ve
1.5e-07
111.3 59.25 12.75
0 0

0101101
*
Ed
 1.5e-07 1 1 0
1  458 0 0 1
2  449 90 0 0 1
2  450 91 0 0 1
0

0101000
+4017 143 -3374 143 *
Ed
 1.5e-07 1 1 0
1  459 0 0 1.69705627484771
2  451 90 129 0 1.69705627484771
0

0101000
+3386 144 -3374 144 *
Wi

0101000
+4016 53 +3373 0 -3372 128 -3385 0 *
Fa
0  1.5e-07 90 0

0101000
+3371 0 *
Ed
 1.5e-07 1 1 0
1  460 0 0 1.69705627484771
2  452 91 129 0 1.69705627484771
0

0101000
+3374 144 -3379 144 *
Wi

0101000
+4015 53 +3377 0 -3369 128 -3373 0 *
Fa
0  1.5e-07 91 0

0101000
+3368 0 *
Wi

0101100
+3673 0 -3571 0 -3668 35 +4002 29 *
Fa
0  1.5e-07 234 0

0101000
+3366 0 *
Ve
1.5e-07
-124.95 -39.75 14.7
0 0

0101101
*
Ed
 1.5e-07 1 1 0
1  461 0 0 1
2  453 94 0 0 1
2  454 97 0 0 1
0

0101000
+3997 0 -3364 0 *
Ve
1.5e-07
-126 -38.7 14.7
0 0

0101101
*
Ed
 1.5e-07 1 1 0
1  462 0 0 1.48492424049175
2  455 94 149 0 1.48492424049175
0

0101000
+3362 149 -3364 149 *
Ed
 1.5e-07 1 1 0
1  463 0 0 1
2  456 94 0 0 1
2  457 95 0 0 1
0

0101000
+3998 0 -3362 0 *
Wi

0101000
+3996 69 +3363 0 -3361 148 -3360 0 *
Fa
0  1.5e-07 94 0

0101000
+3359 0 *
Ve
1.5e-07
-127.05 -39.75 14.7
0 0

0101101
*
Ed
 1.5e-07 1 1 0
1  464 0 0 1.48492424049175
2  458 95 149 0 1.48492424049175
0

0101000
+3357 149 -3362 149 *
Ed
 1.5e-07 1 1 0
1  465 0 0 1
2  459 95 0 0 1
2  460 96 0 0 1
0

0101000
+3995 0 -3357 0 *
Wi

0101000
+3994 69 +3360 0 -3356 148 -3355 0 *
Fa
0  1.5e-07 95 0

0101000
+3354 0 *
Ve
1.5e-07
-126 -40.8 14.7
0 0

0101101
*
Ed
 1.5e-07 1 1 0
1  466 0 0 1.48492424049175
2  461 96 149 0 1.48492424049175
0

0101000
+3352 149 -3357 149 *
Ed
 1.5e-07 1 1 0
1  467 0 0 1
2  462 96 0 0 1
2  463 97 0 0 1
0

0101000
+3993 0 -3352 0 *
Wi

0101000
+3992 69 +3355 0 -3351 148 -3350 0 *
Fa
0  1.5e-07 96 0

0101000
+3349 0 *
Ed
 1.5e-07 1 1 0
1  468 0 0 1.48492424049175
2  464 97 149 0 1.48492424049175
0

0101000
+3364 149 -3352 149 *
Wi

0101000
+3991 69 +3350 0 -3347 148 -3363 0 *
Fa
0  1.5e-07 97 0

0101000
+3346 0 *
Ve
1.5e-07
-109.2 -39.75 14.7
0 0

0101101
*
Ed
 1.5e-07 1 1 0
1  469 0 0 1
2  465 98 0 0 1
2  466 101 0 0 1
0

0101000
+3988 150 -3344 150 *
Ve
1.5e-07
-110.25 -38.7 14.7
0 0

0101101
*
Ed
 1.5e-07 1 1 0
1  470 0 0 1.48492424049175
2  467 98 149 0 1.48492424049175
0

0101000
+3342 151 -3344 151 *
Ed
 1.5e-07 1 1 0
1  471 0 0 1
2  468 98 0 0 1
2  469 99 0 0 1
0

0101000
+3989 150 -3342 150 *
Wi

0101000
+3987 69 +3343 0 -3341 148 -3340 0 *
Fa
0  1.5e-07 98 0

0101000
+3339 0 *
Ve
1.5e-07
-111.3 -39.75 14.7
0 0

0101101
*
Ed
 1.5e-07 1 1 0
1  472 0 0 1.48492424049175
2  470 99 149 0 1.48492424049175
0

0101000
+3337 151 -3342 151 *
Ed
 1.5e-07 1 1 0
1  473 0 0 1
2  471 99 0 0 1
2  472 100 0 0 1
0

0101000
+3986 150 -3337 150 *
Wi

0101000
+3985 69 +3340 0 -3336 148 -3335 0 *
Fa
0  1.5e-07 99 0

0101000
+3334 0 *
Ve
1.5e-07
-110.25 -40.8 14.7
0 0

0101101
*
Ed
 1.5e-07 1 1 0
1  474 0 0 1.48492424049175
2  473 100 149 0 1.48492424049175
0

0101000
+3332 151 -3337 151 *
Ed
 1.5e-07 1 1 0
1  475 0 0 1
2  474 100 0 0 1
2  475 101 0 0 1
0

0101000
+3984 150 -3332 150 *
Wi

0101000
+3983 69 +3335 0 -3331 148 -3330 0 *
Fa
0  1.5e-07 100 0

0101000
+3329 0 *
Ed
 1.5e-07 1 1 0
1  476 0 0 1.48492424049175
2  476 101 149 0 1.48492424049175
0

0101000
+3344 151 -3332 151 *
Wi

0101000
+3982 69 +3330 0 -3327 148 -3343 0 *
Fa
0  1.5e-07 101 0

0101000
+3326 0 *
Ve
1.5e-07
-93.45 -39.75 14.7
0 0

0101101
*
Ed
 1.5e-07 1 1 0
1  477 0 0 1
2  477 102 0 0 1
2  478 105 0 0 1
0

0101000
+3979 152 -3324 152 *
Ve
1.5e-07
-94.5 -38.7 14.7
0 0

0101101
*
Ed
 1.5e-07 1 1 0
1  478 0 0 1.48492424049175
2  479 102 149 0 1.48492424049175
0

0101000
+3322 153 -3324 153 *
Ed
 1.5e-07 1 1 0
1  479 0 0 1
2  480 102 0 0 1
2  481 103 0 0 1
0

0101000
+3980 152 -3322 152 *
Wi

0101000
+3978 69 +3323 0 -3321 148 -3320 0 *
Fa
0  1.5e-07 102 0

0101000
+3319 0 *
Ve
1.5e-07
-95.55 -39.75 14.7
0 0

0101101
*
Ed
 1.5e-07 1 1 0
1  480 0 0 1.48492424049175
2  482 103 149 0 1.48492424049175
0

0101000
+3317 153 -3322 153 *
Ed
 1.5e-07 1 1 0
1  481 0 0 1
2  483 103 0 0 1
2  484 104 0 0 1
0

0101000
+3977 152 -3317 152 *
Wi

0101000
+3976 69 +3320 0 -3316 148 -3315 0 *
Fa
0  1.5e-07 103 0

0101000
+3314 0 *
Ve
1.5e-07
-94.5 -40.8 14.7
0 0

0101101
*
Ed
 1.5e-07 1 1 0
1  482 0 0 1.48492424049175
2  485 104 149 0 1.48492424049175
0

0101000
+3312 153 -3317 153 *
Ed
 1.5e-07 1 1 0
1  483 0 0 1
2  486 104 0 0 1
2  487 105 0 0 1
0

0101000
+3975 152 -3312 152 *
Wi

0101000
+3974 69 +3315 0 -3311 148 -3310 0 *
Fa
0  1.5e-07 104 0

0101000
+3309 0 *
Ed
 1.5e-07 1 1 0
1  484 0 0 1.48492424049175
2  488 105 149 0 1.48492424049175
0

0101000
+3324 153 -3312 153 *
Wi

0101000
+3973 69 +3310 0 -3307 148 -3323 0 *
Fa
0  1.5e-07 105 0

0101000
+3306 0 *
Ve
1.5e-07
-77.7 -39.75 14.7
0 0

0101101
*
Ed
 1.5e-07 1 1 0
1  485 0 0 1
2  489 106 0 0 1
2  490 109 0 0 1
0

0101000
+3970 154 -3304 154 *
Ve
1.5e-07
-78.75 -38.7 14.7
0 0

0101101
*
Ed
 1.5e-07 1 1 0
1  486 0 0 1.48492424049175
2  491 106 149 0 1.48492424049175
0

0101000
+3302 155 -3304 155 *
Ed
 1.5e-07 1 1 0
1  487 0 0 1
2  492 106 0 0 1
2  493 107 0 0 1
0

0101000
+3971 154 -3302 154 *
Wi

0101000
+3969 69 +3303 0 -3301 148 -3300 0 *
Fa
0  1.5e-07 106 0

0101000
+3299 0 *
Ve
1.5e-07
-79.8 -39.75 14.7
0 0

0101101
*
Ed
 1.5e-07 1 1 0
1  488 0 0 1.48492424049175
2  494 107 149 0 1.48492424049175
0

0101000
+3297 155 -3302 155 *
Ed
 1.5e-07 1 1 0
1  489 0 0 1
2  495 107 0 0 1
2  496 108 0 0 1
0

0101000
+3968 154 -3297 154 *
Wi

0101000
+3967 69 +3300 0 -3296 148 -3295 0 *
Fa
0  1.5e-07 107 0

0101000
+3294 0 *
Ve
1.5e-07
-78.75 -40.8 14.7
0 0

0101101
*
Ed
 1.5e-07 1 1 0
1  490 0 0 1.48492424049175
2  497 108 149 0 1.48492424049175
0

0101000
+3292 155 -3297 155 *
Ed
 1.5e-07 1 1 0
1  491 0 0 1
2  498 108 0 0 1
2  499 109 0 0 1
0

0101000
+3966 154 -3292 154 *
Wi

0101000
+3965 69 +3295 0 -3291 148 -3290 0 *
Fa
0  1.5e-07 108 0

0101000
+3289 0 *
Ed
 1.5e-07 1 1 0
1  492 0 0 1.48492424049175
2  500 109 149 0 1.48492424049175
0

0101000
+3304 155 -3292 155 *
Wi

0101000
+3964 69 +3290 0 -3287 148 -3303 0 *
Fa
0  1.5e-07 109 0

0101000
+3286 0 *
Ve
1.5e-07
-61.95 -39.75 14.7
0 0

0101101
*
Ed
 1.5e-07 1 1 0
1  493 0 0 1
2  501 110 0 0 1
2  502 113 0 0 1
0

0101000
+3961 156 -3284 156 *
Ve
1.5e-07
-63 -38.7 14.7
0 0

0101101
*
Ed
 1.5e-07 1 1 0
1  494 0 0 1.48492424049175
2  503 110 149 0 1.48492424049175
0

0101000
+3282 157 -3284 157 *
Ed
 1.5e-07 1 1 0
1  495 0 0 1
2  504 110 0 0 1
2  505 111 0 0 1
0

0101000
+3962 156 -3282 156 *
Wi

0101000
+3960 69 +3283 0 -3281 148 -3280 0 *
Fa
0  1.5e-07 110 0

0101000
+3279 0 *
Ve
1.5e-07
-64.05 -39.75 14.7
0 0

0101101
*
Ed
 1.5e-07 1 1 0
1  496 0 0 1.48492424049175
2  506 111 149 0 1.48492424049175
0

0101000
+3277 157 -3282 157 *
Ed
 1.5e-07 1 1 0
1  497 0 0 1
2  507 111 0 0 1
2  508 112 0 0 1
0

0101000
+3959 156 -3277 156 *
Wi

0101000
+3958 69 +3280 0 -3276 148 -3275 0 *
Fa
0  1.5e-07 111 0

0101000
+3274 0 *
Ve
1.5e-07
-63 -40.8 14.7
0 0

0101101
*
Ed
 1.5e-07 1 1 0
1  498 0 0 1.48492424049175
2  509 112 149 0 1.48492424049175
0

0101000
+3272 157 -3277 157 *
Ed
 1.5e-07 1 1 0
1  499 0 0 1
2  510 112 0 0 1
2  511 113 0 0 1
0

0101000
+3957 156 -3272 156 *
Wi

0101000
+3956 69 +3275 0 -3271 148 -3270 0 *
Fa
0  1.5e-07 112 0

0101000
+3269 0 *
Ed
 1.5e-07 1 1 0
1  500 0 0 1.48492424049175
2  512 113 149 0 1.48492424049175
0

0101000
+3284 157 -3272 157 *
Wi

0101000
+3955 69 +3270 0 -3267 148 -3283 0 *
Fa
0  1.5e-07 113 0

0101000
+3266 0 *
Ve
1.5e-07
-46.2 -39.75 14.7
0 0

0101101
*
Ed
 1.5e-07 1 1 0
1  501 0 0 1
2  513 114 0 0 1
2  514 117 0 0 1
0

0101000
+3952 158 -3264 158 *
Ve
1.5e-07
-47.25 -38.7 14.7
0 0

0101101
*
Ed
 1.5e-07 1 1 0
1  502 0 0 1.48492424049175
2  515 114 149 0 1.48492424049175
0

0101000
+3262 159 -3264 159 *
Ed
 1.5e-07 1 1 0
1  503 0 0 1
2  516 114 0 0 1
2  517 115 0 0 1
0

0101000
+3953 158 -3262 158 *
Wi

0101000
+3951 69 +3263 0 -3261 148 -3260 0 *
Fa
0  1.5e-07 114 0

0101000
+3259 0 *
Ve
1.5e-07
-48.3 -39.75 14.7
0 0

0101101
*
Ed
 1.5e-07 1 1 0
1  504 0 0 1.48492424049175
2  518 115 149 0 1.48492424049175
0

0101000
+3257 159 -3262 159 *
Ed
 1.5e-07 1 1 0
1  505 0 0 1
2  519 115 0 0 1
2  520 116 0 0 1
0

0101000
+3950 158 -3257 158 *
Wi

0101000
+3949 69 +3260 0 -3256 148 -3255 0 *
Fa
0  1.5e-07 115 0

0101000
+3254 0 *
Ve
1.5e-07
-47.25 -40.8 14.7
0 0

0101101
*
Ed
 1.5e-07 1 1 0
1  506 0 0 1.48492424049175
2  521 116 149 0 1.48492424049175
0

0101000
+3252 159 -3257 159 *
Ed
 1.5e-07 1 1 0
1  507 0 0 1
2  522 116 0 0 1
2  523 117 0 0 1
0

0101000
+3948 158 -3252 158 *
Wi

0101000
+3947 69 +3255 0 -3251 148 -3250 0 *
Fa
0  1.5e-07 116 0

0101000
+3249 0 *
Ed
 1.5e-07 1 1 0
1  508 0 0 1.48492424049175
2  524 117 149 0 1.48492424049175
0

0101000
+3264 159 -3252 159 *
Wi

0101000
+3946 69 +3250 0 -3247 148 -3263 0 *
Fa
0  1.5e-07 117 0

0101000
+3246 0 *
Ve
1.5e-07
-30.45 -39.75 14.7
0 0

0101101
*
Ed
 1.5e-07 1 1 0
1  509 0 0 1
2  525 118 0 0 1
2  526 121 0 0 1
0

0101000
+3943 160 -3244 160 *
Ve
1.5e-07
-31.5 -38.7 14.7
0 0

0101101
*
Ed
 1.5e-07 1 1 0
1  510 0 0 1.48492424049175
2  527 118 149 0 1.48492424049175
0

0101000
+3242 161 -3244 161 *
Ed
 1.5e-07 1 1 0
1  511 0 0 1
2  528 118 0 0 1
2  529 119 0 0 1
0

0101000
+3944 160 -3242 160 *
Wi

0101000
+3942 69 +3243 0 -3241 148 -3240 0 *
Fa
0  1.5e-07 118 0

0101000
+3239 0 *
Ve
1.5e-07
-32.55 -39.75 14.7
0 0

0101101
*
Ed
 1.5e-07 1 1 0
1  512 0 0 1.48492424049175
2  530 119 149 0 1.48492424049175
0

0101000
+3237 161 -3242 161 *
Ed
 1.5e-07 1 1 0
1  513 0 0 1
2  531 119 0 0 1
2  532 120 0 0 1
0

0101000
+3941 160 -3237 160 *
Wi

0101000
+3940 69 +3240 0 -3236 148 -3235 0 *
Fa
0  1.5e-07 119 0

0101000
+3234 0 *
Ve
1.5e-07
-31.5 -40.8 14.7
0 0

0101101
*
Ed
 1.5e-07 1 1 0
1  514 0 0 1.48492424049175
2  533 120 149 0 1.48492424049175
0

0101000
+3232 161 -3237 161 *
Ed
 1.5e-07 1 1 0
1  515 0 0 1
2  534 120 0 0 1
2  535 121 0 0 1
0

0101000
+3939 160 -3232 160 *
Wi

0101000
+3938 69 +3235 0 -3231 148 -3230 0 *
Fa
0  1.5e-07 120 0

0101000
+3229 0 *
Ed
 1.5e-07 1 1 0
1  516 0 0 1.48492424049175
2  536 121 149 0 1.48492424049175
0

0101000
+3244 161 -3232 161 *
Wi

0101000
+3937 69 +3230 0 -3227 148 -3243 0 *
Fa
0  1.5e-07 121 0

0101000
+3226 0 *
Ve
1.5e-07
-14.7 -39.75 14.7
0 0

0101101
*
Ed
 1.5e-07 1 1 0
1  517 0 0 1
2  537 122 0 0 1
2  538 125 0 0 1
0

0101000
+3934 162 -3224 162 *
Ve
1.5e-07
-15.75 -38.7 14.7
0 0

0101101
*
Ed
 1.5e-07 1 1 0
1  518 0 0 1.48492424049175
2  539 122 149 0 1.48492424049175
0

0101000
+3222 163 -3224 163 *
Ed
 1.5e-07 1 1 0
1  519 0 0 1
2  540 122 0 0 1
2  541 123 0 0 1
0

0101000
+3935 162 -3222 162 *
Wi

0101000
+3933 69 +3223 0 -3221 148 -3220 0 *
Fa
0  1.5e-07 122 0

0101000
+3219 0 *
Ve
1.5e-07
-16.8 -39.75 14.7
0 0

0101101
*
Ed
 1.5e-07 1 1 0
1  520 0 0 1.48492424049175
2  542 123 149 0 1.48492424049175
0

0101000
+3217 163 -3222 163 *
Ed
 1.5e-07 1 1 0
1  521 0 0 1
2  543 123 0 0 1
2  544 124 0 0 1
0

0101000
+3932 162 -3217 162 *
Wi

0101000
+3931 69 +3220 0 -3216 148 -3215 0 *
Fa
0  1.5e-07 123 0

0101000
+3214 0 *
Ve
1.5e-07
-15.75 -40.8 14.7
0 0

0101101
*
Ed
 1.5e-07 1 1 0
1  522 0 0 1.48492424049175
2  545 124 149 0 1.48492424049175
0

0101000
+3212 163 -3217 163 *
Ed
 1.5e-07 1 1 0
1  523 0 0 1
2  546 124 0 0 1
2  547 125 0 0 1
0

0101000
+3930 162 -3212 162 *
Wi

0101000
+3929 69 +3215 0 -3211 148 -3210 0 *
Fa
0  1.5e-07 124 0

0101000
+3209 0 *
Ed
 1.5e-07 1 1 0
1  524 0 0 1.48492424049175
2  548 125 149 0 1.48492424049175
0

0101000
+3224 163 -3212 163 *
Wi

0101000
+3928 69 +3210 0 -3207 148 -3223 0 *
Fa
0  1.5e-07 125 0

0101000
+3206 0 *
Ve
1.5e-07
1.05 -39.75 14.7
0 0

0101101
*
Ed
 1.5e-07 1 1 0
1  525 0 0 1
2  549 126 0 0 1
2  550 129 0 0 1
0

0101000
+3925 164 -3204 164 *
Ve
1.5e-07
0 -38.7 14.7
0 0

0101101
*
Ed
 1.5e-07 1 1 0
1  526 0 0 1.48492424049175
2  551 126 149 0 1.48492424049175
0

0101000
+3202 165 -3204 165 *
Ed
 1.5e-07 1 1 0
1  527 0 0 1
2  552 126 0 0 1
2  553 127 0 0 1
0

0101000
+3926 164 -3202 164 *
Wi

0101000
+3924 69 +3203 0 -3201 148 -3200 0 *
Fa
0  1.5e-07 126 0

0101000
+3199 0 *
Ve
1.5e-07
-1.05 -39.75 14.7
0 0

0101101
*
Ed
 1.5e-07 1 1 0
1  528 0 0 1.48492424049175
2  554 127 149 0 1.48492424049175
0

0101000
+3197 165 -3202 165 *
Ed
 1.5e-07 1 1 0
1  529 0 0 1
2  555 127 0 0 1
2  556 128 0 0 1
0

0101000
+3923 164 -3197 164 *
Wi

0101000
+3922 69 +3200 0 -3196 148 -3195 0 *
Fa
0  1.5e-07 127 0

0101000
+3194 0 *
Ve
1.5e-07
0 -40.8 14.7
0 0

0101101
*
Ed
 1.5e-07 1 1 0
1  530 0 0 1.48492424049175
2  557 128 149 0 1.48492424049175
0

0101000
+3192 165 -3197 165 *
Ed
 1.5e-07 1 1 0
1  531 0 0 1
2  558 128 0 0 1
2  559 129 0 0 1
0

0101000
+3921 164 -3192 164 *
Wi

0101000
+3920 69 +3195 0 -3191 148 -3190 0 *
Fa
0  1.5e-07 128 0

0101000
+3189 0 *
Ed
 1.5e-07 1 1 0
1  532 0 0 1.48492424049175
2  560 129 149 0 1.48492424049175
0

0101000
+3204 165 -3192 165 *
Wi

0101000
+3919 69 +3190 0 -3187 148 -3203 0 *
Fa
0  1.5e-07 129 0

0101000
+3186 0 *
Ve
1.5e-07
16.8 -39.75 14.7
0 0

0101101
*
Ed
 1.5e-07 1 1 0
1  533 0 0 1
2  561 130 0 0 1
2  562 133 0 0 1
0

0101000
+3916 166 -3184 166 *
Ve
1.5e-07
15.75 -38.7 14.7
0 0

0101101
*
Ed
 1.5e-07 1 1 0
1  534 0 0 1.48492424049175
2  563 130 149 0 1.48492424049175
0

0101000
+3182 167 -3184 167 *
Ed
 1.5e-07 1 1 0
1  535 0 0 1
2  564 130 0 0 1
2  565 131 0 0 1
0

0101000
+3917 166 -3182 166 *
Wi

0101000
+3915 69 +3183 0 -3181 148 -3180 0 *
Fa
0  1.5e-07 130 0

0101000
+3179 0 *
Ve
1.5e-07
14.7 -39.75 14.7
0 0

0101101
*
Ed
 1.5e-07 1 1 0
1  536 0 0 1.48492424049175
2  566 131 149 0 1.48492424049175
0

0101000
+3177 167 -3182 167 *
Ed
 1.5e-07 1 1 0
1  537 0 0 1
2  567 131 0 0 1
2  568 132 0 0 1
0

0101000
+3914 166 -3177 166 *
Wi

0101000
+3913 69 +3180 0 -3176 148 -3175 0 *
Fa
0  1.5e-07 131 0

0101000
+3174 0 *
Ve
1.5e-07
15.75 -40.8 14.7
0 0

0101101
*
Ed
 1.5e-07 1 1 0
1  538 0 0 1.48492424049175
2  569 132 149 0 1.48492424049175
0

0101000
+3172 167 -3177 167 *
Ed
 1.5e-07 1 1 0
1  539 0 0 1
2  570 132 0 0 1
2  571 133 0 0 1
0

0101000
+3912 166 -3172 166 *
Wi

0101000
+3911 69 +3175 0 -3171 148 -3170 0 *
Fa
0  1.5e-07 132 0

0101000
+3169 0 *
Ed
 1.5e-07 1 1 0
1  540 0 0 1.48492424049175
2  572 133 149 0 1.48492424049175
0

0101000
+3184 167 -3172 167 *
Wi

0101000
+3910 69 +3170 0 -3167 148 -3183 0 *
Fa
0  1.5e-07 133 0

0101000
+3166 0 *
Ve
1.5e-07
32.55 -39.75 14.7
0 0

0101101
*
Ed
 1.5e-07 1 1 0
1  541 0 0 1
2  573 134 0 0 1
2  574 137 0 0 1
0

0101000
+3907 168 -3164 168 *
Ve
1.5e-07
31.5 -38.7 14.7
0 0

0101101
*
Ed
 1.5e-07 1 1 0
1  542 0 0 1.48492424049175
2  575 134 149 0 1.48492424049175
0

0101000
+3162 169 -3164 169 *
Ed
 1.5e-07 1 1 0
1  543 0 0 1
2  576 134 0 0 1
2  577 135 0 0 1
0

0101000
+3908 168 -3162 168 *
Wi

0101000
+3906 69 +3163 0 -3161 148 -3160 0 *
Fa
0  1.5e-07 134 0

0101000
+3159 0 *
Ve
1.5e-07
30.45 -39.75 14.7
0 0

0101101
*
Ed
 1.5e-07 1 1 0
1  544 0 0 1.48492424049175
2  578 135 149 0 1.48492424049175
0

0101000
+3157 169 -3162 169 *
Ed
 1.5e-07 1 1 0
1  545 0 0 1
2  579 135 0 0 1
2  580 136 0 0 1
0

0101000
+3905 168 -3157 168 *
Wi

0101000
+3904 69 +3160 0 -3156 148 -3155 0 *
Fa
0  1.5e-07 135 0

0101000
+3154 0 *
Ve
1.5e-07
31.5 -40.8 14.7
0 0

0101101
*
Ed
 1.5e-07 1 1 0
1  546 0 0 1.48492424049175
2  581 136 149 0 1.48492424049175
0

0101000
+3152 169 -3157 169 *
Ed
 1.5e-07 1 1 0
1  547 0 0 1
2  582 136 0 0 1
2  583 137 0 0 1
0

0101000
+3903 168 -3152 168 *
Wi

0101000
+3902 69 +3155 0 -3151 148 -3150 0 *
Fa
0  1.5e-07 136 0

0101000
+3149 0 *
Ed
 1.5e-07 1 1 0
1  548 0 0 1.48492424049175
2  584 137 149 0 1.48492424049175
0

0101000
+3164 169 -3152 169 *
Wi

0101000
+3901 69 +3150 0 -3147 148 -3163 0 *
Fa
0  1.5e-07 137 0

0101000
+3146 0 *
Ve
1.5e-07
48.3 -39.75 14.7
0 0

0101101
*
Ed
 1.5e-07 1 1 0
1  549 0 0 1
2  585 138 0 0 1
2  586 141 0 0 1
0

0101000
+3898 170 -3144 170 *
Ve
1.5e-07
47.25 -38.7 14.7
0 0

0101101
*
Ed
 1.5e-07 1 1 0
1  550 0 0 1.48492424049175
2  587 138 149 0 1.48492424049175
0

0101000
+3142 171 -3144 171 *
Ed
 1.5e-07 1 1 0
1  551 0 0 1
2  588 138 0 0 1
2  589 139 0 0 1
0

0101000
+3899 170 -3142 170 *
Wi

0101000
+3897 69 +3143 0 -3141 148 -3140 0 *
Fa
0  1.5e-07 138 0

0101000
+3139 0 *
Ve
1.5e-07
46.2 -39.75 14.7
0 0

0101101
*
Ed
 1.5e-07 1 1 0
1  552 0 0 1.48492424049175
2  590 139 149 0 1.48492424049175
0

0101000
+3137 171 -3142 171 *
Ed
 1.5e-07 1 1 0
1  553 0 0 1
2  591 139 0 0 1
2  592 140 0 0 1
0

0101000
+3896 170 -3137 170 *
Wi

0101000
+3895 69 +3140 0 -3136 148 -3135 0 *
Fa
0  1.5e-07 139 0

0101000
+3134 0 *
Ve
1.5e-07
47.25 -40.8 14.7
0 0

0101101
*
Ed
 1.5e-07 1 1 0
1  554 0 0 1.48492424049175
2  593 140 149 0 1.48492424049175
0

0101000
+3132 171 -3137 171 *
Ed
 1.5e-07 1 1 0
1  555 0 0 1
2  594 140 0 0 1
2  595 141 0 0 1
0

0101000
+3894 170 -3132 170 *
Wi

0101000
+3893 69 +3135 0 -3131 148 -3130 0 *
Fa
0  1.5e-07 140 0

0101000
+3129 0 *
Ed
 1.5e-07 1 1 0
1  556 0 0 1.48492424049175
2  596 141 149 0 1.48492424049175
0

0101000
+3144 171 -3132 171 *
Wi

0101000
+3892 69 +3130 0 -3127 148 -3143 0 *
Fa
0  1.5e-07 141 0

0101000
+3126 0 *
Ve
1.5e-07
64.05 -39.75 14.7
0 0

0101101
*
Ed
 1.5e-07 1 1 0
1  557 0 0 1
2  597 142 0 0 1
2  598 145 0 0 1
0

0101000
+3889 172 -3124 172 *
Ve
1.5e-07
63 -38.7 14.7
0 0

0101101
*
Ed
 1.5e-07 1 1 0
1  558 0 0 1.48492424049175
2  599 142 149 0 1.48492424049175
0

0101000
+3122 173 -3124 173 *
Ed
 1.5e-07 1 1 0
1  559 0 0 1
2  600 142 0 0 1
2  601 143 0 0 1
0

0101000
+3890 172 -3122 172 *
Wi

0101000
+3888 69 +3123 0 -3121 148 -3120 0 *
Fa
0  1.5e-07 142 0

0101000
+3119 0 *
Ve
1.5e-07
61.95 -39.75 14.7
0 0

0101101
*
Ed
 1.5e-07 1 1 0
1  560 0 0 1.48492424049175
2  602 143 149 0 1.48492424049175
0

0101000
+3117 173 -3122 173 *
Ed
 1.5e-07 1 1 0
1  561 0 0 1
2  603 143 0 0 1
2  604 144 0 0 1
0

0101000
+3887 172 -3117 172 *
Wi

0101000
+3886 69 +3120 0 -3116 148 -3115 0 *
Fa
0  1.5e-07 143 0

0101000
+3114 0 *
Ve
1.5e-07
63 -40.8 14.7
0 0

0101101
*
Ed
 1.5e-07 1 1 0
1  562 0 0 1.48492424049175
2  605 144 149 0 1.48492424049175
0

0101000
+3112 173 -3117 173 *
Ed
 1.5e-07 1 1 0
1  563 0 0 1
2  606 144 0 0 1
2  607 145 0 0 1
0

0101000
+3885 172 -3112 172 *
Wi

0101000
+3884 69 +3115 0 -3111 148 -3110 0 *
Fa
0  1.5e-07 144 0

0101000
+3109 0 *
Ed
 1.5e-07 1 1 0
1  564 0 0 1.48492424049175
2  608 145 149 0 1.48492424049175
0

0101000
+3124 173 -3112 173 *
Wi

0101000
+3883 69 +3110 0 -3107 148 -3123 0 *
Fa
0  1.5e-07 145 0

0101000
+3106 0 *
Ve
1.5e-07
79.8 -39.75 14.7
0 0

0101101
*
Ed
 1.5e-07 1 1 0
1  565 0 0 1
2  609 146 0 0 1
2  610 149 0 0 1
0

0101000
+3880 174 -3104 174 *
Ve
1.5e-07
78.75 -38.7 14.7
0 0

0101101
*
Ed
 1.5e-07 1 1 0
1  566 0 0 1.48492424049175
2  611 146 149 0 1.48492424049175
0

0101000
+3102 175 -3104 175 *
Ed
 1.5e-07 1 1 0
1  567 0 0 1
2  612 146 0 0 1
2  613 147 0 0 1
0

0101000
+3881 174 -3102 174 *
Wi

0101000
+3879 69 +3103 0 -3101 148 -3100 0 *
Fa
0  1.5e-07 146 0

0101000
+3099 0 *
Ve
1.5e-07
77.7 -39.75 14.7
0 0

0101101
*
Ed
 1.5e-07 1 1 0
1  568 0 0 1.48492424049175
2  614 147 149 0 1.48492424049175
0

0101000
+3097 175 -3102 175 *
Ed
 1.5e-07 1 1 0
1  569 0 0 1
2  615 147 0 0 1
2  616 148 0 0 1
0

0101000
+3878 174 -3097 174 *
Wi

0101000
+3877 69 +3100 0 -3096 148 -3095 0 *
Fa
0  1.5e-07 147 0

0101000
+3094 0 *
Ve
1.5e-07
78.75 -40.8 14.7
0 0

0101101
*
Ed
 1.5e-07 1 1 0
1  570 0 0 1.48492424049175
2  617 148 149 0 1.48492424049175
0

0101000
+3092 175 -3097 175 *
Ed
 1.5e-07 1 1 0
1  571 0 0 1
2  618 148 0 0 1
2  619 149 0 0 1
0

0101000
+3876 174 -3092 174 *
Wi

0101000
+3875 69 +3095 0 -3091 148 -3090 0 *
Fa
0  1.5e-07 148 0

0101000
+3089 0 *
Ed
 1.5e-07 1 1 0
1  572 0 0 1.48492424049175
2  620 149 149 0 1.48492424049175
0

0101000
+3104 175 -3092 175 *
Wi

0101000
+3874 69 +3090 0 -3087 148 -3103 0 *
Fa
0  1.5e-07 149 0

0101000
+3086 0 *
Ve
1.5e-07
95.55 -39.75 14.7
0 0

0101101
*
Ed
 1.5e-07 1 1 0
1  573 0 0 1
2  621 150 0 0 1
2  622 153 0 0 1
0

0101000
+3871 176 -3084 176 *
Ve
1.5e-07
94.5 -38.7 14.7
0 0

0101101
*
Ed
 1.5e-07 1 1 0
1  574 0 0 1.48492424049175
2  623 150 149 0 1.48492424049175
0

0101000
+3082 177 -3084 177 *
Ed
 1.5e-07 1 1 0
1  575 0 0 1
2  624 150 0 0 1
2  625 151 0 0 1
0

0101000
+3872 176 -3082 176 *
Wi

0101000
+3870 69 +3083 0 -3081 148 -3080 0 *
Fa
0  1.5e-07 150 0

0101000
+3079 0 *
Ve
1.5e-07
93.45 -39.75 14.7
0 0

0101101
*
Ed
 1.5e-07 1 1 0
1  576 0 0 1.48492424049175
2  626 151 149 0 1.48492424049175
0

0101000
+3077 177 -3082 177 *
Ed
 1.5e-07 1 1 0
1  577 0 0 1
2  627 151 0 0 1
2  628 152 0 0 1
0

0101000
+3869 176 -3077 176 *
Wi

0101000
+3868 69 +3080 0 -3076 148 -3075 0 *
Fa
0  1.5e-07 151 0

0101000
+3074 0 *
Ve
1.5e-07
94.5 -40.8 14.7
0 0

0101101
*
Ed
 1.5e-07 1 1 0
1  578 0 0 1.48492424049175
2  629 152 149 0 1.48492424049175
0

0101000
+3072 177 -3077 177 *
Ed
 1.5e-07 1 1 0
1  579 0 0 1
2  630 152 0 0 1
2  631 153 0 0 1
0

0101000
+3867 176 -3072 176 *
Wi

0101000
+3866 69 +3075 0 -3071 148 -3070 0 *
Fa
0  1.5e-07 152 0

0101000
+3069 0 *
Ed
 1.5e-07 1 1 0
1  580 0 0 1.48492424049175
2  632 153 149 0 1.48492424049175
0

0101000
+3084 177 -3072 177 *
Wi

0101000
+3865 69 +3070 0 -3067 148 -3083 0 *
Fa
0  1.5e-07 153 0

0101000
+3066 0 *
Ve
1.5e-07
111.3 -39.75 14.7
0 0

0101101
*
Ed
 1.5e-07 1 1 0
1  581 0 0 1
2  633 154 0 0 1
2  634 157 0 0 1
0

0101000
+3862 178 -3064 178 *
Ve
1.5e-07
110.25 -38.7 14.7
0 0

0101101
*
Ed
 1.5e-07 1 1 0
1  582 0 0 1.48492424049175
2  635 154 149 0 1.48492424049175
0

0101000
+3062 179 -3064 179 *
Ed
 1.5e-07 1 1 0
1  583 0 0 1
2  636 154 0 0 1
2  637 155 0 0 1
0

0101000
+3863 178 -3062 178 *
Wi

0101000
+3861 69 +3063 0 -3061 148 -3060 0 *
Fa
0  1.5e-07 154 0

0101000
+3059 0 *
Ve
1.5e-07
109.2 -39.75 14.7
0 0

0101101
*
Ed
 1.5e-07 1 1 0
1  584 0 0 1.48492424049175
2  638 155 149 0 1.48492424049175
0

0101000
+3057 179 -3062 179 *
Ed
 1.5e-07 1 1 0
1  585 0 0 1
2  639 155 0 0 1
2  640 156 0 0 1
0

0101000
+3860 178 -3057 178 *
Wi

0101000
+3859 69 +3060 0 -3056 148 -3055 0 *
Fa
0  1.5e-07 155 0

0101000
+3054 0 *
Ve
1.5e-07
110.25 -40.8 14.7
0 0

0101101
*
Ed
 1.5e-07 1 1 0
1  586 0 0 1.48492424049175
2  641 156 149 0 1.48492424049175
0

0101000
+3052 179 -3057 179 *
Ed
 1.5e-07 1 1 0
1  587 0 0 1
2  642 156 0 0 1
2  643 157 0 0 1
0

0101000
+3858 178 -3052 178 *
Wi

0101000
+3857 69 +3055 0 -3051 148 -3050 0 *
Fa
0  1.5e-07 156 0

0101000
+3049 0 *
Ed
 1.5e-07 1 1 0
1  588 0 0 1.48492424049175
2  644 157 149 0 1.48492424049175
0

0101000
+3064 179 -3052 179 *
Wi

0101000
+3856 69 +3050 0 -3047 148 -3063 0 *
Fa
0  1.5e-07 157 0

0101000
+3046 0 *
Ve
1.5e-07
127.05 -39.75 14.7
0 0

0101101
*
Ed
 1.5e-07 1 1 0
1  589 0 0 1
2  645 158 0 0 1
2  646 161 0 0 1
0

0101000
+3853 180 -3044 180 *
Ve
1.5e-07
126 -38.7 14.7
0 0

0101101
*
Ed
 1.5e-07 1 1 0
1  590 0 0 1.48492424049175
2  647 158 149 0 1.48492424049175
0

0101000
+3042 181 -3044 181 *
Ed
 1.5e-07 1 1 0
1  591 0 0 1
2  648 158 0 0 1
2  649 159 0 0 1
0

0101000
+3854 180 -3042 180 *
Wi

0101000
+3852 69 +3043 0 -3041 148 -3040 0 *
Fa
0  1.5e-07 158 0

0101000
+3039 0 *
Ve
1.5e-07
124.95 -39.75 14.7
0 0

0101101
*
Ed
 1.5e-07 1 1 0
1  592 0 0 1.48492424049175
2  650 159 149 0 1.48492424049175
0

0101000
+3037 181 -3042 181 *
Ed
 1.5e-07 1 1 0
1  593 0 0 1
2  651 159 0 0 1
2  652 160 0 0 1
0

0101000
+3851 180 -3037 180 *
Wi

0101000
+3850 69 +3040 0 -3036 148 -3035 0 *
Fa
0  1.5e-07 159 0

0101000
+3034 0 *
Ve
1.5e-07
126 -40.8 14.7
0 0

0101101
*
Ed
 1.5e-07 1 1 0
1  594 0 0 1.48492424049175
2  653 160 149 0 1.48492424049175
0

0101000
+3032 181 -3037 181 *
Ed
 1.5e-07 1 1 0
1  595 0 0 1
2  654 160 0 0 1
2  655 161 0 0 1
0

0101000
+3849 180 -3032 180 *
Wi

0101000
+3848 69 +3035 0 -3031 148 -3030 0 *
Fa
0  1.5e-07 160 0

0101000
+3029 0 *
Ed
 1.5e-07 1 1 0
1  596 0 0 1.48492424049175
2  656 161 149 0 1.48492424049175
0

0101000
+3044 181 -3032 181 *
Wi

0101000
+3847 69 +3030 0 -3027 148 -3043 0 *
Fa
0  1.5e-07 161 0

0101000
+3026 0 *
Ve
1.5e-07
-126 40.8 14.7
0 0

0101101
*
Ed
 1.5e-07 1 1 0
1  597 0 0 1
2  657 162 0 0 1
2  658 164 0 0 1
0

0101000
+3844 0 -3024 0 *
Ve
1.5e-07
-124.95 39.75 14.7
0 0

0101101
*
Ed
 1.5e-07 1 1 0
1  598 0 0 1.48492424049175
2  659 162 149 0 1.48492424049175
0

0101000
+3022 149 -3024 149 *
Ed
 1.5e-07 1 1 0
1  599 0 0 1
2  660 162 0 0 1
2  661 163 0 0 1
0

0101000
+3845 0 -3022 0 *
Wi

0101000
+3843 69 +3023 0 -3021 148 -3020 0 *
Fa
0  1.5e-07 162 0

0101000
+3019 0 *
Ve
1.5e-07
-126 38.7 14.7
0 0

0101101
*
Ed
 1.5e-07 1 1 0
1  600 0 0 1.48492424049175
2  662 163 149 0 1.48492424049175
0

0101000
+3017 149 -3022 149 *
Ed
 1.5e-07 1 1 0
1  601 0 0 1
2  663 163 0 0 1
2  664 165 0 0 1
0

0101000
+3842 0 -3017 0 *
Wi

0101000
+3841 69 +3020 0 -3016 148 -3015 0 *
Fa
0  1.5e-07 163 0

0101000
+3014 0 *
Ve
1.5e-07
-127.05 39.75 14.7
0 0

0101101
*
Ed
 1.5e-07 1 1 0
1  602 0 0 1
2  665 164 0 0 1
2  666 165 0 0 1
0

0101000
+3840 0 -3012 0 *
Ed
 1.5e-07 1 1 0
1  603 0 0 1.48492424049175
2  667 164 149 0 1.48492424049175
0

0101000
+3024 149 -3012 149 *
Wi

0101000
+3839 69 +3011 0 -3010 148 -3023 0 *
Fa
0  1.5e-07 164 0

0101000
+3009 0 *
Ed
 1.5e-07 1 1 0
1  604 0 0 1.48492424049175
2  668 165 149 0 1.48492424049175
0

0101000
+3012 149 -3017 149 *
Wi

0101000
+3838 69 +3015 0 -3007 148 -3011 0 *
Fa
0  1.5e-07 165 0

0101000
+3006 0 *
Ve
1.5e-07
-110.25 40.8 14.7
0 0

0101101
*
Ed
 1.5e-07 1 1 0
1  605 0 0 1
2  669 166 0 0 1
2  670 168 0 0 1
0

0101000
+3835 150 -3004 150 *
Ve
1.5e-07
-109.2 39.75 14.7
0 0

0101101
*
Ed
 1.5e-07 1 1 0
1  606 0 0 1.48492424049175
2  671 166 149 0 1.48492424049175
0

0101000
+3002 151 -3004 151 *
Ed
 1.5e-07 1 1 0
1  607 0 0 1
2  672 166 0 0 1
2  673 167 0 0 1
0

0101000
+3836 150 -3002 150 *
Wi

0101000
+3834 69 +3003 0 -3001 148 -3000 0 *
Fa
0  1.5e-07 166 0

0101000
+2999 0 *
Ve
1.5e-07
-110.25 38.7 14.7
0 0

0101101
*
Ed
 1.5e-07 1 1 0
1  608 0 0 1.48492424049175
2  674 167 149 0 1.48492424049175
0

0101000
+2997 151 -3002 151 *
Ed
 1.5e-07 1 1 0
1  609 0 0 1
2  675 167 0 0 1
2  676 169 0 0 1
0

0101000
+3833 150 -2997 150 *
Wi

0101000
+3832 69 +3000 0 -2996 148 -2995 0 *
Fa
0  1.5e-07 167 0

0101000
+2994 0 *
Ve
1.5e-07
-111.3 39.75 14.7
0 0

0101101
*
Ed
 1.5e-07 1 1 0
1  610 0 0 1
2  677 168 0 0 1
2  678 169 0 0 1
0

0101000
+3831 150 -2992 150 *
Ed
 1.5e-07 1 1 0
1  611 0 0 1.48492424049175
2  679 168 149 0 1.48492424049175
0

0101000
+3004 151 -2992 151 *
Wi

0101000
+3830 69 +2991 0 -2990 148 -3003 0 *
Fa
0  1.5e-07 168 0

0101000
+2989 0 *
Ed
 1.5e-07 1 1 0
1  612 0 0 1.48492424049175
2  680 169 149 0 1.48492424049175
0

0101000
+2992 151 -2997 151 *
Wi

0101000
+3829 69 +2995 0 -2987 148 -2991 0 *
Fa
0  1.5e-07 169 0

0101000
+2986 0 *
Ve
1.5e-07
-94.5 40.8 14.7
0 0

0101101
*
Ed
 1.5e-07 1 1 0
1  613 0 0 1
2  681 170 0 0 1
2  682 172 0 0 1
0

0101000
+3826 152 -2984 152 *
Ve
1.5e-07
-93.45 39.75 14.7
0 0

0101101
*
Ed
 1.5e-07 1 1 0
1  614 0 0 1.48492424049175
2  683 170 149 0 1.48492424049175
0

0101000
+2982 153 -2984 153 *
Ed
 1.5e-07 1 1 0
1  615 0 0 1
2  684 170 0 0 1
2  685 171 0 0 1
0

0101000
+3827 152 -2982 152 *
Wi

0101000
+3825 69 +2983 0 -2981 148 -2980 0 *
Fa
0  1.5e-07 170 0

0101000
+2979 0 *
Ve
1.5e-07
-94.5 38.7 14.7
0 0

0101101
*
Ed
 1.5e-07 1 1 0
1  616 0 0 1.48492424049175
2  686 171 149 0 1.48492424049175
0

0101000
+2977 153 -2982 153 *
Ed
 1.5e-07 1 1 0
1  617 0 0 1
2  687 171 0 0 1
2  688 173 0 0 1
0

0101000
+3824 152 -2977 152 *
Wi

0101000
+3823 69 +2980 0 -2976 148 -2975 0 *
Fa
0  1.5e-07 171 0

0101000
+2974 0 *
Ve
1.5e-07
-95.55 39.75 14.7
0 0

0101101
*
Ed
 1.5e-07 1 1 0
1  618 0 0 1
2  689 172 0 0 1
2  690 173 0 0 1
0

0101000
+3822 152 -2972 152 *
Ed
 1.5e-07 1 1 0
1  619 0 0 1.48492424049175
2  691 172 149 0 1.48492424049175
0

0101000
+2984 153 -2972 153 *
Wi

0101000
+3821 69 +2971 0 -2970 148 -2983 0 *
Fa
0  1.5e-07 172 0

0101000
+2969 0 *
Ed
 1.5e-07 1 1 0
1  620 0 0 1.48492424049175
2  692 173 149 0 1.48492424049175
0

0101000
+2972 153 -2977 153 *
Wi

0101000
+3820 69 +2975 0 -2967 148 -2971 0 *
Fa
0  1.5e-07 173 0

0101000
+2966 0 *
Ve
1.5e-07
-78.75 40.8 14.7
0 0

0101101
*
Ed
 1.5e-07 1 1 0
1  621 0 0 1
2  693 174 0 0 1
2  694 176 0 0 1
0

0101000
+3817 154 -2964 154 *
Ve
1.5e-07
-77.7 39.75 14.7
0 0

0101101
*
Ed
 1.5e-07 1 1 0
1  622 0 0 1.48492424049175
2  695 174 149 0 1.48492424049175
0

0101000
+2962 155 -2964 155 *
Ed
 1.5e-07 1 1 0
1  623 0 0 1
2  696 174 0 0 1
2  697 175 0 0 1
0

0101000
+3818 154 -2962 154 *
Wi

0101000
+3816 69 +2963 0 -2961 148 -2960 0 *
Fa
0  1.5e-07 174 0

0101000
+2959 0 *
Ve
1.5e-07
-78.75 38.7 14.7
0 0

0101101
*
Ed
 1.5e-07 1 1 0
1  624 0 0 1.48492424049175
2  698 175 149 0 1.48492424049175
0

0101000
+2957 155 -2962 155 *
Ed
 1.5e-07 1 1 0
1  625 0 0 1
2  699 175 0 0 1
2  700 177 0 0 1
0

0101000
+3815 154 -2957 154 *
Wi

0101000
+3814 69 +2960 0 -2956 148 -2955 0 *
Fa
0  1.5e-07 175 0

0101000
+2954 0 *
Ve
1.5e-07
-79.8 39.75 14.7
0 0

0101101
*
Ed
 1.5e-07 1 1 0
1  626 0 0 1
2  701 176 0 0 1
2  702 177 0 0 1
0

0101000
+3813 154 -2952 154 *
Ed
 1.5e-07 1 1 0
1  627 0 0 1.48492424049175
2  703 176 149 0 1.48492424049175
0

0101000
+2964 155 -2952 155 *
Wi

0101000
+3812 69 +2951 0 -2950 148 -2963 0 *
Fa
0  1.5e-07 176 0

0101000
+2949 0 *
Ed
 1.5e-07 1 1 0
1  628 0 0 1.48492424049175
2  704 177 149 0 1.48492424049175
0

0101000
+2952 155 -2957 155 *
Wi

0101000
+3811 69 +2955 0 -2947 148 -2951 0 *
Fa
0  1.5e-07 177 0

0101000
+2946 0 *
Ve
1.5e-07
-63 40.8 14.7
0 0

0101101
*
Ed
 1.5e-07 1 1 0
1  629 0 0 1
2  705 178 0 0 1
2  706 180 0 0 1
0

0101000
+3808 156 -2944 156 *
Ve
1.5e-07
-61.95 39.75 14.7
0 0

0101101
*
Ed
 1.5e-07 1 1 0
1  630 0 0 1.48492424049175
2  707 178 149 0 1.48492424049175
0

0101000
+2942 157 -2944 157 *
Ed
 1.5e-07 1 1 0
1  631 0 0 1
2  708 178 0 0 1
2  709 179 0 0 1
0

0101000
+3809 156 -2942 156 *
Wi

0101000
+3807 69 +2943 0 -2941 148 -2940 0 *
Fa
0  1.5e-07 178 0

0101000
+2939 0 *
Ve
1.5e-07
-63 38.7 14.7
0 0

0101101
*
Ed
 1.5e-07 1 1 0
1  632 0 0 1.48492424049175
2  710 179 149 0 1.48492424049175
0

0101000
+2937 157 -2942 157 *
Ed
 1.5e-07 1 1 0
1  633 0 0 1
2  711 179 0 0 1
2  712 181 0 0 1
0

0101000
+3806 156 -2937 156 *
Wi

0101000
+3805 69 +2940 0 -2936 148 -2935 0 *
Fa
0  1.5e-07 179 0

0101000
+2934 0 *
Ve
1.5e-07
-64.05 39.75 14.7
0 0

0101101
*
Ed
 1.5e-07 1 1 0
1  634 0 0 1
2  713 180 0 0 1
2  714 181 0 0 1
0

0101000
+3804 156 -2932 156 *
Ed
 1.5e-07 1 1 0
1  635 0 0 1.48492424049175
2  715 180 149 0 1.48492424049175
0

0101000
+2944 157 -2932 157 *
Wi

0101000
+3803 69 +2931 0 -2930 148 -2943 0 *
Fa
0  1.5e-07 180 0

0101000
+2929 0 *
Ed
 1.5e-07 1 1 0
1  636 0 0 1.48492424049175
2  716 181 149 0 1.48492424049175
0

0101000
+2932 157 -2937 157 *
Wi

0101000
+3802 69 +2935 0 -2927 148 -2931 0 *
Fa
0  1.5e-07 181 0

0101000
+2926 0 *
Ve
1.5e-07
-47.25 40.8 14.7
0 0

0101101
*
Ed
 1.5e-07 1 1 0
1  637 0 0 1
2  717 182 0 0 1
2  718 184 0 0 1
0

0101000
+3799 158 -2924 158 *
Ve
1.5e-07
-46.2 39.75 14.7
0 0

0101101
*
Ed
 1.5e-07 1 1 0
1  638 0 0 1.48492424049175
2  719 182 149 0 1.48492424049175
0

0101000
+2922 159 -2924 159 *
Ed
 1.5e-07 1 1 0
1  639 0 0 1
2  720 182 0 0 1
2  721 183 0 0 1
0

0101000
+3800 158 -2922 158 *
Wi

0101000
+3798 69 +2923 0 -2921 148 -2920 0 *
Fa
0  1.5e-07 182 0

0101000
+2919 0 *
Ve
1.5e-07
-47.25 38.7 14.7
0 0

0101101
*
Ed
 1.5e-07 1 1 0
1  640 0 0 1.48492424049175
2  722 183 149 0 1.48492424049175
0

0101000
+2917 159 -2922 159 *
Ed
 1.5e-07 1 1 0
1  641 0 0 1
2  723 183 0 0 1
2  724 185 0 0 1
0

0101000
+3797 158 -2917 158 *
Wi

0101000
+3796 69 +2920 0 -2916 148 -2915 0 *
Fa
0  1.5e-07 183 0

0101000
+2914 0 *
Ve
1.5e-07
-48.3 39.75 14.7
0 0

0101101
*
Ed
 1.5e-07 1 1 0
1  642 0 0 1
2  725 184 0 0 1
2  726 185 0 0 1
0

0101000
+3795 158 -2912 158 *
Ed
 1.5e-07 1 1 0
1  643 0 0 1.48492424049175
2  727 184 149 0 1.48492424049175
0

0101000
+2924 159 -2912 159 *
Wi

0101000
+3794 69 +2911 0 -2910 148 -2923 0 *
Fa
0  1.5e-07 184 0

0101000
+2909 0 *
Ed
 1.5e-07 1 1 0
1  644 0 0 1.48492424049175
2  728 185 149 0 1.48492424049175
0

0101000
+2912 159 -2917 159 *
Wi

0101000
+3793 69 +2915 0 -2907 148 -2911 0 *
Fa
0  1.5e-07 185 0

0101000
+2906 0 *
Ve
1.5e-07
-31.5 40.8 14.7
0 0

0101101
*
Ed
 1.5e-07 1 1 0
1  645 0 0 1
2  729 186 0 0 1
2  730 188 0 0 1
0

0101000
+3790 160 -2904 160 *
Ve
1.5e-07
-30.45 39.75 14.7
0 0

0101101
*
Ed
 1.5e-07 1 1 0
1  646 0 0 1.48492424049175
2  731 186 149 0 1.48492424049175
0

0101000
+2902 161 -2904 161 *
Ed
 1.5e-07 1 1 0
1  647 0 0 1
2  732 186 0 0 1
2  733 187 0 0 1
0

0101000
+3791 160 -2902 160 *
Wi

0101000
+3789 69 +2903 0 -2901 148 -2900 0 *
Fa
0  1.5e-07 186 0

0101000
+2899 0 *
Ve
1.5e-07
-31.5 38.7 14.7
0 0

0101101
*
Ed
 1.5e-07 1 1 0
1  648 0 0 1.48492424049175
2  734 187 149 0 1.48492424049175
0

0101000
+2897 161 -2902 161 *
Ed
 1.5e-07 1 1 0
1  649 0 0 1
2  735 187 0 0 1
2  736 189 0 0 1
0

0101000
+3788 160 -2897 160 *
Wi

0101000
+3787 69 +2900 0 -2896 148 -2895 0 *
Fa
0  1.5e-07 187 0

0101000
+2894 0 *
Ve
1.5e-07
-32.55 39.75 14.7
0 0

0101101
*
Ed
 1.5e-07 1 1 0
1  650 0 0 1
2  737 188 0 0 1
2  738 189 0 0 1
0

0101000
+3786 160 -2892 160 *
Ed
 1.5e-07 1 1 0
1  651 0 0 1.48492424049175
2  739 188 149 0 1.48492424049175
0

0101000
+2904 161 -2892 161 *
Wi

0101000
+3785 69 +2891 0 -2890 148 -2903 0 *
Fa
0  1.5e-07 188 0

0101000
+2889 0 *
Ed
 1.5e-07 1 1 0
1  652 0 0 1.48492424049175
2  740 189 149 0 1.48492424049175
0

0101000
+2892 161 -2897 161 *
Wi

0101000
+3784 69 +2895 0 -2887 148 -2891 0 *
Fa
0  1.5e-07 189 0

0101000
+2886 0 *
Ve
1.5e-07
-15.75 40.8 14.7
0 0

0101101
*
Ed
 1.5e-07 1 1 0
1  653 0 0 1
2  741 190 0 0 1
2  742 192 0 0 1
0

0101000
+3781 162 -2884 162 *
Ve
1.5e-07
-14.7 39.75 14.7
0 0

0101101
*
Ed
 1.5e-07 1 1 0
1  654 0 0 1.48492424049175
2  743 190 149 0 1.48492424049175
0

0101000
+2882 163 -2884 163 *
Ed
 1.5e-07 1 1 0
1  655 0 0 1
2  744 190 0 0 1
2  745 191 0 0 1
0

0101000
+3782 162 -2882 162 *
Wi

0101000
+3780 69 +2883 0 -2881 148 -2880 0 *
Fa
0  1.5e-07 190 0

0101000
+2879 0 *
Ve
1.5e-07
-15.75 38.7 14.7
0 0

0101101
*
Ed
 1.5e-07 1 1 0
1  656 0 0 1.48492424049175
2  746 191 149 0 1.48492424049175
0

0101000
+2877 163 -2882 163 *
Ed
 1.5e-07 1 1 0
1  657 0 0 1
2  747 191 0 0 1
2  748 193 0 0 1
0

0101000
+3779 162 -2877 162 *
Wi

0101000
+3778 69 +2880 0 -2876 148 -2875 0 *
Fa
0  1.5e-07 191 0

0101000
+2874 0 *
Ve
1.5e-07
-16.8 39.75 14.7
0 0

0101101
*
Ed
 1.5e-07 1 1 0
1  658 0 0 1
2  749 192 0 0 1
2  750 193 0 0 1
0

0101000
+3777 162 -2872 162 *
Ed
 1.5e-07 1 1 0
1  659 0 0 1.48492424049175
2  751 192 149 0 1.48492424049175
0

0101000
+2884 163 -2872 163 *
Wi

0101000
+3776 69 +2871 0 -2870 148 -2883 0 *
Fa
0  1.5e-07 192 0

0101000
+2869 0 *
Ed
 1.5e-07 1 1 0
1  660 0 0 1.48492424049175
2  752 193 149 0 1.48492424049175
0

0101000
+2872 163 -2877 163 *
Wi

0101000
+3775 69 +2875 0 -2867 148 -2871 0 *
Fa
0  1.5e-07 193 0

0101000
+2866 0 *
Ve
1.5e-07
132 -18 13.95
0 0

0101101
*
Ed
 1.5e-07 1 1 0
1  661 0 0 1.95
2  753 194 0 0 1.95
4 G1 276 0 194 0
0

0101000
+3773 0 -2864 0 *
Ve
1.5e-07
132 18 13.95
0 0

0101101
*
Ed
 1.5e-07 1 1 0
1  662 0 0 1.95
2  754 195 0 0 1.95
4 G1 276 0 195 0
0

0101000
+3772 0 -2862 0 *
Ed
 1.5e-07 1 1 0
1  663 0 0 36
0

0101000
+2864 184 -2862 184 *
Wi

0101100
+2863 0 -2861 0 -3771 122 +2860 183 *
Fa
0  1.5e-07 276 0

0101000
+2859 0 *
Ve
1.5e-07
120 -30 13.95
0 0

0101101
*
Ed
 1.5e-07 1 1 0
1  664 0 0 1.95
2  755 194 0 0 1.95
4 G1 194 0 277 0
0

0101000
+3770 0 -2857 0 *
Ed
 1.5e-07 1 1 0
1  665 0 0 1.57092073103216
2  756 194 184 0 1.57092073103216
0

0101000
+2857 184 -2864 184 *
Wi

0101100
+2856 0 -2863 0 -3769 122 +2855 183 *
Fa
0  1.5e-07 194 0

0101000
+2854 0 *
Ve
1.5e-07
120 30 13.95
0 0

0101101
*
Ed
 1.5e-07 1 1 0
1  666 0 0 1.95
2  757 195 0 0 1.95
4 G1 195 0 278 0
0

0101000
+3768 0 -2852 0 *
Ed
 1.5e-07 1 1 0
1  667 0 0 1.57092073103216
2  758 195 184 0 1.57092073103216
0

0101000
+2862 184 -2852 184 *
Wi

0101100
+2861 0 -2851 0 -3767 122 +2850 183 *
Fa
0  1.5e-07 195 0

0101000
+2849 0 *
Ve
1.5e-07
-120 -30 13.95
0 0

0101101
*
Ed
 1.5e-07 1 1 0
1  668 0 0 1.95
2  759 196 0 0 1.95
4 G1 277 0 196 0
0

0101000
+3766 0 -2847 0 *
Ed
 1.5e-07 1 1 0
1  669 0 0 240
0

0101000
+2847 184 -2857 184 *
Wi

0101100
+2846 0 -2856 0 -3765 122 +2845 183 *
Fa
0  1.5e-07 277 0

0101000
+2844 0 *
Ve
1.5e-07
-120 30 13.95
0 0

0101101
*
Ed
 1.5e-07 1 1 0
1  670 0 0 1.95
2  760 197 0 0 1.95
4 G1 278 0 197 0
0

0101000
+3764 0 -2842 0 *
Ed
 1.5e-07 1 1 0
1  671 0 0 240
0

0101000
+2852 184 -2842 184 *
Wi

0101100
+2851 0 -2841 0 -3763 122 +2840 183 *
Fa
0  1.5e-07 278 0

0101000
+2839 0 *
Ve
1.5e-07
-132 -18 13.95
0 0

0101101
*
Ed
 1.5e-07 1 1 0
1  672 0 0 1.95
2  761 196 0 0 1.95
4 G1 196 0 279 0
0

0101000
+3762 0 -2837 0 *
Ed
 1.5e-07 1 1 0
1  673 0 0 1.57092073103216
2  762 196 184 0 1.57092073103216
0

0101000
+2837 184 -2847 184 *
Wi

0101100
+2836 0 -2846 0 -3761 122 +2835 183 *
Fa
0  1.5e-07 196 0

0101000
+2834 0 *
Ve
1.5e-07
-132 18 13.95
0 0

0101101
*
Ed
 1.5e-07 1 1 0
1  674 0 0 1.95
2  763 197 0 0 1.95
4 G1 197 0 279 0
0

0101000
+3760 0 -2832 0 *
Ed
 1.5e-07 1 1 0
1  675 0 0 1.57092073103216
2  764 197 184 0 1.57092073103216
0

0101000
+2842 184 -2832 184 *
Wi

0101100
+2841 0 -2831 0 -3759 122 +2830 183 *
Fa
0  1.5e-07 197 0

0101000
+2829 0 *
Ed
 1.5e-07 1 1 0
1  676 0 0 36
0

0101000
+2832 184 -2837 184 *
Wi

0101100
+2831 0 -2836 0 -3758 122 +2827 183 *
Fa
0  1.5e-07 279 0

0101000
+2826 0 *
Ve
1.5e-07
0 40.8 14.7
0 0

0101101
*
Ed
 1.5e-07 1 1 0
1  677 0 0 1
2  765 198 0 0 1
2  766 200 0 0 1
0

0101000
+3755 164 -2824 164 *
Ve
1.5e-07
1.05 39.75 14.7
0 0

0101101
*
Ed
 1.5e-07 1 1 0
1  678 0 0 1.48492424049175
2  767 198 149 0 1.48492424049175
0

0101000
+2822 165 -2824 165 *
Ed
 1.5e-07 1 1 0
1  679 0 0 1
2  768 198 0 0 1
2  769 199 0 0 1
0

0101000
+3756 164 -2822 164 *
Wi

0101000
+3754 69 +2823 0 -2821 148 -2820 0 *
Fa
0  1.5e-07 198 0

0101000
+2819 0 *
Ve
1.5e-07
0 38.7 14.7
0 0

0101101
*
Ed
 1.5e-07 1 1 0
1  680 0 0 1.48492424049175
2  770 199 149 0 1.48492424049175
0

0101000
+2817 165 -2822 165 *
Ed
 1.5e-07 1 1 0
1  681 0 0 1
2  771 199 0 0 1
2  772 201 0 0 1
0

0101000
+3753 164 -2817 164 *
Wi

0101000
+3752 69 +2820 0 -2816 148 -2815 0 *
Fa
0  1.5e-07 199 0

0101000
+2814 0 *
Ve
1.5e-07
-1.05 39.75 14.7
0 0

0101101
*
Ed
 1.5e-07 1 1 0
1  682 0 0 1
2  773 200 0 0 1
2  774 201 0 0 1
0

0101000
+3751 164 -2812 164 *
Ed
 1.5e-07 1 1 0
1  683 0 0 1.48492424049175
2  775 200 149 0 1.48492424049175
0

0101000
+2824 165 -2812 165 *
Wi

0101000
+3750 69 +2811 0 -2810 148 -2823 0 *
Fa
0  1.5e-07 200 0

0101000
+2809 0 *
Ed
 1.5e-07 1 1 0
1  684 0 0 1.48492424049175
2  776 201 149 0 1.48492424049175
0

0101000
+2812 165 -2817 165 *
Wi

0101000
+3749 69 +2815 0 -2807 148 -2811 0 *
Fa
0  1.5e-07 201 0

0101000
+2806 0 *
Ve
1.5e-07
15.75 40.8 14.7
0 0

0101101
*
Ed
 1.5e-07 1 1 0
1  685 0 0 1
2  777 202 0 0 1
2  778 204 0 0 1
0

0101000
+3746 166 -2804 166 *
Ve
1.5e-07
16.8 39.75 14.7
0 0

0101101
*
Ed
 1.5e-07 1 1 0
1  686 0 0 1.48492424049175
2  779 202 149 0 1.48492424049175
0

0101000
+2802 167 -2804 167 *
Ed
 1.5e-07 1 1 0
1  687 0 0 1
2  780 202 0 0 1
2  781 203 0 0 1
0

0101000
+3747 166 -2802 166 *
Wi

0101000
+3745 69 +2803 0 -2801 148 -2800 0 *
Fa
0  1.5e-07 202 0

0101000
+2799 0 *
Ve
1.5e-07
15.75 38.7 14.7
0 0

0101101
*
Ed
 1.5e-07 1 1 0
1  688 0 0 1.48492424049175
2  782 203 149 0 1.48492424049175
0

0101000
+2797 167 -2802 167 *
Ed
 1.5e-07 1 1 0
1  689 0 0 1
2  783 203 0 0 1
2  784 205 0 0 1
0

0101000
+3744 166 -2797 166 *
Wi

0101000
+3743 69 +2800 0 -2796 148 -2795 0 *
Fa
0  1.5e-07 203 0

0101000
+2794 0 *
Ve
1.5e-07
14.7 39.75 14.7
0 0

0101101
*
Ed
 1.5e-07 1 1 0
1  690 0 0 1
2  785 204 0 0 1
2  786 205 0 0 1
0

0101000
+3742 166 -2792 166 *
Ed
 1.5e-07 1 1 0
1  691 0 0 1.48492424049175
2  787 204 149 0 1.48492424049175
0

0101000
+2804 167 -2792 167 *
Wi

0101000
+3741 69 +2791 0 -2790 148 -2803 0 *
Fa
0  1.5e-07 204 0

0101000
+2789 0 *
Ed
 1.5e-07 1 1 0
1  692 0 0 1.48492424049175
2  788 205 149 0 1.48492424049175
0

0101000
+2792 167 -2797 167 *
Wi

0101000
+3740 69 +2795 0 -2787 148 -2791 0 *
Fa
0  1.5e-07 205 0

0101000
+2786 0 *
Ve
1.5e-07
31.5 40.8 14.7
0 0

0101101
*
Ed
 1.5e-07 1 1 0
1  693 0 0 1
2  789 206 0 0 1
2  790 208 0 0 1
0

0101000
+3737 168 -2784 168 *
Ve
1.5e-07
32.55 39.75 14.7
0 0

0101101
*
Ed
 1.5e-07 1 1 0
1  694 0 0 1.48492424049175
2  791 206 149 0 1.48492424049175
0

0101000
+2782 169 -2784 169 *
Ed
 1.5e-07 1 1 0
1  695 0 0 1
2  792 206 0 0 1
2  793 207 0 0 1
0

0101000
+3738 168 -2782 168 *
Wi

0101000
+3736 69 +2783 0 -2781 148 -2780 0 *
Fa
0  1.5e-07 206 0

0101000
+2779 0 *
Ve
1.5e-07
31.5 38.7 14.7
0 0

0101101
*
Ed
 1.5e-07 1 1 0
1  696 0 0 1.48492424049175
2  794 207 149 0 1.48492424049175
0

0101000
+2777 169 -2782 169 *
Ed
 1.5e-07 1 1 0
1  697 0 0 1
2  795 207 0 0 1
2  796 209 0 0 1
0

0101000
+3735 168 -2777 168 *
Wi

0101000
+3734 69 +2780 0 -2776 148 -2775 0 *
Fa
0  1.5e-07 207 0

0101000
+2774 0 *
Ve
1.5e-07
30.45 39.75 14.7
0 0

0101101
*
Ed
 1.5e-07 1 1 0
1  698 0 0 1
2  797 208 0 0 1
2  798 209 0 0 1
0

0101000
+3733 168 -2772 168 *
Ed
 1.5e-07 1 1 0
1  699 0 0 1.48492424049175
2  799 208 149 0 1.48492424049175
0

0101000
+2784 169 -2772 169 *
Wi

0101000
+3732 69 +2771 0 -2770 148 -2783 0 *
Fa
0  1.5e-07 208 0

0101000
+2769 0 *
Ed
 1.5e-07 1 1 0
1  700 0 0 1.48492424049175
2  800 209 149 0 1.48492424049175
0

0101000
+2772 169 -2777 169 *
Wi

0101000
+3731 69 +2775 0 -2767 148 -2771 0 *
Fa
0  1.5e-07 209 0

0101000
+2766 0 *
Ve
1.5e-07
47.25 40.8 14.7
0 0

0101101
*
Ed
 1.5e-07 1 1 0
1  701 0 0 1
2  801 210 0 0 1
2  802 212 0 0 1
0

0101000
+3728 170 -2764 170 *
Ve
1.5e-07
48.3 39.75 14.7
0 0

0101101
*
Ed
 1.5e-07 1 1 0
1  702 0 0 1.48492424049175
2  803 210 149 0 1.48492424049175
0

0101000
+2762 171 -2764 171 *
Ed
 1.5e-07 1 1 0
1  703 0 0 1
2  804 210 0 0 1
2  805 211 0 0 1
0

0101000
+3729 170 -2762 170 *
Wi

0101000
+3727 69 +2763 0 -2761 148 -2760 0 *
Fa
0  1.5e-07 210 0

0101000
+2759 0 *
Ve
1.5e-07
47.25 38.7 14.7
0 0

0101101
*
Ed
 1.5e-07 1 1 0
1  704 0 0 1.48492424049175
2  806 211 149 0 1.48492424049175
0

0101000
+2757 171 -2762 171 *
Ed
 1.5e-07 1 1 0
1  705 0 0 1
2  807 211 0 0 1
2  808 213 0 0 1
0

0101000
+3726 170 -2757 170 *
Wi

0101000
+3725 69 +2760 0 -2756 148 -2755 0 *
Fa
0  1.5e-07 211 0

0101000
+2754 0 *
Ve
1.5e-07
46.2 39.75 14.7
0 0

0101101
*
Ed
 1.5e-07 1 1 0
1  706 0 0 1
2  809 212 0 0 1
2  810 213 0 0 1
0

0101000
+3724 170 -2752 170 *
Ed
 1.5e-07 1 1 0
1  707 0 0 1.48492424049175
2  811 212 149 0 1.48492424049175
0

0101000
+2764 171 -2752 171 *
Wi

0101000
+3723 69 +2751 0 -2750 148 -2763 0 *
Fa
0  1.5e-07 212 0

0101000
+2749 0 *
Ed
 1.5e-07 1 1 0
1  708 0 0 1.48492424049175
2  812 213 149 0 1.48492424049175
0

0101000
+2752 171 -2757 171 *
Wi

0101000
+3722 69 +2755 0 -2747 148 -2751 0 *
Fa
0  1.5e-07 213 0

0101000
+2746 0 *
Ve
1.5e-07
63 40.8 14.7
0 0

0101101
*
Ed
 1.5e-07 1 1 0
1  709 0 0 1
2  813 214 0 0 1
2  814 216 0 0 1
0

0101000
+3719 172 -2744 172 *
Ve
1.5e-07
64.05 39.75 14.7
0 0

0101101
*
Ed
 1.5e-07 1 1 0
1  710 0 0 1.48492424049175
2  815 214 149 0 1.48492424049175
0

0101000
+2742 173 -2744 173 *
Ed
 1.5e-07 1 1 0
1  711 0 0 1
2  816 214 0 0 1
2  817 215 0 0 1
0

0101000
+3720 172 -2742 172 *
Wi

0101000
+3718 69 +2743 0 -2741 148 -2740 0 *
Fa
0  1.5e-07 214 0

0101000
+2739 0 *
Ve
1.5e-07
63 38.7 14.7
0 0

0101101
*
Ed
 1.5e-07 1 1 0
1  712 0 0 1.48492424049175
2  818 215 149 0 1.48492424049175
0

0101000
+2737 173 -2742 173 *
Ed
 1.5e-07 1 1 0
1  713 0 0 1
2  819 215 0 0 1
2  820 217 0 0 1
0

0101000
+3717 172 -2737 172 *
Wi

0101000
+3716 69 +2740 0 -2736 148 -2735 0 *
Fa
0  1.5e-07 215 0

0101000
+2734 0 *
Ve
1.5e-07
61.95 39.75 14.7
0 0

0101101
*
Ed
 1.5e-07 1 1 0
1  714 0 0 1
2  821 216 0 0 1
2  822 217 0 0 1
0

0101000
+3715 172 -2732 172 *
Ed
 1.5e-07 1 1 0
1  715 0 0 1.48492424049175
2  823 216 149 0 1.48492424049175
0

0101000
+2744 173 -2732 173 *
Wi

0101000
+3714 69 +2731 0 -2730 148 -2743 0 *
Fa
0  1.5e-07 216 0

0101000
+2729 0 *
Ed
 1.5e-07 1 1 0
1  716 0 0 1.48492424049175
2  824 217 149 0 1.48492424049175
0

0101000
+2732 173 -2737 173 *
Wi

0101000
+3713 69 +2735 0 -2727 148 -2731 0 *
Fa
0  1.5e-07 217 0

0101000
+2726 0 *
Ve
1.5e-07
78.75 40.8 14.7
0 0

0101101
*
Ed
 1.5e-07 1 1 0
1  717 0 0 1
2  825 218 0 0 1
2  826 220 0 0 1
0

0101000
+3710 174 -2724 174 *
Ve
1.5e-07
79.8 39.75 14.7
0 0

0101101
*
Ed
 1.5e-07 1 1 0
1  718 0 0 1.48492424049175
2  827 218 149 0 1.48492424049175
0

0101000
+2722 175 -2724 175 *
Ed
 1.5e-07 1 1 0
1  719 0 0 1
2  828 218 0 0 1
2  829 219 0 0 1
0

0101000
+3711 174 -2722 174 *
Wi

0101000
+3709 69 +2723 0 -2721 148 -2720 0 *
Fa
0  1.5e-07 218 0

0101000
+2719 0 *
Ve
1.5e-07
78.75 38.7 14.7
0 0

0101101
*
Ed
 1.5e-07 1 1 0
1  720 0 0 1.48492424049175
2  830 219 149 0 1.48492424049175
0

0101000
+2717 175 -2722 175 *
Ed
 1.5e-07 1 1 0
1  721 0 0 1
2  831 219 0 0 1
2  832 221 0 0 1
0

0101000
+3708 174 -2717 174 *
Wi

0101000
+3707 69 +2720 0 -2716 148 -2715 0 *
Fa
0  1.5e-07 219 0

0101000
+2714 0 *
Ve
1.5e-07
77.7 39.75 14.7
0 0

0101101
*
Ed
 1.5e-07 1 1 0
1  722 0 0 1
2  833 220 0 0 1
2  834 221 0 0 1
0

0101000
+3706 174 -2712 174 *
Ed
 1.5e-07 1 1 0
1  723 0 0 1.48492424049175
2  835 220 149 0 1.48492424049175
0

0101000
+2724 175 -2712 175 *
Wi

0101000
+3705 69 +2711 0 -2710 148 -2723 0 *
Fa
0  1.5e-07 220 0

0101000
+2709 0 *
Ed
 1.5e-07 1 1 0
1  724 0 0 1.48492424049175
2  836 221 149 0 1.48492424049175
0

0101000
+2712 175 -2717 175 *
Wi

0101000
+3704 69 +2715 0 -2707 148 -2711 0 *
Fa
0  1.5e-07 221 0

0101000
+2706 0 *
Ve
1.5e-07
94.5 40.8 14.7
0 0

0101101
*
Ed
 1.5e-07 1 1 0
1  725 0 0 1
2  837 222 0 0 1
2  838 224 0 0 1
0

0101000
+3701 176 -2704 176 *
Ve
1.5e-07
95.55 39.75 14.7
0 0

0101101
*
Ed
 1.5e-07 1 1 0
1  726 0 0 1.48492424049175
2  839 222 149 0 1.48492424049175
0

0101000
+2702 177 -2704 177 *
Ed
 1.5e-07 1 1 0
1  727 0 0 1
2  840 222 0 0 1
2  841 223 0 0 1
0

0101000
+3702 176 -2702 176 *
Wi

0101000
+3700 69 +2703 0 -2701 148 -2700 0 *
Fa
0  1.5e-07 222 0

0101000
+2699 0 *
Ve
1.5e-07
94.5 38.7 14.7
0 0

0101101
*
Ed
 1.5e-07 1 1 0
1  728 0 0 1.48492424049175
2  842 223 149 0 1.48492424049175
0

0101000
+2697 177 -2702 177 *
Ed
 1.5e-07 1 1 0
1  729 0 0 1
2  843 223 0 0 1
2  844 225 0 0 1
0

0101000
+3699 176 -2697 176 *
Wi

0101000
+3698 69 +2700 0 -2696 148 -2695 0 *
Fa
0  1.5e-07 223 0

0101000
+2694 0 *
Ve
1.5e-07
93.45 39.75 14.7
0 0

0101101
*
Ed
 1.5e-07 1 1 0
1  730 0 0 1
2  845 224 0 0 1
2  846 225 0 0 1
0

0101000
+3697 176 -2692 176 *
Ed
 1.5e-07 1 1 0
1  731 0 0 1.48492424049175
2  847 224 149 0 1.48492424049175
0

0101000
+2704 177 -2692 177 *
Wi

0101000
+3696 69 +2691 0 -2690 148 -2703 0 *
Fa
0  1.5e-07 224 0

0101000
+2689 0 *
Ed
 1.5e-07 1 1 0
1  732 0 0 1.48492424049175
2  848 225 149 0 1.48492424049175
0

0101000
+2692 177 -2697 177 *
Wi

0101000
+3695 69 +2695 0 -2687 148 -2691 0 *
Fa
0  1.5e-07 225 0

0101000
+2686 0 *
Ve
1.5e-07
110.25 40.8 14.7
0 0

0101101
*
Ed
 1.5e-07 1 1 0
1  733 0 0 1
2  849 226 0 0 1
2  850 228 0 0 1
0

0101000
+3692 178 -2684 178 *
Ve
1.5e-07
111.3 39.75 14.7
0 0

0101101
*
Ed
 1.5e-07 1 1 0
1  734 0 0 1.48492424049175
2  851 226 149 0 1.48492424049175
0

0101000
+2682 179 -2684 179 *
Ed
 1.5e-07 1 1 0
1  735 0 0 1
2  852 226 0 0 1
2  853 227 0 0 1
0

0101000
+3693 178 -2682 178 *
Wi

0101000
+3691 69 +2683 0 -2681 148 -2680 0 *
Fa
0  1.5e-07 226 0

0101000
+2679 0 *
Ve
1.5e-07
110.25 38.7 14.7
0 0

0101101
*
Ed
 1.5e-07 1 1 0
1  736 0 0 1.48492424049175
2  854 227 149 0 1.48492424049175
0

0101000
+2677 179 -2682 179 *
Ed
 1.5e-07 1 1 0
1  737 0 0 1
2  855 227 0 0 1
2  856 229 0 0 1
0

0101000
+3690 178 -2677 178 *
Wi

0101000
+3689 69 +2680 0 -2676 148 -2675 0 *
Fa
0  1.5e-07 227 0

0101000
+2674 0 *
Ve
1.5e-07
109.2 39.75 14.7
0 0

0101101
*
Ed
 1.5e-07 1 1 0
1  738 0 0 1
2  857 228 0 0 1
2  858 229 0 0 1
0

0101000
+3688 178 -2672 178 *
Ed
 1.5e-07 1 1 0
1  739 0 0 1.48492424049175
2  859 228 149 0 1.48492424049175
0

0101000
+2684 179 -2672 179 *
Wi

0101000
+3687 69 +2671 0 -2670 148 -2683 0 *
Fa
0  1.5e-07 228 0

0101000
+2669 0 *
Ed
 1.5e-07 1 1 0
1  740 0 0 1.48492424049175
2  860 229 149 0 1.48492424049175
0

0101000
+2672 179 -2677 179 *
Wi

0101000
+3686 69 +2675 0 -2667 148 -2671 0 *
Fa
0  1.5e-07 229 0

0101000
+2666 0 *
Ve
1.5e-07
126 40.8 14.7
0 0

0101101
*
Ed
 1.5e-07 1 1 0
1  741 0 0 1
2  861 230 0 0 1
2  862 232 0 0 1
0

0101000
+3683 180 -2664 180 *
Ve
1.5e-07
127.05 39.75 14.7
0 0

0101101
*
Ed
 1.5e-07 1 1 0
1  742 0 0 1.48492424049175
2  863 230 149 0 1.48492424049175
0

0101000
+2662 181 -2664 181 *
Ed
 1.5e-07 1 1 0
1  743 0 0 1
2  864 230 0 0 1
2  865 231 0 0 1
0

0101000
+3684 180 -2662 180 *
Wi

0101000
+3682 69 +2663 0 -2661 148 -2660 0 *
Fa
0  1.5e-07 230 0

0101000
+2659 0 *
Ve
1.5e-07
126 38.7 14.7
0 0

0101101
*
Ed
 1.5e-07 1 1 0
1  744 0 0 1.48492424049175
2  866 231 149 0 1.48492424049175
0

0101000
+2657 181 -2662 181 *
Ed
 1.5e-07 1 1 0
1  745 0 0 1
2  867 231 0 0 1
2  868 233 0 0 1
0

0101000
+3681 180 -2657 180 *
Wi

0101000
+3680 69 +2660 0 -2656 148 -2655 0 *
Fa
0  1.5e-07 231 0

0101000
+2654 0 *
Ve
1.5e-07
124.95 39.75 14.7
0 0

0101101
*
Ed
 1.5e-07 1 1 0
1  746 0 0 1
2  869 232 0 0 1
2  870 233 0 0 1
0

0101000
+3679 180 -2652 180 *
Ed
 1.5e-07 1 1 0
1  747 0 0 1.48492424049175
2  871 232 149 0 1.48492424049175
0

0101000
+2664 181 -2652 181 *
Wi

0101000
+3678 69 +2651 0 -2650 148 -2663 0 *
Fa
0  1.5e-07 232 0

0101000
+2649 0 *
Ed
 1.5e-07 1 1 0
1  748 0 0 1.48492424049175
2  872 233 149 0 1.48492424049175
0

0101000
+2652 181 -2657 181 *
Wi

0101000
+3677 69 +2655 0 -2647 148 -2651 0 *
Fa
0  1.5e-07 233 0

0101000
+2646 0 *
Ve
1.5e-07
-112.5 -60.45 12.75
0 0

0101101
*
Ed
 1.5e-07 1 1 0
1  749 0 0 1
2  873 236 0 0 1
2  874 237 0 0 1
0

0101000
+3664 124 -2644 124 *
Ve
1.5e-07
-113.7 -59.25 12.75
0 0

0101101
*
Ed
 1.5e-07 1 1 0
1  750 0 0 1.69705627484771
2  875 236 129 0 1.69705627484771
0

0101000
+2642 130 -2644 130 *
Ed
 1.5e-07 1 1 0
1  751 0 0 1
2  876 236 0 0 1
2  877 239 0 0 1
0

0101000
+3665 124 -2642 124 *
Wi

0101000
+3663 53 +2643 0 -2641 128 -2640 0 *
Fa
0  1.5e-07 236 0

0101000
+2639 0 *
Ve
1.5e-07
-111.3 -59.25 12.75
0 0

0101101
*
Ed
 1.5e-07 1 1 0
1  752 0 0 1
2  878 237 0 0 1
2  879 238 0 0 1
0

0101000
+3662 124 -2637 124 *
Ed
 1.5e-07 1 1 0
1  753 0 0 1.69705627484771
2  880 237 129 0 1.69705627484771
0

0101000
+2644 130 -2637 130 *
Wi

0101000
+3661 53 +2636 0 -2635 128 -2643 0 *
Fa
0  1.5e-07 237 0

0101000
+2634 0 *
Ve
1.5e-07
-112.5 -58.05 12.75
0 0

0101101
*
Ed
 1.5e-07 1 1 0
1  754 0 0 1
2  881 238 0 0 1
2  882 239 0 0 1
0

0101000
+3660 124 -2632 124 *
Ed
 1.5e-07 1 1 0
1  755 0 0 1.69705627484771
2  883 238 129 0 1.69705627484771
0

0101000
+2637 130 -2632 130 *
Wi

0101000
+3659 53 +2631 0 -2630 128 -2636 0 *
Fa
0  1.5e-07 238 0

0101000
+2629 0 *
Ed
 1.5e-07 1 1 0
1  756 0 0 1.69705627484771
2  884 239 129 0 1.69705627484771
0

0101000
+2632 130 -2642 130 *
Wi

0101000
+3658 53 +2640 0 -2627 128 -2631 0 *
Fa
0  1.5e-07 239 0

0101000
+2626 0 *
Ve
1.5e-07
-94.5 -60.45 12.75
0 0

0101101
*
Ed
 1.5e-07 1 1 0
1  757 0 0 1
2  885 240 0 0 1
2  886 241 0 0 1
0

0101000
+3655 131 -2624 131 *
Ve
1.5e-07
-95.7 -59.25 12.75
0 0

0101101
*
Ed
 1.5e-07 1 1 0
1  758 0 0 1.69705627484771
2  887 240 129 0 1.69705627484771
0

0101000
+2622 132 -2624 132 *
Ed
 1.5e-07 1 1 0
1  759 0 0 1
2  888 240 0 0 1
2  889 243 0 0 1
0

0101000
+3656 131 -2622 131 *
Wi

0101000
+3654 53 +2623 0 -2621 128 -2620 0 *
Fa
0  1.5e-07 240 0

0101000
+2619 0 *
Ve
1.5e-07
-93.3 -59.25 12.75
0 0

0101101
*
Ed
 1.5e-07 1 1 0
1  760 0 0 1
2  890 241 0 0 1
2  891 242 0 0 1
0

0101000
+3653 131 -2617 131 *
Ed
 1.5e-07 1 1 0
1  761 0 0 1.69705627484771
2  892 241 129 0 1.69705627484771
0

0101000
+2624 132 -2617 132 *
Wi

0101000
+3652 53 +2616 0 -2615 128 -2623 0 *
Fa
0  1.5e-07 241 0

0101000
+2614 0 *
Ve
1.5e-07
-94.5 -58.05 12.75
0 0

0101101
*
Ed
 1.5e-07 1 1 0
1  762 0 0 1
2  893 242 0 0 1
2  894 243 0 0 1
0

0101000
+3651 131 -2612 131 *
Ed
 1.5e-07 1 1 0
1  763 0 0 1.69705627484771
2  895 242 129 0 1.69705627484771
0

0101000
+2617 132 -2612 132 *
Wi

0101000
+3650 53 +2611 0 -2610 128 -2616 0 *
Fa
0  1.5e-07 242 0

0101000
+2609 0 *
Ed
 1.5e-07 1 1 0
1  764 0 0 1.69705627484771
2  896 243 129 0 1.69705627484771
0

0101000
+2612 132 -2622 132 *
Wi

0101000
+3649 53 +2620 0 -2607 128 -2611 0 *
Fa
0  1.5e-07 243 0

0101000
+2606 0 *
Ve
1.5e-07
-76.5 -60.45 12.75
0 0

0101101
*
Ed
 1.5e-07 1 1 0
1  765 0 0 1
2  897 244 0 0 1
2  898 245 0 0 1
0

0101000
+3646 133 -2604 133 *
Ve
1.5e-07
-77.7 -59.25 12.75
0 0

0101101
*
Ed
 1.5e-07 1 1 0
1  766 0 0 1.69705627484771
2  899 244 129 0 1.69705627484771
0

0101000
+2602 134 -2604 134 *
Ed
 1.5e-07 1 1 0
1  767 0 0 1
2  900 244 0 0 1
2  901 247 0 0 1
0

0101000
+3647 133 -2602 133 *
Wi

0101000
+3645 53 +2603 0 -2601 128 -2600 0 *
Fa
0  1.5e-07 244 0

0101000
+2599 0 *
Ve
1.5e-07
-75.3 -59.25 12.75
0 0

0101101
*
Ed
 1.5e-07 1 1 0
1  768 0 0 1
2  902 245 0 0 1
2  903 246 0 0 1
0

0101000
+3644 133 -2597 133 *
Ed
 1.5e-07 1 1 0
1  769 0 0 1.69705627484771
2  904 245 129 0 1.69705627484771
0

0101000
+2604 134 -2597 134 *
Wi

0101000
+3643 53 +2596 0 -2595 128 -2603 0 *
Fa
0  1.5e-07 245 0

0101000
+2594 0 *
Ve
1.5e-07
-76.5 -58.05 12.75
0 0

0101101
*
Ed
 1.5e-07 1 1 0
1  770 0 0 1
2  905 246 0 0 1
2  906 247 0 0 1
0

0101000
+3642 133 -2592 133 *
Ed
 1.5e-07 1 1 0
1  771 0 0 1.69705627484771
2  907 246 129 0 1.69705627484771
0

0101000
+2597 134 -2592 134 *
Wi

0101000
+3641 53 +2591 0 -2590 128 -2596 0 *
Fa
0  1.5e-07 246 0

0101000
+2589 0 *
Ed
 1.5e-07 1 1 0
1  772 0 0 1.69705627484771
2  908 247 129 0 1.69705627484771
0

0101000
+2592 134 -2602 134 *
Wi

0101000
+3640 53 +2600 0 -2587 128 -2591 0 *
Fa
0  1.5e-07 247 0

0101000
+2586 0 *
Ve
1.5e-07
-58.5 -60.45 12.75
0 0

0101101
*
Ed
 1.5e-07 1 1 0
1  773 0 0 1
2  909 248 0 0 1
2  910 249 0 0 1
0

0101000
+3637 135 -2584 135 *
Ve
1.5e-07
-59.7 -59.25 12.75
0 0

0101101
*
Ed
 1.5e-07 1 1 0
1  774 0 0 1.69705627484771
2  911 248 129 0 1.69705627484771
0

0101000
+2582 136 -2584 136 *
Ed
 1.5e-07 1 1 0
1  775 0 0 1
2  912 248 0 0 1
2  913 251 0 0 1
0

0101000
+3638 135 -2582 135 *
Wi

0101000
+3636 53 +2583 0 -2581 128 -2580 0 *
Fa
0  1.5e-07 248 0

0101000
+2579 0 *
Ve
1.5e-07
-57.3 -59.25 12.75
0 0

0101101
*
Ed
 1.5e-07 1 1 0
1  776 0 0 1
2  914 249 0 0 1
2  915 250 0 0 1
0

0101000
+3635 135 -2577 135 *
Ed
 1.5e-07 1 1 0
1  777 0 0 1.69705627484771
2  916 249 129 0 1.69705627484771
0

0101000
+2584 136 -2577 136 *
Wi

0101000
+3634 53 +2576 0 -2575 128 -2583 0 *
Fa
0  1.5e-07 249 0

0101000
+2574 0 *
Ve
1.5e-07
-58.5 -58.05 12.75
0 0

0101101
*
Ed
 1.5e-07 1 1 0
1  778 0 0 1
2  917 250 0 0 1
2  918 251 0 0 1
0

0101000
+3633 135 -2572 135 *
Ed
 1.5e-07 1 1 0
1  779 0 0 1.69705627484771
2  919 250 129 0 1.69705627484771
0

0101000
+2577 136 -2572 136 *
Wi

0101000
+3632 53 +2571 0 -2570 128 -2576 0 *
Fa
0  1.5e-07 250 0

0101000
+2569 0 *
Ed
 1.5e-07 1 1 0
1  780 0 0 1.69705627484771
2  920 251 129 0 1.69705627484771
0

0101000
+2572 136 -2582 136 *
Wi

0101000
+3631 53 +2580 0 -2567 128 -2571 0 *
Fa
0  1.5e-07 251 0

0101000
+2566 0 *
Ve
1.5e-07
-40.5 -60.45 12.75
0 0

0101101
*
Ed
 1.5e-07 1 1 0
1  781 0 0 1
2  921 252 0 0 1
2  922 253 0 0 1
0

0101000
+3628 0 -2564 0 *
Ve
1.5e-07
-41.7 -59.25 12.75
0 0

0101101
*
Ed
 1.5e-07 1 1 0
1  782 0 0 1.69705627484771
2  923 252 129 0 1.69705627484771
0

0101000
+2562 129 -2564 129 *
Ed
 1.5e-07 1 1 0
1  783 0 0 1
2  924 252 0 0 1
2  925 255 0 0 1
0

0101000
+3629 0 -2562 0 *
Wi

0101000
+3627 53 +2563 0 -2561 128 -2560 0 *
Fa
0  1.5e-07 252 0

0101000
+2559 0 *
Ve
1.5e-07
-39.3 -59.25 12.75
0 0

0101101
*
Ed
 1.5e-07 1 1 0
1  784 0 0 1
2  926 253 0 0 1
2  927 254 0 0 1
0

0101000
+3626 0 -2557 0 *
Ed
 1.5e-07 1 1 0
1  785 0 0 1.69705627484771
2  928 253 129 0 1.69705627484771
0

0101000
+2564 129 -2557 129 *
Wi

0101000
+3625 53 +2556 0 -2555 128 -2563 0 *
Fa
0  1.5e-07 253 0

0101000
+2554 0 *
Ve
1.5e-07
-40.5 -58.05 12.75
0 0

0101101
*
Ed
 1.5e-07 1 1 0
1  786 0 0 1
2  929 254 0 0 1
2  930 255 0 0 1
0

0101000
+3624 0 -2552 0 *
Ed
 1.5e-07 1 1 0
1  787 0 0 1.69705627484771
2  931 254 129 0 1.69705627484771
0

0101000
+2557 129 -2552 129 *
Wi

0101000
+3623 53 +2551 0 -2550 128 -2556 0 *
Fa
0  1.5e-07 254 0

0101000
+2549 0 *
Ed
 1.5e-07 1 1 0
1  788 0 0 1.69705627484771
2  932 255 129 0 1.69705627484771
0

0101000
+2552 129 -2562 129 *
Wi

0101000
+3622 53 +2560 0 -2547 128 -2551 0 *
Fa
0  1.5e-07 255 0

0101000
+2546 0 *
Ve
1.5e-07
41.7 -59.25 12.75
0 0

0101101
*
Ed
 1.5e-07 1 1 0
1  789 0 0 1
2  933 256 0 0 1
2  934 258 0 0 1
0

0101000
+3619 0 -2544 0 *
Ve
1.5e-07
40.5 -58.05 12.75
0 0

0101101
*
Ed
 1.5e-07 1 1 0
1  790 0 0 1.69705627484771
2  935 256 129 0 1.69705627484771
0

0101000
+2542 129 -2544 129 *
Ed
 1.5e-07 1 1 0
1  791 0 0 1
2  936 256 0 0 1
2  937 257 0 0 1
0

0101000
+3620 0 -2542 0 *
Wi

0101000
+3618 53 +2543 0 -2541 128 -2540 0 *
Fa
0  1.5e-07 256 0

0101000
+2539 0 *
Ve
1.5e-07
39.3 -59.25 12.75
0 0

0101101
*
Ed
 1.5e-07 1 1 0
1  792 0 0 1.69705627484771
2  938 257 129 0 1.69705627484771
0

0101000
+2537 129 -2542 129 *
Ed
 1.5e-07 1 1 0
1  793 0 0 1
2  939 257 0 0 1
2  940 259 0 0 1
0

0101000
+3617 0 -2537 0 *
Wi

0101000
+3616 53 +2540 0 -2536 128 -2535 0 *
Fa
0  1.5e-07 257 0

0101000
+2534 0 *
Ve
1.5e-07
40.5 -60.45 12.75
0 0

0101101
*
Ed
 1.5e-07 1 1 0
1  794 0 0 1
2  941 258 0 0 1
2  942 259 0 0 1
0

0101000
+3615 0 -2532 0 *
Ed
 1.5e-07 1 1 0
1  795 0 0 1.69705627484771
2  943 258 129 0 1.69705627484771
0

0101000
+2544 129 -2532 129 *
Wi

0101000
+3614 53 +2531 0 -2530 128 -2543 0 *
Fa
0  1.5e-07 258 0

0101000
+2529 0 *
Ed
 1.5e-07 1 1 0
1  796 0 0 1.69705627484771
2  944 259 129 0 1.69705627484771
0

0101000
+2532 129 -2537 129 *
Wi

0101000
+3613 53 +2535 0 -2527 128 -2531 0 *
Fa
0  1.5e-07 259 0

0101000
+2526 0 *
Ve
1.5e-07
59.7 -59.25 12.75
0 0

0101101
*
Ed
 1.5e-07 1 1 0
1  797 0 0 1
2  945 260 0 0 1
2  946 262 0 0 1
0

0101000
+3610 137 -2524 137 *
Ve
1.5e-07
58.5 -58.05 12.75
0 0

0101101
*
Ed
 1.5e-07 1 1 0
1  798 0 0 1.69705627484771
2  947 260 129 0 1.69705627484771
0

0101000
+2522 138 -2524 138 *
Ed
 1.5e-07 1 1 0
1  799 0 0 1
2  948 260 0 0 1
2  949 261 0 0 1
0

0101000
+3611 137 -2522 137 *
Wi

0101000
+3609 53 +2523 0 -2521 128 -2520 0 *
Fa
0  1.5e-07 260 0

0101000
+2519 0 *
Ve
1.5e-07
57.3 -59.25 12.75
0 0

0101101
*
Ed
 1.5e-07 1 1 0
1  800 0 0 1.69705627484771
2  950 261 129 0 1.69705627484771
0

0101000
+2517 138 -2522 138 *
Ed
 1.5e-07 1 1 0
1  801 0 0 1
2  951 261 0 0 1
2  952 263 0 0 1
0

0101000
+3608 137 -2517 137 *
Wi

0101000
+3607 53 +2520 0 -2516 128 -2515 0 *
Fa
0  1.5e-07 261 0

0101000
+2514 0 *
Ve
1.5e-07
58.5 -60.45 12.75
0 0

0101101
*
Ed
 1.5e-07 1 1 0
1  802 0 0 1
2  953 262 0 0 1
2  954 263 0 0 1
0

0101000
+3606 137 -2512 137 *
Ed
 1.5e-07 1 1 0
1  803 0 0 1.69705627484771
2  955 262 129 0 1.69705627484771
0

0101000
+2524 138 -2512 138 *
Wi

0101000
+3605 53 +2511 0 -2510 128 -2523 0 *
Fa
0  1.5e-07 262 0

0101000
+2509 0 *
Ed
 1.5e-07 1 1 0
1  804 0 0 1.69705627484771
2  956 263 129 0 1.69705627484771
0

0101000
+2512 138 -2517 138 *
Wi

0101000
+3604 53 +2515 0 -2507 128 -2511 0 *
Fa
0  1.5e-07 263 0

0101000
+2506 0 *
Ve
1.5e-07
77.7 -59.25 12.75
0 0

0101101
*
Ed
 1.5e-07 1 1 0
1  805 0 0 1
2  957 264 0 0 1
2  958 266 0 0 1
0

0101000
+3601 139 -2504 139 *
Ve
1.5e-07
76.5 -58.05 12.75
0 0

0101101
*
Ed
 1.5e-07 1 1 0
1  806 0 0 1.69705627484771
2  959 264 129 0 1.69705627484771
0

0101000
+2502 140 -2504 140 *
Ed
 1.5e-07 1 1 0
1  807 0 0 1
2  960 264 0 0 1
2  961 265 0 0 1
0

0101000
+3602 139 -2502 139 *
Wi

0101000
+3600 53 +2503 0 -2501 128 -2500 0 *
Fa
0  1.5e-07 264 0

0101000
+2499 0 *
Ve
1.5e-07
75.3 -59.25 12.75
0 0

0101101
*
Ed
 1.5e-07 1 1 0
1  808 0 0 1.69705627484771
2  962 265 129 0 1.69705627484771
0

0101000
+2497 140 -2502 140 *
Ed
 1.5e-07 1 1 0
1  809 0 0 1
2  963 265 0 0 1
2  964 267 0 0 1
0

0101000
+3599 139 -2497 139 *
Wi

0101000
+3598 53 +2500 0 -2496 128 -2495 0 *
Fa
0  1.5e-07 265 0

0101000
+2494 0 *
Ve
1.5e-07
76.5 -60.45 12.75
0 0

0101101
*
Ed
 1.5e-07 1 1 0
1  810 0 0 1
2  965 266 0 0 1
2  966 267 0 0 1
0

0101000
+3597 139 -2492 139 *
Ed
 1.5e-07 1 1 0
1  811 0 0 1.69705627484771
2  967 266 129 0 1.69705627484771
0

0101000
+2504 140 -2492 140 *
Wi

0101000
+3596 53 +2491 0 -2490 128 -2503 0 *
Fa
0  1.5e-07 266 0

0101000
+2489 0 *
Ed
 1.5e-07 1 1 0
1  812 0 0 1.69705627484771
2  968 267 129 0 1.69705627484771
0

0101000
+2492 140 -2497 140 *
Wi

0101000
+3595 53 +2495 0 -2487 128 -2491 0 *
Fa
0  1.5e-07 267 0

0101000
+2486 0 *
Ve
1.5e-07
95.7 -59.25 12.75
0 0

0101101
*
Ed
 1.5e-07 1 1 0
1  813 0 0 1
2  969 268 0 0 1
2  970 270 0 0 1
0

0101000
+3592 141 -2484 141 *
Ve
1.5e-07
94.5 -58.05 12.75
0 0

0101101
*
Ed
 1.5e-07 1 1 0
1  814 0 0 1.69705627484771
2  971 268 129 0 1.69705627484771
0

0101000
+2482 142 -2484 142 *
Ed
 1.5e-07 1 1 0
1  815 0 0 1
2  972 268 0 0 1
2  973 269 0 0 1
0

0101000
+3593 141 -2482 141 *
Wi

0101000
+3591 53 +2483 0 -2481 128 -2480 0 *
Fa
0  1.5e-07 268 0

0101000
+2479 0 *
Ve
1.5e-07
93.3 -59.25 12.75
0 0

0101101
*
Ed
 1.5e-07 1 1 0
1  816 0 0 1.69705627484771
2  974 269 129 0 1.69705627484771
0

0101000
+2477 142 -2482 142 *
Ed
 1.5e-07 1 1 0
1  817 0 0 1
2  975 269 0 0 1
2  976 271 0 0 1
0

0101000
+3590 141 -2477 141 *
Wi

0101000
+3589 53 +2480 0 -2476 128 -2475 0 *
Fa
0  1.5e-07 269 0

0101000
+2474 0 *
Ve
1.5e-07
94.5 -60.45 12.75
0 0

0101101
*
Ed
 1.5e-07 1 1 0
1  818 0 0 1
2  977 270 0 0 1
2  978 271 0 0 1
0

0101000
+3588 141 -2472 141 *
Ed
 1.5e-07 1 1 0
1  819 0 0 1.69705627484771
2  979 270 129 0 1.69705627484771
0

0101000
+2484 142 -2472 142 *
Wi

0101000
+3587 53 +2471 0 -2470 128 -2483 0 *
Fa
0  1.5e-07 270 0

0101000
+2469 0 *
Ed
 1.5e-07 1 1 0
1  820 0 0 1.69705627484771
2  980 271 129 0 1.69705627484771
0

0101000
+2472 142 -2477 142 *
Wi

0101000
+3586 53 +2475 0 -2467 128 -2471 0 *
Fa
0  1.5e-07 271 0

0101000
+2466 0 *
Ve
1.5e-07
113.7 -59.25 12.75
0 0

0101101
*
Ed
 1.5e-07 1 1 0
1  821 0 0 1
2  981 272 0 0 1
2  982 274 0 0 1
0

0101000
+3583 143 -2464 143 *
Ve
1.5e-07
112.5 -58.05 12.75
0 0

0101101
*
Ed
 1.5e-07 1 1 0
1  822 0 0 1.69705627484771
2  983 272 129 0 1.69705627484771
0

0101000
+2462 144 -2464 144 *
Ed
 1.5e-07 1 1 0
1  823 0 0 1
2  984 272 0 0 1
2  985 273 0 0 1
0

0101000
+3584 143 -2462 143 *
Wi

0101000
+3582 53 +2463 0 -2461 128 -2460 0 *
Fa
0  1.5e-07 272 0

0101000
+2459 0 *
Ve
1.5e-07
111.3 -59.25 12.75
0 0

0101101
*
Ed
 1.5e-07 1 1 0
1  824 0 0 1.69705627484771
2  986 273 129 0 1.69705627484771
0

0101000
+2457 144 -2462 144 *
Ed
 1.5e-07 1 1 0
1  825 0 0 1
2  987 273 0 0 1
2  988 275 0 0 1
0

0101000
+3581 143 -2457 143 *
Wi

0101000
+3580 53 +2460 0 -2456 128 -2455 0 *
Fa
0  1.5e-07 273 0

0101000
+2454 0 *
Ve
1.5e-07
112.5 -60.45 12.75
0 0

0101101
*
Ed
 1.5e-07 1 1 0
1  826 0 0 1
2  989 274 0 0 1
2  990 275 0 0 1
0

0101000
+3579 143 -2452 143 *
Ed
 1.5e-07 1 1 0
1  827 0 0 1.69705627484771
2  991 274 129 0 1.69705627484771
0

0101000
+2464 144 -2452 144 *
Wi

0101000
+3578 53 +2451 0 -2450 128 -2463 0 *
Fa
0  1.5e-07 274 0

0101000
+2449 0 *
Ed
 1.5e-07 1 1 0
1  828 0 0 1.69705627484771
2  992 275 129 0 1.69705627484771
0

0101000
+2452 144 -2457 144 *
Wi

0101000
+3577 53 +2455 0 -2447 128 -2451 0 *
Fa
0  1.5e-07 275 0

0101000
+2446 0 *
Wi

0101100
+3549 128 +3553 128 +3558 128 +3563 128 *
Fa
0  1.5e-07 280 0

0101000
-2444 0 *
Wi

0101100
+3529 128 +3533 128 +3538 128 +3543 128 *
Fa
0  1.5e-07 281 0

0101000
-2442 0 *
Wi

0101100
+3509 128 +3513 128 +3518 128 +3523 128 *
Fa
0  1.5e-07 282 0

0101000
-2440 0 *
Wi

0101100
+3489 128 +3493 128 +3498 128 +3503 128 *
Fa
0  1.5e-07 283 0

0101000
-2438 0 *
Wi

0101100
+3469 128 +3473 128 +3478 128 +3483 128 *
Fa
0  1.5e-07 284 0

0101000
-2436 0 *
Wi

0101100
+3463 128 +3452 128 +3449 128 +3458 128 *
Fa
0  1.5e-07 285 0

0101000
-2434 0 *
Wi

0101100
+3443 128 +3432 128 +3429 128 +3438 128 *
Fa
0  1.5e-07 286 0

0101000
-2432 0 *
Wi

0101100
+3423 128 +3412 128 +3409 128 +3418 128 *
Fa
0  1.5e-07 287 0

0101000
-2430 0 *
Wi

0101100
+3403 128 +3392 128 +3389 128 +3398 128 *
Fa
0  1.5e-07 288 0

0101000
-2428 0 *
Wi

0101100
+3383 128 +3372 128 +3369 128 +3378 128 *
Fa
0  1.5e-07 289 0

0101000
-2426 0 *
Wi

0101100
+3347 148 +3351 148 +3356 148 +3361 148 *
Fa
0  1.5e-07 290 0

0101000
-2424 0 *
Wi

0101100
+3327 148 +3331 148 +3336 148 +3341 148 *
Fa
0  1.5e-07 291 0

0101000
-2422 0 *
Wi

0101100
+3307 148 +3311 148 +3316 148 +3321 148 *
Fa
0  1.5e-07 292 0

0101000
-2420 0 *
Wi

0101100
+3287 148 +3291 148 +3296 148 +3301 148 *
Fa
0  1.5e-07 293 0

0101000
-2418 0 *
Wi

0101100
+3267 148 +3271 148 +3276 148 +3281 148 *
Fa
0  1.5e-07 294 0

0101000
-2416 0 *
Wi

0101100
+3247 148 +3251 148 +3256 148 +3261 148 *
Fa
0  1.5e-07 295 0

0101000
-2414 0 *
Wi

0101100
+3227 148 +3231 148 +3236 148 +3241 148 *
Fa
0  1.5e-07 296 0

0101000
-2412 0 *
Wi

0101100
+3207 148 +3211 148 +3216 148 +3221 148 *
Fa
0  1.5e-07 297 0

0101000
-2410 0 *
Wi

0101100
+3187 148 +3191 148 +3196 148 +3201 148 *
Fa
0  1.5e-07 298 0

0101000
-2408 0 *
Wi

0101100
+3167 148 +3171 148 +3176 148 +3181 148 *
Fa
0  1.5e-07 299 0

0101000
-2406 0 *
Wi

0101100
+3147 148 +3151 148 +3156 148 +3161 148 *
Fa
0  1.5e-07 300 0

0101000
-2404 0 *
Wi

0101100
+3127 148 +3131 148 +3136 148 +3141 148 *
Fa
0  1.5e-07 301 0

0101000
-2402 0 *
Wi

0101100
+3107 148 +3111 148 +3116 148 +3121 148 *
Fa
0  1.5e-07 302 0

0101000
-2400 0 *
Wi

0101100
+3087 148 +3091 148 +3096 148 +3101 148 *
Fa
0  1.5e-07 303 0

0101000
-2398 0 *
Wi

0101100
+3067 148 +3071 148 +3076 148 +3081 148 *
Fa
0  1.5e-07 304 0

0101000
-2396 0 *
Wi

0101100
+3047 148 +3051 148 +3056 148 +3061 148 *
Fa
0  1.5e-07 305 0

0101000
-2394 0 *
Wi

0101100
+3027 148 +3031 148 +3036 148 +3041 148 *
Fa
0  1.5e-07 306 0

0101000
-2392 0 *
Wi

0101100
+3021 148 +3010 148 +3007 148 +3016 148 *
Fa
0  1.5e-07 307 0

0101000
-2390 0 *
Wi

0101100
+3001 148 +2990 148 +2987 148 +2996 148 *
Fa
0  1.5e-07 308 0

0101000
-2388 0 *
Wi

0101100
+2981 148 +2970 148 +2967 148 +2976 148 *
Fa
0  1.5e-07 309 0

0101000
-2386 0 *
Wi

0101100
+2961 148 +2950 148 +2947 148 +2956 148 *
Fa
0  1.5e-07 310 0

0101000
-2384 0 *
Wi

0101100
+2941 148 +2930 148 +2927 148 +2936 148 *
Fa
0  1.5e-07 311 0

0101000
-2382 0 *
Wi

0101100
+2921 148 +2910 148 +2907 148 +2916 148 *
Fa
0  1.5e-07 312 0

0101000
-2380 0 *
Wi

0101100
+2901 148 +2890 148 +2887 148 +2896 148 *
Fa
0  1.5e-07 313 0

0101000
-2378 0 *
Wi

0101100
+2881 148 +2870 148 +2867 148 +2876 148 *
Fa
0  1.5e-07 314 0

0101000
-2376 0 *
Wi

0101100
+2860 183 +2855 183 +2850 183 +2845 183 +2840 183 +2835 183 +2830 183 +2827 183 *
Ve
1.5e-07
65.4105 -13.7775 13.95
0 0

0101101
*
Ve
1.5e-07
65.4195 -19.5765 13.95
0 0

0101101
*
Ed
 1.5e-07 1 1 0
1  829 0 0 5.79900698395855
0

0101000
+2373 189 -2372 189 *
Ve
1.5e-07
71.9205 -19.5765 13.95
0 0

0101101
*
Ed
 1.5e-07 1 1 0
1  830 0 0 6.501
0

0101000
+2372 189 -2370 189 *
Ed
 1.5e-07 1 1 0
1  831 0 0 8.71828543923632
0

0101000
+2370 189 -2373 189 *
Wi

0101100
-2371 188 -2369 188 -2368 188 *
Ve
1.5e-07
71.907 -11.355 13.95
0 0

0101101
*
Ve
1.5e-07
65.3985 -5.8935 13.95
0 0

0101101
*
Ed
 1.5e-07 1 1 0
1  832 0 0 8.49638479001511
0

0101000
+2366 193 -2365 193 *
Ve
1.5e-07
65.4045 -10.185 13.95
0 0

0101101
*
Ed
 1.5e-07 1 1 0
1  833 0 0 4.2915041943356
0

0101000
+2365 193 -2363 193 *
Ve
1.5e-07
71.9145 -15.609 13.95
0 0

0101101
*
Ed
 1.5e-07 1 1 0
1  834 0 0 8.47348074878323
0

0101000
+2363 193 -2361 193 *
Ed
 1.5e-07 1 1 0
1  835 0 0 4.25400661141941
0

0101000
+2361 193 -2366 193 *
Wi

0101100
-2364 192 -2362 192 -2360 192 -2359 192 *
Ve
1.5e-07
96.786 -13.6245 13.95
0 0

0101101
*
Ve
1.5e-07
96.258 -13.731 13.95
0 0

0101101
*
Ed
 1.5e-07 1 1 0
1  836 0 0 0.538633688140657
0

0101000
+2357 198 -2356 198 *
Ve
1.5e-07
102.0315 -17.9115 13.95
0 0

0101101
*
Ed
 1.5e-07 1 1 0
1  837 0 0 6.77448442687708
0

0101000
+2354 198 -2357 198 *
Ve
1.5e-07
95.715 -13.815 13.95
0 0

0101101
*
Ed
 1.5e-07 1 1 0
1  838 0 0 0.549458824662951
0

0101000
+2356 198 -2352 198 *
Ve
1.5e-07
100.5795 -18.462 13.95
0 0

0101101
*
Ed
 1.5e-07 1 1 0
1  839 0 0 1.55285358292404
0

0101000
+2350 198 -2354 198 *
Ve
1.5e-07
95.1585 -13.8765 13.95
0 0

0101101
*
Ed
 1.5e-07 1 1 0
1  840 0 0 0.559887935215614
0

0101000
+2352 198 -2348 198 *
Ve
1.5e-07
99.0495 -18.9015 13.95
0 0

0101101
*
Ed
 1.5e-07 1 1 0
1  841 0 0 1.5918731890449
0

0101000
+2346 198 -2350 198 *
Ve
1.5e-07
94.587 -13.914 13.95
0 0

0101101
*
Ed
 1.5e-07 1 1 0
1  842 0 0 0.572728993503909
0

0101000
+2348 198 -2344 198 *
Ve
1.5e-07
97.4415 -19.2225 13.95
0 0

0101101
*
Ed
 1.5e-07 1 1 0
1  843 0 0 1.63972711144264
0

0101000
+2342 198 -2346 198 *
Ve
1.5e-07
93.999 -13.926 13.95
0 0

0101101
*
Ed
 1.5e-07 1 1 0
1  844 0 0 0.588122436232461
0

0101000
+2344 198 -2340 198 *
Ve
1.5e-07
95.7585 -19.4205 13.95
0 0

0101101
*
Ed
 1.5e-07 1 1 0
1  845 0 0 1.69460703409375
0

0101000
+2338 198 -2342 198 *
Ve
1.5e-07
89.847 -13.2375 13.95
0 0

0101101
*
Ed
 1.5e-07 1 1 0
1  846 0 0 4.20869769049761
0

0101000
+2340 198 -2336 198 *
Ve
1.5e-07
94.002 -19.488 13.95
0 0

0101101
*
Ed
 1.5e-07 1 1 0
1  847 0 0 1.75779648992709
0

0101000
+2334 198 -2338 198 *
Ve
1.5e-07
86.607 -11.361 13.95
0 0

0101101
*
Ed
 1.5e-07 1 1 0
1  848 0 0 3.74417577712372
0

0101000
+2336 198 -2332 198 *
Ve
1.5e-07
87.723 -18.567 13.95
0 0

0101101
*
Ed
 1.5e-07 1 1 0
1  849 0 0 6.34618641390245
0

0101000
+2330 198 -2334 198 *
Ve
1.5e-07
84.288 -8.58 13.95
0 0

0101101
*
Ed
 1.5e-07 1 1 0
1  850 0 0 3.62101118473832
0

0101000
+2332 198 -2328 198 *
Ve
1.5e-07
82.602 -16.0035 13.95
0 0

0101101
*
Ed
 1.5e-07 1 1 0
1  851 0 0 5.72679432579869
0

0101000
+2326 198 -2330 198 *
Ve
1.5e-07
82.8915 -5.178 13.95
0 0

0101101
*
Ed
 1.5e-07 1 1 0
1  852 0 0 3.67747416714244
0

0101000
+2328 198 -2324 198 *
Ve
1.5e-07
78.777 -12.096 13.95
0 0

0101101
*
Ed
 1.5e-07 1 1 0
1  853 0 0 5.46801437909594
0

0101000
+2322 198 -2326 198 *
Ve
1.5e-07
82.425 -1.437 13.95
0 0

0101101
*
Ed
 1.5e-07 1 1 0
1  854 0 0 3.76997390574524
0

0101000
+2324 198 -2320 198 *
Ve
1.5e-07
76.383 -7.1415 13.95
0 0

0101101
*
Ed
 1.5e-07 1 1 0
1  855 0 0 5.50257269374972
0

0101000
+2318 198 -2322 198 *
Ve
1.5e-07
82.8915 2.3265 13.95
0 0

0101101
*
Ed
 1.5e-07 1 1 0
1  856 0 0 3.79230200537879
0

0101000
+2320 198 -2316 198 *
Ve
1.5e-07
75.5535 -1.4355 13.95
0 0

0101101
*
Ed
 1.5e-07 1 1 0
1  857 0 0 5.76597834283134
0

0101000
+2314 198 -2318 198 *
Ve
1.5e-07
84.288 5.733 13.95
0 0

0101101
*
Ed
 1.5e-07 1 1 0
1  858 0 0 3.68163747536337
0

0101000
+2316 198 -2312 198 *
Ve
1.5e-07
76.383 4.269 13.95
0 0

0101101
*
Ed
 1.5e-07 1 1 0
1  859 0 0 5.76449395003586
0

0101000
+2310 198 -2314 198 *
Ve
1.5e-07
86.607 8.5065 13.95
0 0

0101101
*
Ed
 1.5e-07 1 1 0
1  860 0 0 3.61525424417149
0

0101000
+2312 198 -2308 198 *
Ve
1.5e-07
78.777 9.225 13.95
0 0

0101101
*
Ed
 1.5e-07 1 1 0
1  861 0 0 5.50392332795434
0

0101000
+2306 198 -2310 198 *
Ve
1.5e-07
89.847 10.371 13.95
0 0

0101101
*
Ed
 1.5e-07 1 1 0
1  862 0 0 3.73817605925671
0

0101000
+2308 198 -2304 198 *
Ve
1.5e-07
82.602 13.1325 13.95
0 0

0101101
*
Ed
 1.5e-07 1 1 0
1  863 0 0 5.46801437909594
0

0101000
+2302 198 -2306 198 *
Ve
1.5e-07
93.999 11.055 13.95
0 0

0101101
*
Ed
 1.5e-07 1 1 0
1  864 0 0 4.20796387817195
0

0101000
+2304 198 -2300 198 *
Ve
1.5e-07
87.723 15.6945 13.95
0 0

0101101
*
Ed
 1.5e-07 1 1 0
1  865 0 0 5.72612303395587
0

0101000
+2298 198 -2302 198 *
Ve
1.5e-07
98.157 10.371 13.95
0 0

0101101
*
Ed
 1.5e-07 1 1 0
1  866 0 0 4.21388419394744
0

0101000
+2300 198 -2296 198 *
Ve
1.5e-07
94.002 16.6155 13.95
0 0

0101101
*
Ed
 1.5e-07 1 1 0
1  867 0 0 6.34618641390245
0

0101000
+2294 198 -2298 198 *
Ve
1.5e-07
101.409 8.5065 13.95
0 0

0101101
*
Ed
 1.5e-07 1 1 0
1  868 0 0 3.7485816317642
0

0101000
+2296 198 -2292 198 *
Ve
1.5e-07
100.287 15.6945 13.95
0 0

0101101
*
Ed
 1.5e-07 1 1 0
1  869 0 0 6.35212295221055
0

0101000
+2290 198 -2294 198 *
Ve
1.5e-07
103.7475 5.733 13.95
0 0

0101101
*
Ed
 1.5e-07 1 1 0
1  870 0 0 3.62779333755385
0

0101000
+2292 198 -2288 198 *
Ve
1.5e-07
105.42 13.1325 13.95
0 0

0101101
*
Ed
 1.5e-07 1 1 0
1  871 0 0 5.73685741499647
0

0101000
+2286 198 -2290 198 *
Ve
1.5e-07
105.1575 2.3265 13.95
0 0

0101101
*
Ed
 1.5e-07 1 1 0
1  872 0 0 3.68677938721589
0

0101000
+2288 198 -2284 198 *
Ve
1.5e-07
109.26 9.225 13.95
0 0

0101101
*
Ed
 1.5e-07 1 1 0
1  873 0 0 5.47851770554774
0

0101000
+2282 198 -2286 198 *
Ve
1.5e-07
105.63 -1.437 13.95
0 0

0101101
*
Ed
 1.5e-07 1 1 0
1  874 0 0 3.79304475322926
0

0101000
+2284 198 -2280 198 *
Ve
1.5e-07
111.666 4.269 13.95
0 0

0101101
*
Ed
 1.5e-07 1 1 0
1  875 0 0 5.50915347399217
0

0101000
+2278 198 -2282 198 *
Ve
1.5e-07
105.5475 -3.015 13.95
0 0

0101101
*
Ed
 1.5e-07 1 1 0
1  876 0 0 1.58015513478899
0

0101000
+2280 198 -2276 198 *
Ve
1.5e-07
112.5 -1.4355 13.95
0 0

0101101
*
Ed
 1.5e-07 1 1 0
1  877 0 0 5.76514321157766
0

0101000
+2274 198 -2278 198 *
Ve
1.5e-07
105.3 -4.5645 13.95
0 0

0101101
*
Ed
 1.5e-07 1 1 0
1  878 0 0 1.56914196298487
0

0101000
+2276 198 -2272 198 *
Ve
1.5e-07
112.3365 -4.0125 13.95
0 0

0101101
*
Ed
 1.5e-07 1 1 0
1  879 0 0 2.58218149052308
0

0101000
+2270 198 -2274 198 *
Ve
1.5e-07
104.8905 -6.063 13.95
0 0

0101101
*
Ed
 1.5e-07 1 1 0
1  880 0 0 1.5534453643434
0

0101000
+2272 198 -2268 198 *
Ve
1.5e-07
111.855 -6.4755 13.95
0 0

0101101
*
Ed
 1.5e-07 1 1 0
1  881 0 0 2.50962372677659
0

0101000
+2266 198 -2270 198 *
Ve
1.5e-07
104.319 -7.491 13.95
0 0

0101101
*
Ed
 1.5e-07 1 1 0
1  882 0 0 1.53811451134173
0

0101000
+2268 198 -2264 198 *
Ve
1.5e-07
111.066 -8.802 13.95
0 0

0101101
*
Ed
 1.5e-07 1 1 0
1  883 0 0 2.45664878442157
0

0101000
+2262 198 -2266 198 *
Ve
1.5e-07
103.587 -8.8275 13.95
0 0

0101101
*
Ed
 1.5e-07 1 1 0
1  884 0 0 1.52382946880548
0

0101000
+2264 198 -2260 198 *
Ve
1.5e-07
109.9845 -10.965 13.95
0 0

0101101
*
Ed
 1.5e-07 1 1 0
1  885 0 0 2.41830751766602
0

0101000
+2258 198 -2262 198 *
Ve
1.5e-07
94.278 -1.2165 13.95
0 0

0101101
*
Ed
 1.5e-07 1 1 0
1  886 0 0 12.0243420610028
0

0101000
+2260 198 -2256 198 *
Ve
1.5e-07
108.6195 -12.942 13.95
0 0

0101101
*
Ed
 1.5e-07 1 1 0
1  887 0 0 2.40244750202788
0

0101000
+2254 198 -2258 198 *
Ve
1.5e-07
94.2795 -7.608 13.95
0 0

0101101
*
Ed
 1.5e-07 1 1 0
1  888 0 0 6.39150017601502
0

0101000
+2256 198 -2252 198 *
Ve
1.5e-07
112.4445 -16.0695 13.95
0 0

0101101
*
Ed
 1.5e-07 1 1 0
1  889 0 0 4.94083811210203
0

0101000
+2250 198 -2254 198 *
Ve
1.5e-07
112.4445 -22.518 13.95
0 0

0101101
*
Ed
 1.5e-07 1 1 0
1  890 0 0 23.50053882361
0

0101000
+2252 198 -2248 198 *
Ed
 1.5e-07 1 1 0
1  891 0 0 6.4485
0

0101000
+2248 198 -2250 198 *
Wi

0101100
-2355 197 -2353 197 -2351 197 -2349 197 -2347 197 -2345 197 -2343 197 -2341 197 -2339 197 -2337 197 
-2335 197 -2333 197 -2331 197 -2329 197 -2327 197 -2325 197 -2323 197 -2321 197 -2319 197 -2317 197 
-2315 197 -2313 197 -2311 197 -2309 197 -2307 197 -2305 197 -2303 197 -2301 197 -2299 197 -2297 197 
-2295 197 -2293 197 -2291 197 -2289 197 -2287 197 -2285 197 -2283 197 -2281 197 -2279 197 -2277 197 
-2275 197 -2273 197 -2271 197 -2269 197 -2267 197 -2265 197 -2263 197 -2261 197 -2259 197 -2257 197 
-2255 197 -2253 197 -2251 197 -2249 197 -2247 197 -2246 197 *
Ve
1.5e-07
-95.853 13.4805 13.95
0 0

0101101
*
Ve
1.5e-07
-96.585 14.64 13.95
0 0

0101101
*
Ed
 1.5e-07 1 1 0
1  892 0 0 1.37122727875433
0

0101000
+2244 202 -2243 202 *
Ve
1.5e-07
-95.853 16.518 13.95
0 0

0101101
*
Ed
 1.5e-07 1 1 0
1  893 0 0 3.0375
0

0101000
+2241 202 -2244 202 *
Ve
1.5e-07
-97.6365 15.6135 13.95
0 0

0101101
*
Ed
 1.5e-07 1 1 0
1  894 0 0 1.43295306971303
0

0101000
+2243 202 -2239 202 *
Ve
1.5e-07
-89.3325 16.518 13.95
0 0

0101101
*
Ed
 1.5e-07 1 1 0
1  895 0 0 6.5205
0

0101000
+2237 202 -2241 202 *
Ve
1.5e-07
-98.964 16.359 13.95
0 0

0101101
*
Ed
 1.5e-07 1 1 0
1  896 0 0 1.52250665023179
0

0101000
+2239 202 -2235 202 *
Ve
1.5e-07
-89.3325 -3.8955 13.95
0 0

0101101
*
Ed
 1.5e-07 1 1 0
1  897 0 0 20.4135
0

0101000
+2233 202 -2237 202 *
Ve
1.5e-07
-100.53 16.836 13.95
0 0

0101101
*
Ed
 1.5e-07 1 1 0
1  898 0 0 1.63703543028243
0

0101000
+2235 202 -2231 202 *
Ve
1.5e-07
-95.7315 -3.8955 13.95
0 0

0101101
*
Ed
 1.5e-07 1 1 0
1  899 0 0 6.399
0

0101000
+2229 202 -2233 202 *
Ve
1.5e-07
-102.2925 17.004 13.95
0 0

0101101
*
Ed
 1.5e-07 1 1 0
1  900 0 0 1.77048870371996
0

0101000
+2231 202 -2227 202 *
Ve
1.5e-07
-95.7315 -0.858 13.95
0 0

0101101
*
Ed
 1.5e-07 1 1 0
1  901 0 0 3.0375
0

0101000
+2225 202 -2229 202 *
Ve
1.5e-07
-105.6255 16.476 13.95
0 0

0101101
*
Ed
 1.5e-07 1 1 0
1  902 0 0 3.37456263832813
0

0101000
+2227 202 -2223 202 *
Ve
1.5e-07
-96.5535 -1.971 13.95
0 0

0101101
*
Ed
 1.5e-07 1 1 0
1  903 0 0 1.38363759706074
0

0101000
+2221 202 -2225 202 *
Ve
1.5e-07
-108.441 14.9895 13.95
0 0

0101101
*
Ed
 1.5e-07 1 1 0
1  904 0 0 3.18382199565239
0

0101000
+2223 202 -2219 202 *
Ve
1.5e-07
-97.644 -2.9385 13.95
0 0

0101101
*
Ed
 1.5e-07 1 1 0
1  905 0 0 1.45782252006203
0

0101000
+2217 202 -2221 202 *
Ve
1.5e-07
-110.61 12.699 13.95
0 0

0101101
*
Ed
 1.5e-07 1 1 0
1  906 0 0 3.15451283877558
0

0101000
+2219 202 -2215 202 *
Ve
1.5e-07
-98.9805 -3.702 13.95
0 0

0101101
*
Ed
 1.5e-07 1 1 0
1  907 0 0 1.53920905012931
0

0101000
+2213 202 -2217 202 *
Ve
1.5e-07
-112.0065 9.756 13.95
0 0

0101101
*
Ed
 1.5e-07 1 1 0
1  908 0 0 3.25752379116409
0

0101000
+2215 202 -2211 202 *
Ve
1.5e-07
-100.5375 -4.2015 13.95
0 0

0101101
*
Ed
 1.5e-07 1 1 0
1  909 0 0 1.6351603132415
0

0101000
+2209 202 -2213 202 *
Ve
1.5e-07
-112.5 6.3105 13.95
0 0

0101101
*
Ed
 1.5e-07 1 1 0
1  910 0 0 3.48066265242698
0

0101000
+2211 202 -2207 202 *
Ve
1.5e-07
-102.2925 -4.3815 13.95
0 0

0101101
*
Ed
 1.5e-07 1 1 0
1  911 0 0 1.76420662055212
0

0101000
+2205 202 -2209 202 *
Ve
1.5e-07
-112.0065 2.8665 13.95
0 0

0101101
*
Ed
 1.5e-07 1 1 0
1  912 0 0 3.4791778123574
0

0101000
+2207 202 -2203 202 *
Ve
1.5e-07
-105.6255 -3.8535 13.95
0 0

0101101
*
Ed
 1.5e-07 1 1 0
1  913 0 0 3.37456263832813
0

0101000
+2201 202 -2205 202 *
Ve
1.5e-07
-110.61 -0.078 13.95
0 0

0101101
*
Ed
 1.5e-07 1 1 0
1  914 0 0 3.25887902506369
0

0101000
+2203 202 -2199 202 *
Ve
1.5e-07
-108.441 -2.367 13.95
0 0

0101101
*
Ed
 1.5e-07 1 1 0
1  915 0 0 3.18382199565239
0

0101000
+2197 202 -2201 202 *
Ed
 1.5e-07 1 1 0
1  916 0 0 3.1534238535281
0

0101000
+2199 202 -2197 202 *
Wi

0101100
-2242 201 -2240 201 -2238 201 -2236 201 -2234 201 -2232 201 -2230 201 -2228 201 -2226 201 -2224 201 
-2222 201 -2220 201 -2218 201 -2216 201 -2214 201 -2212 201 -2210 201 -2208 201 -2206 201 -2204 201 
-2202 201 -2200 201 -2198 201 -2196 201 -2195 201 *
Ve
1.5e-07
-71.958 16.518 13.95
0 0

0101101
*
Ve
1.5e-07
-71.958 4.812 13.95
0 0

0101101
*
Ed
 1.5e-07 1 1 0
1  917 0 0 11.706
0

0101000
+2193 206 -2192 206 *
Ve
1.5e-07
-65.316 16.518 13.95
0 0

0101101
*
Ed
 1.5e-07 1 1 0
1  918 0 0 6.64200000000001
0

0101000
+2190 206 -2193 206 *
Ve
1.5e-07
-72.102 3.606 13.95
0 0

0101101
*
Ed
 1.5e-07 1 1 0
1  919 0 0 1.21456658936429
0

0101000
+2192 206 -2188 206 *
Ve
1.5e-07
-65.316 -3.8955 13.95
0 0

0101101
*
Ed
 1.5e-07 1 1 0
1  920 0 0 20.4135
0

0101000
+2186 206 -2190 206 *
Ve
1.5e-07
-72.522 2.628 13.95
0 0

0101101
*
Ed
 1.5e-07 1 1 0
1  921 0 0 1.06437023633696
0

0101000
+2188 206 -2184 206 *
Ve
1.5e-07
-71.7555 -3.8955 13.95
0 0

0101101
*
Ed
 1.5e-07 1 1 0
1  922 0 0 6.43950000000001
0

0101000
+2182 206 -2186 206 *
Ve
1.5e-07
-73.2015 1.899 13.95
0 0

0101101
*
Ed
 1.5e-07 1 1 0
1  923 0 0 0.996574758861575
0

0101000
+2184 206 -2180 206 *
Ve
1.5e-07
-71.7555 -0.858 13.95
0 0

0101101
*
Ed
 1.5e-07 1 1 0
1  924 0 0 3.0375
0

0101000
+2178 206 -2182 206 *
Ve
1.5e-07
-74.1255 1.446 13.95
0 0

0101101
*
Ed
 1.5e-07 1 1 0
1  925 0 0 1.02906996846667
0

0101000
+2180 206 -2176 206 *
Ve
1.5e-07
-72.4575 -1.971 13.95
0 0

0101101
*
Ed
 1.5e-07 1 1 0
1  926 0 0 1.31589247281075
0

0101000
+2174 206 -2178 206 *
Ve
1.5e-07
-75.2805 1.2885 13.95
0 0

0101101
*
Ed
 1.5e-07 1 1 0
1  927 0 0 1.16568917383666
0

0101000
+2176 206 -2172 206 *
Ve
1.5e-07
-73.4625 -2.9385 13.95
0 0

0101101
*
Ed
 1.5e-07 1 1 0
1  928 0 0 1.39502016114464
0

0101000
+2170 206 -2174 206 *
Ve
1.5e-07
-76.464 1.458 13.95
0 0

0101101
*
Ed
 1.5e-07 1 1 0
1  929 0 0 1.19557622090773
0

0101000
+2172 206 -2168 206 *
Ve
1.5e-07
-74.7255 -3.702 13.95
0 0

0101101
*
Ed
 1.5e-07 1 1 0
1  930 0 0 1.47583916806676
0

0101000
+2166 206 -2170 206 *
Ve
1.5e-07
-77.3535 1.9365 13.95
0 0

0101101
*
Ed
 1.5e-07 1 1 0
1  931 0 0 1.01003589045143
0

0101000
+2168 206 -2164 206 *
Ve
1.5e-07
-76.197 -4.2015 13.95
0 0

0101101
*
Ed
 1.5e-07 1 1 0
1  932 0 0 1.55396669848488
0

0101000
+2162 206 -2166 206 *
Ve
1.5e-07
-77.9685 2.688 13.95
0 0

0101101
*
Ed
 1.5e-07 1 1 0
1  933 0 0 0.971070157094735
0

0101000
+2164 206 -2160 206 *
Ve
1.5e-07
-77.832 -4.3815 13.95
0 0

0101101
*
Ed
 1.5e-07 1 1 0
1  934 0 0 1.64487841495959
0

0101000
+2158 206 -2162 206 *
Ve
1.5e-07
-78.324 3.6735 13.95
0 0

0101101
*
Ed
 1.5e-07 1 1 0
1  935 0 0 1.04765953439083
0

0101000
+2160 206 -2156 206 *
Ve
1.5e-07
-80.4675 -3.993 13.95
0 0

0101101
*
Ed
 1.5e-07 1 1 0
1  936 0 0 2.66398057425351
0

0101000
+2154 206 -2158 206 *
Ve
1.5e-07
-78.4395 4.8525 13.95
0 0

0101101
*
Ed
 1.5e-07 1 1 0
1  937 0 0 1.18464393384679
0

0101000
+2156 206 -2152 206 *
Ve
1.5e-07
-82.5015 -2.8875 13.95
0 0

0101101
*
Ed
 1.5e-07 1 1 0
1  938 0 0 2.31501322890388
0

0101000
+2150 206 -2154 206 *
Ve
1.5e-07
-78.4395 16.518 13.95
0 0

0101101
*
Ed
 1.5e-07 1 1 0
1  939 0 0 11.6655
0

0101000
+2152 206 -2148 206 *
Ve
1.5e-07
-83.9415 -1.1535 13.95
0 0

0101101
*
Ed
 1.5e-07 1 1 0
1  940 0 0 2.2539645072627
0

0101000
+2146 206 -2150 206 *
Ve
1.5e-07
-85.0815 16.518 13.95
0 0

0101101
*
Ed
 1.5e-07 1 1 0
1  941 0 0 6.642
0

0101000
+2148 206 -2144 206 *
Ve
1.5e-07
-84.798 1.119 13.95
0 0

0101101
*
Ed
 1.5e-07 1 1 0
1  942 0 0 2.42854864064939
0

0101000
+2142 206 -2146 206 *
Ve
1.5e-07
-85.0815 3.84 13.95
0 0

0101101
*
Ed
 1.5e-07 1 1 0
1  943 0 0 12.678
0

0101000
+2144 206 -2140 206 *
Ed
 1.5e-07 1 1 0
1  944 0 0 2.73572901618563
0

0101000
+2140 206 -2142 206 *
Wi

0101100
-2191 205 -2189 205 -2187 205 -2185 205 -2183 205 -2181 205 -2179 205 -2177 205 -2175 205 -2173 205 
-2171 205 -2169 205 -2167 205 -2165 205 -2163 205 -2161 205 -2159 205 -2157 205 -2155 205 -2153 205 
-2151 205 -2149 205 -2147 205 -2145 205 -2143 205 -2141 205 -2139 205 -2138 205 *
Ve
1.5e-07
-24.0375 6.3105 13.95
0 0

0101101
*
Ve
1.5e-07
-24.5205 9.5385 13.95
0 0

0101101
*
Ed
 1.5e-07 1 1 0
1  945 0 0 3.26393520156268
0

0101000
+2136 210 -2135 210 *
Ve
1.5e-07
-24.5205 3.084 13.95
0 0

0101101
*
Ed
 1.5e-07 1 1 0
1  946 0 0 3.26245172378075
0

0101000
+2133 210 -2136 210 *
Ve
1.5e-07
-25.941 12.4545 13.95
0 0

0101101
*
Ed
 1.5e-07 1 1 0
1  947 0 0 3.24359002495692
0

0101000
+2135 210 -2131 210 *
Ve
1.5e-07
-25.941 0.168 13.95
0 0

0101101
*
Ed
 1.5e-07 1 1 0
1  948 0 0 3.24359002495691
0

0101000
+2129 210 -2133 210 *
Ve
1.5e-07
-28.254 14.826 13.95
0 0

0101101
*
Ed
 1.5e-07 1 1 0
1  949 0 0 3.31269999396263
0

0101000
+2131 210 -2127 210 *
Ve
1.5e-07
-28.254 -2.205 13.95
0 0

0101101
*
Ed
 1.5e-07 1 1 0
1  950 0 0 3.31377398142963
0

0101000
+2125 210 -2129 210 *
Ve
1.5e-07
-31.4145 16.4205 13.95
0 0

0101101
*
Ed
 1.5e-07 1 1 0
1  951 0 0 3.53994216054444
0

0101000
+2127 210 -2123 210 *
Ve
1.5e-07
-31.4145 -3.798 13.95
0 0

0101101
*
Ed
 1.5e-07 1 1 0
1  952 0 0 3.53926676728387
0

0101000
+2121 210 -2125 210 *
Ve
1.5e-07
-35.3775 17.004 13.95
0 0

0101101
*
Ed
 1.5e-07 1 1 0
1  953 0 0 4.00572605778278
0

0101000
+2123 210 -2119 210 *
Ve
1.5e-07
-35.3775 -4.3815 13.95
0 0

0101101
*
Ed
 1.5e-07 1 1 0
1  954 0 0 4.00572605778278
0

0101000
+2117 210 -2121 210 *
Ve
1.5e-07
-39.3405 16.4205 13.95
0 0

0101101
*
Ed
 1.5e-07 1 1 0
1  955 0 0 4.00572605778278
0

0101000
+2119 210 -2115 210 *
Ve
1.5e-07
-39.3405 -3.798 13.95
0 0

0101101
*
Ed
 1.5e-07 1 1 0
1  956 0 0 4.00572605778278
0

0101000
+2113 210 -2117 210 *
Ve
1.5e-07
-42.5025 14.826 13.95
0 0

0101101
*
Ed
 1.5e-07 1 1 0
1  957 0 0 3.54128144179476
0

0101000
+2115 210 -2111 210 *
Ve
1.5e-07
-42.5025 -2.205 13.95
0 0

0101101
*
Ed
 1.5e-07 1 1 0
1  958 0 0 3.54060630401066
0

0101000
+2109 210 -2113 210 *
Ve
1.5e-07
-44.8155 12.4545 13.95
0 0

0101101
*
Ed
 1.5e-07 1 1 0
1  959 0 0 3.31269999396263
0

0101000
+2111 210 -2107 210 *
Ve
1.5e-07
-44.8155 0.168 13.95
0 0

0101101
*
Ed
 1.5e-07 1 1 0
1  960 0 0 3.31377398142963
0

0101000
+2105 210 -2109 210 *
Ve
1.5e-07
-46.236 9.5385 13.95
0 0

0101101
*
Ed
 1.5e-07 1 1 0
1  961 0 0 3.24359002495692
0

0101000
+2107 210 -2103 210 *
Ve
1.5e-07
-46.236 3.084 13.95
0 0

0101101
*
Ed
 1.5e-07 1 1 0
1  962 0 0 3.24359002495692
0

0101000
+2101 210 -2105 210 *
Ve
1.5e-07
-46.719 6.3105 13.95
0 0

0101101
*
Ed
 1.5e-07 1 1 0
1  963 0 0 3.26393520156268
0

0101000
+2103 210 -2099 210 *
Ed
 1.5e-07 1 1 0
1  964 0 0 3.26245172378075
0

0101000
+2099 210 -2101 210 *
Wi

0101100
-2134 209 -2132 209 -2130 209 -2128 209 -2126 209 -2124 209 -2122 209 -2120 209 -2118 209 -2116 209 
-2114 209 -2112 209 -2110 209 -2108 209 -2106 209 -2104 209 -2102 209 -2100 209 -2098 209 -2097 209 
*
Ve
1.5e-07
-60.69 2.961 13.95
0 0

0101101
*
Ve
1.5e-07
-60.42 0.4695 13.95
0 0

0101101
*
Ed
 1.5e-07 1 1 0
1  965 0 0 2.50608703958981
0

0101000
+2095 214 -2094 214 *
Ve
1.5e-07
-59.595 -1.5795 13.95
0 0

0101101
*
Ed
 1.5e-07 1 1 0
1  966 0 0 2.2088517378946
0

0101000
+2094 214 -2092 214 *
Ve
1.5e-07
-58.194 -3.123 13.95
0 0

0101101
*
Ed
 1.5e-07 1 1 0
1  967 0 0 2.08451271284202
0

0101000
+2092 214 -2090 214 *
Ve
1.5e-07
-56.196 -4.095 13.95
0 0

0101101
*
Ed
 1.5e-07 1 1 0
1  968 0 0 2.22188838603563
0

0101000
+2090 214 -2088 214 *
Ve
1.5e-07
-53.5785 -4.434 13.95
0 0

0101101
*
Ed
 1.5e-07 1 1 0
1  969 0 0 2.6393611442923
0

0101000
+2088 214 -2086 214 *
Ve
1.5e-07
-52.71 -4.4025 13.95
0 0

0101101
*
Ed
 1.5e-07 1 1 0
1  970 0 0 0.869071055783128
0

0101000
+2086 214 -2084 214 *
Ve
1.5e-07
-51.8025 -4.317 13.95
0 0

0101101
*
Ed
 1.5e-07 1 1 0
1  971 0 0 0.911518787518947
0

0101000
+2084 214 -2082 214 *
Ve
1.5e-07
-50.94 -4.1895 13.95
0 0

0101101
*
Ed
 1.5e-07 1 1 0
1  972 0 0 0.87187298386863
0

0101000
+2082 214 -2080 214 *
Ve
1.5e-07
-50.199 -4.035 13.95
0 0

0101101
*
Ed
 1.5e-07 1 1 0
1  973 0 0 0.756935433177758
0

0101000
+2080 214 -2078 214 *
Ve
1.5e-07
-49.659 -3.8685 13.95
0 0

0101101
*
Ed
 1.5e-07 1 1 0
1  974 0 0 0.565086055393335
0

0101000
+2078 214 -2076 214 *
Ve
1.5e-07
-49.659 1.3845 13.95
0 0

0101101
*
Ed
 1.5e-07 1 1 0
1  975 0 0 5.253
0

0101000
+2076 214 -2074 214 *
Ve
1.5e-07
-50.0475 1.2735 13.95
0 0

0101101
*
Ed
 1.5e-07 1 1 0
1  976 0 0 0.404046098855069
0

0101000
+2074 214 -2072 214 *
Ve
1.5e-07
-50.445 1.1835 13.95
0 0

0101101
*
Ed
 1.5e-07 1 1 0
1  977 0 0 0.407561345075807
0

0101000
+2072 214 -2070 214 *
Ve
1.5e-07
-50.8575 1.1175 13.95
0 0

0101101
*
Ed
 1.5e-07 1 1 0
1  978 0 0 0.417746633738679
0

0101000
+2070 214 -2068 214 *
Ve
1.5e-07
-51.294 1.0755 13.95
0 0

0101101
*
Ed
 1.5e-07 1 1 0
1  979 0 0 0.438515963221404
0

0101000
+2068 214 -2066 214 *
Ve
1.5e-07
-51.7605 1.062 13.95
0 0

0101101
*
Ed
 1.5e-07 1 1 0
1  980 0 0 0.466695296740818
0

0101000
+2066 214 -2064 214 *
Ve
1.5e-07
-52.605 1.1505 13.95
0 0

0101101
*
Ed
 1.5e-07 1 1 0
1  981 0 0 0.849124549168145
0

0101000
+2064 214 -2062 214 *
Ve
1.5e-07
-53.2515 1.419 13.95
0 0

0101101
*
Ed
 1.5e-07 1 1 0
1  982 0 0 0.700038927489033
0

0101000
+2062 214 -2060 214 *
Ve
1.5e-07
-53.706 1.8735 13.95
0 0

0101101
*
Ed
 1.5e-07 1 1 0
1  983 0 0 0.642760064098576
0

0101000
+2060 214 -2058 214 *
Ve
1.5e-07
-53.9745 2.52 13.95
0 0

0101101
*
Ed
 1.5e-07 1 1 0
1  984 0 0 0.700038927489033
0

0101000
+2058 214 -2056 214 *
Ve
1.5e-07
-54.063 3.3645 13.95
0 0

0101101
*
Ed
 1.5e-07 1 1 0
1  985 0 0 0.849124549168142
0

0101000
+2056 214 -2054 214 *
Ve
1.5e-07
-54.063 10.962 13.95
0 0

0101101
*
Ed
 1.5e-07 1 1 0
1  986 0 0 7.5975
0

0101000
+2054 214 -2052 214 *
Ve
1.5e-07
-49.4565 10.962 13.95
0 0

0101101
*
Ed
 1.5e-07 1 1 0
1  987 0 0 4.60650000000001
0

0101000
+2052 214 -2050 214 *
Ve
1.5e-07
-49.4565 16.4175 13.95
0 0

0101101
*
Ed
 1.5e-07 1 1 0
1  988 0 0 5.4555
0

0101000
+2050 214 -2048 214 *
Ve
1.5e-07
-54.063 16.4175 13.95
0 0

0101101
*
Ed
 1.5e-07 1 1 0
1  989 0 0 4.60650000000001
0

0101000
+2048 214 -2046 214 *
Ve
1.5e-07
-54.063 22.518 13.95
0 0

0101101
*
Ed
 1.5e-07 1 1 0
1  990 0 0 6.1005
0

0101000
+2046 214 -2044 214 *
Ve
1.5e-07
-60.69 22.518 13.95
0 0

0101101
*
Ed
 1.5e-07 1 1 0
1  991 0 0 6.627
0

0101000
+2044 214 -2042 214 *
Ed
 1.5e-07 1 1 0
1  992 0 0 19.557
0

0101000
+2042 215 -2095 215 *
Wi

0101100
-2093 213 -2091 213 -2089 213 -2087 213 -2085 213 -2083 213 -2081 213 -2079 213 -2077 213 -2075 213 
-2073 213 -2071 213 -2069 213 -2067 213 -2065 213 -2063 213 -2061 213 -2059 213 -2057 213 -2055 213 
-2053 213 -2051 213 -2049 213 -2047 213 -2045 213 -2043 213 -2041 213 -2040 187 *
Ve
1.5e-07
-14.034 -3.8955 13.95
0 0

0101101
*
Ve
1.5e-07
-14.034 7.7295 13.95
0 0

0101101
*
Ed
 1.5e-07 1 1 0
1  993 0 0 11.625
0

0101000
+2038 219 -2037 219 *
Ve
1.5e-07
-20.6775 -3.8955 13.95
0 0

0101101
*
Ed
 1.5e-07 1 1 0
1  994 0 0 6.6435
0

0101000
+2035 219 -2038 219 *
Ve
1.5e-07
-13.8795 8.967 13.95
0 0

0101101
*
Ed
 1.5e-07 1 1 0
1  995 0 0 1.24710725280547
0

0101000
+2037 219 -2033 219 *
Ve
1.5e-07
-20.6775 16.518 13.95
0 0

0101101
*
Ed
 1.5e-07 1 1 0
1  996 0 0 20.4135
0

0101000
+2031 219 -2035 219 *
Ve
1.5e-07
-13.4325 9.9495 13.95
0 0

0101101
*
Ed
 1.5e-07 1 1 0
1  997 0 0 1.07940504445736
0

0101000
+2033 219 -2029 219 *
Ve
1.5e-07
-14.2365 16.518 13.95
0 0

0101101
*
Ed
 1.5e-07 1 1 0
1  998 0 0 6.441
0

0101000
+2027 219 -2031 219 *
Ve
1.5e-07
-12.723 10.665 13.95
0 0

0101101
*
Ed
 1.5e-07 1 1 0
1  999 0 0 1.00763609502638
0

0101000
+2029 219 -2025 219 *
Ve
1.5e-07
-14.2365 13.4805 13.95
0 0

0101101
*
Ed
 1.5e-07 1 1 0
1  1000 0 0 3.0375
0

0101000
+2023 219 -2027 219 *
Ve
1.5e-07
-11.7795 11.1045 13.95
0 0

0101101
*
Ed
 1.5e-07 1 1 0
1  1001 0 0 1.04084220706118
0

0101000
+2025 219 -2021 219 *
Ve
1.5e-07
-13.527 14.5935 13.95
0 0

0101101
*
Ed
 1.5e-07 1 1 0
1  1002 0 0 1.31990880366789
0

0101000
+2019 219 -2023 219 *
Ve
1.5e-07
-10.632 11.253 13.95
0 0

0101101
*
Ed
 1.5e-07 1 1 0
1  1003 0 0 1.15706892620967
0

0101000
+2021 219 -2017 219 *
Ve
1.5e-07
-12.5025 15.561 13.95
0 0

0101101
*
Ed
 1.5e-07 1 1 0
1  1004 0 0 1.40913324423207
0

0101000
+2015 219 -2019 219 *
Ve
1.5e-07
-9.4395 11.0835 13.95
0 0

0101101
*
Ed
 1.5e-07 1 1 0
1  1005 0 0 1.20448598995588
0

0101000
+2017 219 -2013 219 *
Ve
1.5e-07
-11.2155 16.3245 13.95
0 0

0101101
*
Ed
 1.5e-07 1 1 0
1  1006 0 0 1.49642950051113
0

0101000
+2011 219 -2015 219 *
Ve
1.5e-07
-8.529 10.605 13.95
0 0

0101101
*
Ed
 1.5e-07 1 1 0
1  1007 0 0 1.02857790176535
0

0101000
+2013 219 -2009 219 *
Ve
1.5e-07
-9.7245 16.824 13.95
0 0

0101101
*
Ed
 1.5e-07 1 1 0
1  1008 0 0 1.5724443551363
0

0101000
+2007 219 -2011 219 *
Ve
1.5e-07
-7.8915 9.8535 13.95
0 0

0101101
*
Ed
 1.5e-07 1 1 0
1  1009 0 0 0.985473743942476
0

0101000
+2009 219 -2005 219 *
Ve
1.5e-07
-8.0805 17.004 13.95
0 0

0101101
*
Ed
 1.5e-07 1 1 0
1  1010 0 0 1.65382465817873
0

0101000
+2003 219 -2007 219 *
Ve
1.5e-07
-7.515 8.868 13.95
0 0

0101101
*
Ed
 1.5e-07 1 1 0
1  1011 0 0 1.05497037873108
0

0101000
+2005 219 -2001 219 *
Ve
1.5e-07
-5.436 16.6155 13.95
0 0

0101101
*
Ed
 1.5e-07 1 1 0
1  1012 0 0 2.67288467764698
0

0101000
+1999 219 -2003 219 *
Ve
1.5e-07
-7.392 7.689 13.95
0 0

0101101
*
Ed
 1.5e-07 1 1 0
1  1013 0 0 1.18539866711584
0

0101000
+2001 219 -1997 219 *
Ve
1.5e-07
-3.3825 15.51 13.95
0 0

0101101
*
Ed
 1.5e-07 1 1 0
1  1014 0 0 2.33216476690649
0

0101000
+1995 219 -1999 219 *
Ve
1.5e-07
-7.392 -3.8955 13.95
0 0

0101101
*
Ed
 1.5e-07 1 1 0
1  1015 0 0 11.5845
0

0101000
+1997 219 -1993 219 *
Ve
1.5e-07
-1.9185 13.776 13.95
0 0

0101101
*
Ed
 1.5e-07 1 1 0
1  1016 0 0 2.269372600522
0

0101000
+1991 219 -1995 219 *
Ve
1.5e-07
-0.75 -3.8955 13.95
0 0

0101101
*
Ed
 1.5e-07 1 1 0
1  1017 0 0 6.642
0

0101000
+1993 219 -1989 219 *
Ve
1.5e-07
-1.041 11.5035 13.95
0 0

0101101
*
Ed
 1.5e-07 1 1 0
1  1018 0 0 2.43603417463713
0

0101000
+1987 219 -1991 219 *
Ve
1.5e-07
-0.75 8.7825 13.95
0 0

0101101
*
Ed
 1.5e-07 1 1 0
1  1019 0 0 12.678
0

0101000
+1989 219 -1985 219 *
Ed
 1.5e-07 1 1 0
1  1020 0 0 2.73651639863531
0

0101000
+1985 219 -1987 219 *
Wi

0101100
-2036 218 -2034 218 -2032 218 -2030 218 -2028 218 -2026 218 -2024 218 -2022 218 -2020 218 -2018 218 
-2016 218 -2014 218 -2012 218 -2010 218 -2008 218 -2006 218 -2004 218 -2002 218 -2000 218 -1998 218 
-1996 218 -1994 218 -1992 218 -1990 218 -1988 218 -1986 218 -1984 218 -1983 218 *
Ve
1.5e-07
25.089 6.3105 13.95
0 0

0101101
*
Ve
1.5e-07
24.606 9.5385 13.95
0 0

0101101
*
Ed
 1.5e-07 1 1 0
1  1021 0 0 3.26393520156268
0

0101000
+1981 223 -1980 223 *
Ve
1.5e-07
24.606 3.084 13.95
0 0

0101101
*
Ed
 1.5e-07 1 1 0
1  1022 0 0 3.26245172378075
0

0101000
+1978 223 -1981 223 *
Ve
1.5e-07
23.1855 12.4545 13.95
0 0

0101101
*
Ed
 1.5e-07 1 1 0
1  1023 0 0 3.24359002495692
0

0101000
+1980 223 -1976 223 *
Ve
1.5e-07
23.1855 0.168 13.95
0 0

0101101
*
Ed
 1.5e-07 1 1 0
1  1024 0 0 3.24359002495691
0

0101000
+1974 223 -1978 223 *
Ve
1.5e-07
20.8725 14.826 13.95
0 0

0101101
*
Ed
 1.5e-07 1 1 0
1  1025 0 0 3.31269999396263
0

0101000
+1976 223 -1972 223 *
Ve
1.5e-07
20.8725 -2.205 13.95
0 0

0101101
*
Ed
 1.5e-07 1 1 0
1  1026 0 0 3.31377398142963
0

0101000
+1970 223 -1974 223 *
Ve
1.5e-07
17.712 16.4205 13.95
0 0

0101101
*
Ed
 1.5e-07 1 1 0
1  1027 0 0 3.53994216054443
0

0101000
+1972 223 -1968 223 *
Ve
1.5e-07
17.712 -3.798 13.95
0 0

0101101
*
Ed
 1.5e-07 1 1 0
1  1028 0 0 3.53926676728387
0

0101000
+1966 223 -1970 223 *
Ve
1.5e-07
13.749 17.004 13.95
0 0

0101101
*
Ed
 1.5e-07 1 1 0
1  1029 0 0 4.00572605778278
0

0101000
+1968 223 -1964 223 *
Ve
1.5e-07
13.749 -4.3815 13.95
0 0

0101101
*
Ed
 1.5e-07 1 1 0
1  1030 0 0 4.00572605778278
0

0101000
+1962 223 -1966 223 *
Ve
1.5e-07
9.7845 16.4205 13.95
0 0

0101101
*
Ed
 1.5e-07 1 1 0
1  1031 0 0 4.00721006437147
0

0101000
+1964 223 -1960 223 *
Ve
1.5e-07
9.7845 -3.798 13.95
0 0

0101101
*
Ed
 1.5e-07 1 1 0
1  1032 0 0 4.00721006437147
0

0101000
+1958 223 -1962 223 *
Ve
1.5e-07
6.624 14.826 13.95
0 0

0101101
*
Ed
 1.5e-07 1 1 0
1  1033 0 0 3.53994216054443
0

0101000
+1960 223 -1956 223 *
Ve
1.5e-07
6.624 -2.205 13.95
0 0

0101101
*
Ed
 1.5e-07 1 1 0
1  1034 0 0 3.53926676728387
0

0101000
+1954 223 -1958 223 *
Ve
1.5e-07
4.311 12.4545 13.95
0 0

0101101
*
Ed
 1.5e-07 1 1 0
1  1035 0 0 3.31269999396263
0

0101000
+1956 223 -1952 223 *
Ve
1.5e-07
4.311 0.168 13.95
0 0

0101101
*
Ed
 1.5e-07 1 1 0
1  1036 0 0 3.31377398142963
0

0101000
+1950 223 -1954 223 *
Ve
1.5e-07
2.8905 9.5385 13.95
0 0

0101101
*
Ed
 1.5e-07 1 1 0
1  1037 0 0 3.24359002495692
0

0101000
+1952 223 -1948 223 *
Ve
1.5e-07
2.8905 3.084 13.95
0 0

0101101
*
Ed
 1.5e-07 1 1 0
1  1038 0 0 3.24359002495691
0

0101000
+1946 223 -1950 223 *
Ve
1.5e-07
2.4075 6.3105 13.95
0 0

0101101
*
Ed
 1.5e-07 1 1 0
1  1039 0 0 3.26393520156268
0

0101000
+1948 223 -1944 223 *
Ed
 1.5e-07 1 1 0
1  1040 0 0 3.26245172378075
0

0101000
+1944 223 -1946 223 *
Wi

0101100
-1979 222 -1977 222 -1975 222 -1973 222 -1971 222 -1969 222 -1967 222 -1965 222 -1963 222 -1961 222 
-1959 222 -1957 222 -1955 222 -1953 222 -1951 222 -1949 222 -1947 222 -1945 222 -1943 222 -1942 222 
*
Ve
1.5e-07
35.091 -3.8955 13.95
0 0

0101101
*
Ve
1.5e-07
35.091 7.7295 13.95
0 0

0101101
*
Ed
 1.5e-07 1 1 0
1  1041 0 0 11.625
0

0101000
+1940 227 -1939 227 *
Ve
1.5e-07
28.449 -3.8955 13.95
0 0

0101101
*
Ed
 1.5e-07 1 1 0
1  1042 0 0 6.642
0

0101000
+1937 227 -1940 227 *
Ve
1.5e-07
35.2335 8.967 13.95
0 0

0101101
*
Ed
 1.5e-07 1 1 0
1  1043 0 0 1.2456775264891
0

0101000
+1939 227 -1935 227 *
Ve
1.5e-07
28.449 16.518 13.95
0 0

0101101
*
Ed
 1.5e-07 1 1 0
1  1044 0 0 20.4135
0

0101000
+1933 227 -1937 227 *
Ve
1.5e-07
35.6505 9.9495 13.95
0 0

0101101
*
Ed
 1.5e-07 1 1 0
1  1045 0 0 1.06733089995558
0

0101000
+1935 227 -1931 227 *
Ve
1.5e-07
34.8885 16.518 13.95
0 0

0101101
*
Ed
 1.5e-07 1 1 0
1  1046 0 0 6.4395
0

0101000
+1929 227 -1933 227 *
Ve
1.5e-07
36.324 10.665 13.95
0 0

0101101
*
Ed
 1.5e-07 1 1 0
1  1047 0 0 0.982620221652294
0

0101000
+1931 227 -1927 227 *
Ve
1.5e-07
34.8885 13.4805 13.95
0 0

0101101
*
Ed
 1.5e-07 1 1 0
1  1048 0 0 3.0375
0

0101000
+1925 227 -1929 227 *
Ve
1.5e-07
37.2375 11.1045 13.95
0 0

0101101
*
Ed
 1.5e-07 1 1 0
1  1049 0 0 1.01372703426514
0

0101000
+1927 227 -1923 227 *
Ve
1.5e-07
35.5815 14.5935 13.95
0 0

0101101
*
Ed
 1.5e-07 1 1 0
1  1050 0 0 1.31111326741819
0

0101000
+1921 227 -1925 227 *
Ve
1.5e-07
38.3715 11.253 13.95
0 0

0101101
*
Ed
 1.5e-07 1 1 0
1  1051 0 0 1.14368188321753
0

0101000
+1923 227 -1919 227 *
Ve
1.5e-07
36.567 15.561 13.95
0 0

0101101
*
Ed
 1.5e-07 1 1 0
1  1052 0 0 1.3810381964305
0

0101000
+1917 227 -1921 227 *
Ve
1.5e-07
39.552 11.0835 13.95
0 0

0101101
*
Ed
 1.5e-07 1 1 0
1  1053 0 0 1.19260659900908
0

0101000
+1919 227 -1915 227 *
Ve
1.5e-07
37.8045 16.3245 13.95
0 0

0101101
*
Ed
 1.5e-07 1 1 0
1  1054 0 0 1.45407651105435
0

0101000
+1913 227 -1917 227 *
Ve
1.5e-07
40.4325 10.605 13.95
0 0

0101101
*
Ed
 1.5e-07 1 1 0
1  1055 0 0 1.0021190049091
0

0101000
+1915 227 -1911 227 *
Ve
1.5e-07
39.2565 16.824 13.95
0 0

0101101
*
Ed
 1.5e-07 1 1 0
1  1056 0 0 1.53551432751375
0

0101000
+1909 227 -1913 227 *
Ve
1.5e-07
41.034 9.8535 13.95
0 0

0101101
*
Ed
 1.5e-07 1 1 0
1  1057 0 0 0.962577009906224
0

0101000
+1911 227 -1907 227 *
Ve
1.5e-07
40.884 17.004 13.95
0 0

0101101
*
Ed
 1.5e-07 1 1 0
1  1058 0 0 1.63742366234277
0

0101000
+1905 227 -1909 227 *
Ve
1.5e-07
41.3805 8.868 13.95
0 0

0101101
*
Ed
 1.5e-07 1 1 0
1  1059 0 0 1.04463989010568
0

0101000
+1907 227 -1903 227 *
Ve
1.5e-07
42.609 16.848 13.95
0 0

0101101
*
Ed
 1.5e-07 1 1 0
1  1060 0 0 1.73203954920204
0

0101000
+1901 227 -1905 227 *
Ve
1.5e-07
41.4915 7.689 13.95
0 0

0101101
*
Ed
 1.5e-07 1 1 0
1  1061 0 0 1.18421366315374
0

0101000
+1903 227 -1899 227 *
Ve
1.5e-07
44.094 16.3935 13.95
0 0

0101101
*
Ed
 1.5e-07 1 1 0
1  1062 0 0 1.55299557307805
0

0101000
+1897 227 -1901 227 *
Ve
1.5e-07
41.4915 -3.8955 13.95
0 0

0101101
*
Ed
 1.5e-07 1 1 0
1  1063 0 0 11.5845
0

0101000
+1899 227 -1895 227 *
Ve
1.5e-07
45.339 15.666 13.95
0 0

0101101
*
Ed
 1.5e-07 1 1 0
1  1064 0 0 1.44197130692673
0

0101000
+1893 227 -1897 227 *
Ve
1.5e-07
48.1335 -3.8955 13.95
0 0

0101101
*
Ed
 1.5e-07 1 1 0
1  1065 0 0 6.642
0

0101000
+1895 227 -1891 227 *
Ve
1.5e-07
46.347 14.6865 13.95
0 0

0101101
*
Ed
 1.5e-07 1 1 0
1  1066 0 0 1.40551921011419
0

0101000
+1889 227 -1893 227 *
Ve
1.5e-07
48.1335 7.932 13.95
0 0

0101101
*
Ed
 1.5e-07 1 1 0
1  1067 0 0 11.8275
0

0101000
+1891 227 -1887 227 *
Ve
1.5e-07
47.121 13.4805 13.95
0 0

0101101
*
Ed
 1.5e-07 1 1 0
1  1068 0 0 1.43300802509965
0

0101000
+1885 227 -1889 227 *
Ve
1.5e-07
48.2835 9.0705 13.95
0 0

0101101
*
Ed
 1.5e-07 1 1 0
1  1069 0 0 1.14833890903339
0

0101000
+1887 227 -1883 227 *
Ve
1.5e-07
48.0075 14.625 13.95
0 0

0101101
*
Ed
 1.5e-07 1 1 0
1  1070 0 0 1.44767485990467
0

0101000
+1881 227 -1885 227 *
Ve
1.5e-07
48.717 9.993 13.95
0 0

0101101
*
Ed
 1.5e-07 1 1 0
1  1071 0 0 1.0192784212373
0

0101000
+1883 227 -1879 227 *
Ve
1.5e-07
49.149 15.5955 13.95
0 0

0101101
*
Ed
 1.5e-07 1 1 0
1  1072 0 0 1.49829653273309
0

0101000
+1877 227 -1881 227 *
Ve
1.5e-07
49.4025 10.6785 13.95
0 0

0101101
*
Ed
 1.5e-07 1 1 0
1  1073 0 0 0.969443397006757
0

0101000
+1879 227 -1875 227 *
Ve
1.5e-07
50.5275 16.347 13.95
0 0

0101101
*
Ed
 1.5e-07 1 1 0
1  1074 0 0 1.5700364645447
0

0101000
+1873 227 -1877 227 *
Ve
1.5e-07
50.31 11.106 13.95
0 0

0101101
*
Ed
 1.5e-07 1 1 0
1  1075 0 0 1.00315128470236
0

0101000
+1875 227 -1871 227 *
Ve
1.5e-07
52.125 16.8315 13.95
0 0

0101101
*
Ed
 1.5e-07 1 1 0
1  1076 0 0 1.66935511500699
0

0101000
+1869 227 -1873 227 *
Ve
1.5e-07
51.414 11.253 13.95
0 0

0101101
*
Ed
 1.5e-07 1 1 0
1  1077 0 0 1.1137436868508
0

0101000
+1871 227 -1867 227 *
Ve
1.5e-07
53.925 17.004 13.95
0 0

0101101
*
Ed
 1.5e-07 1 1 0
1  1078 0 0 1.8082467337175
0

0101000
+1865 227 -1869 227 *
Ve
1.5e-07
52.593 11.0835 13.95
0 0

0101101
*
Ed
 1.5e-07 1 1 0
1  1079 0 0 1.1911218451527
0

0101000
+1867 227 -1863 227 *
Ve
1.5e-07
56.5605 16.6155 13.95
0 0

0101101
*
Ed
 1.5e-07 1 1 0
1  1080 0 0 2.6639805742535
0

0101000
+1861 227 -1865 227 *
Ve
1.5e-07
53.4735 10.605 13.95
0 0

0101101
*
Ed
 1.5e-07 1 1 0
1  1081 0 0 1.0021190049091
0

0101000
+1863 227 -1859 227 *
Ve
1.5e-07
58.5945 15.51 13.95
0 0

0101101
*
Ed
 1.5e-07 1 1 0
1  1082 0 0 2.31501322890389
0

0101000
+1857 227 -1861 227 *
Ve
1.5e-07
54.0765 9.8535 13.95
0 0

0101101
*
Ed
 1.5e-07 1 1 0
1  1083 0 0 0.963515049181902
0

0101000
+1859 227 -1855 227 *
Ve
1.5e-07
60.0345 13.776 13.95
0 0

0101101
*
Ed
 1.5e-07 1 1 0
1  1084 0 0 2.2539645072627
0

0101000
+1853 227 -1857 227 *
Ve
1.5e-07
54.423 8.868 13.95
0 0

0101101
*
Ed
 1.5e-07 1 1 0
1  1085 0 0 1.04463989010567
0

0101000
+1855 227 -1851 227 *
Ve
1.5e-07
60.8925 11.5035 13.95
0 0

0101101
*
Ed
 1.5e-07 1 1 0
1  1086 0 0 2.42907806585132
0

0101000
+1849 227 -1853 227 *
Ve
1.5e-07
54.5325 7.689 13.95
0 0

0101101
*
Ed
 1.5e-07 1 1 0
1  1087 0 0 1.18407400528852
0

0101000
+1851 227 -1847 227 *
Ve
1.5e-07
61.176 8.7825 13.95
0 0

0101101
*
Ed
 1.5e-07 1 1 0
1  1088 0 0 2.73572901618563
0

0101000
+1845 227 -1849 227 *
Ve
1.5e-07
54.5325 -3.8955 13.95
0 0

0101101
*
Ed
 1.5e-07 1 1 0
1  1089 0 0 11.5845
0

0101000
+1847 227 -1843 227 *
Ve
1.5e-07
61.176 -3.8955 13.95
0 0

0101101
*
Ed
 1.5e-07 1 1 0
1  1090 0 0 12.678
0

0101000
+1841 227 -1845 227 *
Ed
 1.5e-07 1 1 0
1  1091 0 0 6.6435
0

0101000
+1843 227 -1841 227 *
Wi

0101100
-1938 226 -1936 226 -1934 226 -1932 226 -1930 226 -1928 226 -1926 226 -1924 226 -1922 226 -1920 226 
-1918 226 -1916 226 -1914 226 -1912 226 -1910 226 -1908 226 -1906 226 -1904 226 -1902 226 -1900 226 
-1898 226 -1896 226 -1894 226 -1892 226 -1890 226 -1888 226 -1886 226 -1884 226 -1882 226 -1880 226 
-1878 226 -1876 226 -1874 226 -1872 226 -1870 226 -1868 226 -1866 226 -1864 226 -1862 226 -1860 226 
-1858 226 -1856 226 -1854 226 -1852 226 -1850 226 -1848 226 -1846 226 -1844 226 -1842 226 -1840 226 
-1839 226 *
Ve
1.5e-07
71.901 -7.725 13.95
0 0

0101101
*
Ve
1.5e-07
71.8605 16.5645 13.95
0 0

0101101
*
Ed
 1.5e-07 1 1 0
1  1092 0 0 24.2895337645662
0

0101000
+1837 231 -1836 231 *
Ve
1.5e-07
65.3595 16.5645 13.95
0 0

0101101
*
Ed
 1.5e-07 1 1 0
1  1093 0 0 6.50099999999999
0

0101000
+1836 231 -1834 231 *
Ve
1.5e-07
65.3925 -2.2995 13.95
0 0

0101101
*
Ed
 1.5e-07 1 1 0
1  1094 0 0 18.8640288644817
0

0101000
+1834 231 -1832 231 *
Ed
 1.5e-07 1 1 0
1  1095 0 0 8.4732887652906
0

0101000
+1832 231 -1837 231 *
Wi

0101100
-1835 230 -1833 230 -1831 230 -1830 230 *
Fa
0  1.5e-07 315 183

0101000
+2374 0 +2367 0 +2358 0 +2245 0 +2194 0 +2137 0 +2096 0 +2039 0 +1982 0 +1941 0 
+1838 0 +1829 0 *
Wi

0101100
+2821 148 +2810 148 +2807 148 +2816 148 *
Fa
0  1.5e-07 316 0

0101000
-1827 0 *
Wi

0101100
+2801 148 +2790 148 +2787 148 +2796 148 *
Fa
0  1.5e-07 317 0

0101000
-1825 0 *
Wi

0101100
+2781 148 +2770 148 +2767 148 +2776 148 *
Fa
0  1.5e-07 318 0

0101000
-1823 0 *
Wi

0101100
+2761 148 +2750 148 +2747 148 +2756 148 *
Fa
0  1.5e-07 319 0

0101000
-1821 0 *
Wi

0101100
+2741 148 +2730 148 +2727 148 +2736 148 *
Fa
0  1.5e-07 320 0

0101000
-1819 0 *
Wi

0101100
+2721 148 +2710 148 +2707 148 +2716 148 *
Fa
0  1.5e-07 321 0

0101000
-1817 0 *
Wi

0101100
+2701 148 +2690 148 +2687 148 +2696 148 *
Fa
0  1.5e-07 322 0

0101000
-1815 0 *
Wi

0101100
+2681 148 +2670 148 +2667 148 +2676 148 *
Fa
0  1.5e-07 323 0

0101000
-1813 0 *
Wi

0101100
+2661 148 +2650 148 +2647 148 +2656 148 *
Fa
0  1.5e-07 324 0

0101000
-1811 0 *
Wi

0101100
+2641 128 +2635 128 +2630 128 +2627 128 *
Fa
0  1.5e-07 325 0

0101000
-1809 0 *
Wi

0101100
+2621 128 +2615 128 +2610 128 +2607 128 *
Fa
0  1.5e-07 326 0

0101000
-1807 0 *
Wi

0101100
+2601 128 +2595 128 +2590 128 +2587 128 *
Fa
0  1.5e-07 327 0

0101000
-1805 0 *
Wi

0101100
+2581 128 +2575 128 +2570 128 +2567 128 *
Fa
0  1.5e-07 328 0

0101000
-1803 0 *
Wi

0101100
+2561 128 +2555 128 +2550 128 +2547 128 *
Fa
0  1.5e-07 329 0

0101000
-1801 0 *
Wi

0101100
+2530 128 +2527 128 +2536 128 +2541 128 *
Fa
0  1.5e-07 330 0

0101000
-1799 0 *
Wi

0101100
+2510 128 +2507 128 +2516 128 +2521 128 *
Fa
0  1.5e-07 331 0

0101000
-1797 0 *
Wi

0101100
+2490 128 +2487 128 +2496 128 +2501 128 *
Fa
0  1.5e-07 332 0

0101000
-1795 0 *
Wi

0101100
+2470 128 +2467 128 +2476 128 +2481 128 *
Fa
0  1.5e-07 333 0

0101000
-1793 0 *
Wi

0101100
+2450 128 +2447 128 +2456 128 +2461 128 *
Fa
0  1.5e-07 334 0

0101000
-1791 0 *
Ve
1.5e-07
65.4105 -13.7775 15
0 0

0101101
*
Ed
 1.5e-07 1 1 0
1  1096 0 0 1.05
0

0101000
+2373 0 -1789 0 *
Ve
1.5e-07
65.4195 -19.5765 15
0 0

0101101
*
Ed
 1.5e-07 1 1 0
1  1097 0 0 1.05
0

0101000
+2372 0 -1787 0 *
Ed
 1.5e-07 1 1 0
1  1098 0 0 5.79900698395855
0

0101000
+1789 234 -1787 234 *
Wi

0101100
+1788 0 -1786 0 -2371 188 +1785 233 *
Fa
0  1.5e-07 335 0

0101000
+1784 0 *
Ve
1.5e-07
71.9205 -19.5765 15
0 0

0101101
*
Ed
 1.5e-07 1 1 0
1  1099 0 0 1.05
0

0101000
+2370 0 -1782 0 *
Ed
 1.5e-07 1 1 0
1  1100 0 0 6.501
0

0101000
+1787 234 -1782 234 *
Wi

0101100
+1786 0 -1781 0 -2369 188 +1780 233 *
Fa
0  1.5e-07 336 0

0101000
+1779 0 *
Ed
 1.5e-07 1 1 0
1  1101 0 0 8.71828543923632
0

0101000
+1782 234 -1789 234 *
Wi

0101100
+1781 0 -1788 0 -2368 188 +1777 233 *
Fa
0  1.5e-07 337 0

0101000
+1776 0 *
Ve
1.5e-07
71.907 -11.355 15
0 0

0101101
*
Ed
 1.5e-07 1 1 0
1  1102 0 0 1.05
0

0101000
+2366 0 -1774 0 *
Ve
1.5e-07
65.3985 -5.8935 15
0 0

0101101
*
Ed
 1.5e-07 1 1 0
1  1103 0 0 1.05
0

0101000
+2365 0 -1772 0 *
Ed
 1.5e-07 1 1 0
1  1104 0 0 8.49638479001511
0

0101000
+1774 237 -1772 237 *
Wi

0101100
+1773 0 -1771 0 -2364 192 +1770 236 *
Fa
0  1.5e-07 338 0

0101000
+1769 0 *
Ve
1.5e-07
65.4045 -10.185 15
0 0

0101101
*
Ed
 1.5e-07 1 1 0
1  1105 0 0 1.05
0

0101000
+2363 0 -1767 0 *
Ed
 1.5e-07 1 1 0
1  1106 0 0 4.2915041943356
0

0101000
+1772 237 -1767 237 *
Wi

0101100
+1771 0 -1766 0 -2362 192 +1765 236 *
Fa
0  1.5e-07 339 0

0101000
+1764 0 *
Ve
1.5e-07
71.9145 -15.609 15
0 0

0101101
*
Ed
 1.5e-07 1 1 0
1  1107 0 0 1.05
0

0101000
+2361 0 -1762 0 *
Ed
 1.5e-07 1 1 0
1  1108 0 0 8.47348074878323
0

0101000
+1767 237 -1762 237 *
Wi

0101100
+1766 0 -1761 0 -2360 192 +1760 236 *
Fa
0  1.5e-07 340 0

0101000
+1759 0 *
Ed
 1.5e-07 1 1 0
1  1109 0 0 4.25400661141941
0

0101000
+1762 237 -1774 237 *
Wi

0101100
+1761 0 -1773 0 -2359 192 +1757 236 *
Fa
0  1.5e-07 341 0

0101000
+1756 0 *
Ve
1.5e-07
96.786 -13.6245 15
0 0

0101101
*
Ed
 1.5e-07 1 1 0
1  1110 0 0 1.05
0

0101000
+2357 0 -1754 0 *
Ve
1.5e-07
96.258 -13.731 15
0 0

0101101
*
Ed
 1.5e-07 1 1 0
1  1111 0 0 1.05
0

0101000
+2356 0 -1752 0 *
Ed
 1.5e-07 1 1 0
1  1112 0 0 0.538633688140657
0

0101000
+1754 240 -1752 240 *
Wi

0101100
+1753 0 -1751 0 -2355 197 +1750 239 *
Fa
0  1.5e-07 342 0

0101000
+1749 0 *
Ve
1.5e-07
102.0315 -17.9115 15
0 0

0101101
*
Ed
 1.5e-07 1 1 0
1  1113 0 0 1.05
0

0101000
+2354 0 -1747 0 *
Ed
 1.5e-07 1 1 0
1  1114 0 0 6.77448442687708
0

0101000
+1747 240 -1754 240 *
Wi

0101100
+1746 0 -1753 0 -2353 197 +1745 239 *
Fa
0  1.5e-07 343 0

0101000
+1744 0 *
Ve
1.5e-07
95.715 -13.815 15
0 0

0101101
*
Ed
 1.5e-07 1 1 0
1  1115 0 0 1.05
0

0101000
+2352 0 -1742 0 *
Ed
 1.5e-07 1 1 0
1  1116 0 0 0.549458824662951
0

0101000
+1752 240 -1742 240 *
Wi

0101100
+1751 0 -1741 0 -2351 197 +1740 239 *
Fa
0  1.5e-07 344 0

0101000
+1739 0 *
Ve
1.5e-07
100.5795 -18.462 15
0 0

0101101
*
Ed
 1.5e-07 1 1 0
1  1117 0 0 1.05
0

0101000
+2350 0 -1737 0 *
Ed
 1.5e-07 1 1 0
1  1118 0 0 1.55285358292404
0

0101000
+1737 240 -1747 240 *
Wi

0101100
+1736 0 -1746 0 -2349 197 +1735 239 *
Fa
0  1.5e-07 345 0

0101000
+1734 0 *
Ve
1.5e-07
95.1585 -13.8765 15
0 0

0101101
*
Ed
 1.5e-07 1 1 0
1  1119 0 0 1.05
0

0101000
+2348 0 -1732 0 *
Ed
 1.5e-07 1 1 0
1  1120 0 0 0.559887935215614
0

0101000
+1742 240 -1732 240 *
Wi

0101100
+1741 0 -1731 0 -2347 197 +1730 239 *
Fa
0  1.5e-07 346 0

0101000
+1729 0 *
Ve
1.5e-07
99.0495 -18.9015 15
0 0

0101101
*
Ed
 1.5e-07 1 1 0
1  1121 0 0 1.05
0

0101000
+2346 0 -1727 0 *
Ed
 1.5e-07 1 1 0
1  1122 0 0 1.5918731890449
0

0101000
+1727 240 -1737 240 *
Wi

0101100
+1726 0 -1736 0 -2345 197 +1725 239 *
Fa
0  1.5e-07 347 0

0101000
+1724 0 *
Ve
1.5e-07
94.587 -13.914 15
0 0

0101101
*
Ed
 1.5e-07 1 1 0
1  1123 0 0 1.05
0

0101000
+2344 0 -1722 0 *
Ed
 1.5e-07 1 1 0
1  1124 0 0 0.572728993503909
0

0101000
+1732 240 -1722 240 *
Wi

0101100
+1731 0 -1721 0 -2343 197 +1720 239 *
Fa
0  1.5e-07 348 0

0101000
+1719 0 *
Ve
1.5e-07
97.4415 -19.2225 15
0 0

0101101
*
Ed
 1.5e-07 1 1 0
1  1125 0 0 1.05
0

0101000
+2342 0 -1717 0 *
Ed
 1.5e-07 1 1 0
1  1126 0 0 1.63972711144264
0

0101000
+1717 240 -1727 240 *
Wi

0101100
+1716 0 -1726 0 -2341 197 +1715 239 *
Fa
0  1.5e-07 349 0

0101000
+1714 0 *
Ve
1.5e-07
93.999 -13.926 15
0 0

0101101
*
Ed
 1.5e-07 1 1 0
1  1127 0 0 1.05
0

0101000
+2340 0 -1712 0 *
Ed
 1.5e-07 1 1 0
1  1128 0 0 0.588122436232461
0

0101000
+1722 240 -1712 240 *
Wi

0101100
+1721 0 -1711 0 -2339 197 +1710 239 *
Fa
0  1.5e-07 350 0

0101000
+1709 0 *
Ve
1.5e-07
95.7585 -19.4205 15
0 0

0101101
*
Ed
 1.5e-07 1 1 0
1  1129 0 0 1.05
0

0101000
+2338 0 -1707 0 *
Ed
 1.5e-07 1 1 0
1  1130 0 0 1.69460703409375
0

0101000
+1707 240 -1717 240 *
Wi

0101100
+1706 0 -1716 0 -2337 197 +1705 239 *
Fa
0  1.5e-07 351 0

0101000
+1704 0 *
Ve
1.5e-07
89.847 -13.2375 15
0 0

0101101
*
Ed
 1.5e-07 1 1 0
1  1131 0 0 1.05
0

0101000
+2336 0 -1702 0 *
Ed
 1.5e-07 1 1 0
1  1132 0 0 4.20869769049761
0

0101000
+1712 240 -1702 240 *
Wi

0101100
+1711 0 -1701 0 -2335 197 +1700 239 *
Fa
0  1.5e-07 352 0

0101000
+1699 0 *
Ve
1.5e-07
94.002 -19.488 15
0 0

0101101
*
Ed
 1.5e-07 1 1 0
1  1133 0 0 1.05
0

0101000
+2334 0 -1697 0 *
Ed
 1.5e-07 1 1 0
1  1134 0 0 1.75779648992709
0

0101000
+1697 240 -1707 240 *
Wi

0101100
+1696 0 -1706 0 -2333 197 +1695 239 *
Fa
0  1.5e-07 353 0

0101000
+1694 0 *
Ve
1.5e-07
86.607 -11.361 15
0 0

0101101
*
Ed
 1.5e-07 1 1 0
1  1135 0 0 1.05
0

0101000
+2332 0 -1692 0 *
Ed
 1.5e-07 1 1 0
1  1136 0 0 3.74417577712372
0

0101000
+1702 240 -1692 240 *
Wi

0101100
+1701 0 -1691 0 -2331 197 +1690 239 *
Fa
0  1.5e-07 354 0

0101000
+1689 0 *
Ve
1.5e-07
87.723 -18.567 15
0 0

0101101
*
Ed
 1.5e-07 1 1 0
1  1137 0 0 1.05
0

0101000
+2330 0 -1687 0 *
Ed
 1.5e-07 1 1 0
1  1138 0 0 6.34618641390245
0

0101000
+1687 240 -1697 240 *
Wi

0101100
+1686 0 -1696 0 -2329 197 +1685 239 *
Fa
0  1.5e-07 355 0

0101000
+1684 0 *
Ve
1.5e-07
84.288 -8.58 15
0 0

0101101
*
Ed
 1.5e-07 1 1 0
1  1139 0 0 1.05
0

0101000
+2328 0 -1682 0 *
Ed
 1.5e-07 1 1 0
1  1140 0 0 3.62101118473832
0

0101000
+1692 240 -1682 240 *
Wi

0101100
+1691 0 -1681 0 -2327 197 +1680 239 *
Fa
0  1.5e-07 356 0

0101000
+1679 0 *
Ve
1.5e-07
82.602 -16.0035 15
0 0

0101101
*
Ed
 1.5e-07 1 1 0
1  1141 0 0 1.05
0

0101000
+2326 0 -1677 0 *
Ed
 1.5e-07 1 1 0
1  1142 0 0 5.72679432579869
0

0101000
+1677 240 -1687 240 *
Wi

0101100
+1676 0 -1686 0 -2325 197 +1675 239 *
Fa
0  1.5e-07 357 0

0101000
+1674 0 *
Ve
1.5e-07
82.8915 -5.178 15
0 0

0101101
*
Ed
 1.5e-07 1 1 0
1  1143 0 0 1.05
0

0101000
+2324 0 -1672 0 *
Ed
 1.5e-07 1 1 0
1  1144 0 0 3.67747416714244
0

0101000
+1682 240 -1672 240 *
Wi

0101100
+1681 0 -1671 0 -2323 197 +1670 239 *
Fa
0  1.5e-07 358 0

0101000
+1669 0 *
Ve
1.5e-07
78.777 -12.096 15
0 0

0101101
*
Ed
 1.5e-07 1 1 0
1  1145 0 0 1.05
0

0101000
+2322 0 -1667 0 *
Ed
 1.5e-07 1 1 0
1  1146 0 0 5.46801437909594
0

0101000
+1667 240 -1677 240 *
Wi

0101100
+1666 0 -1676 0 -2321 197 +1665 239 *
Fa
0  1.5e-07 359 0

0101000
+1664 0 *
Ve
1.5e-07
82.425 -1.437 15
0 0

0101101
*
Ed
 1.5e-07 1 1 0
1  1147 0 0 1.05
0

0101000
+2320 0 -1662 0 *
Ed
 1.5e-07 1 1 0
1  1148 0 0 3.76997390574524
0

0101000
+1672 240 -1662 240 *
Wi

0101100
+1671 0 -1661 0 -2319 197 +1660 239 *
Fa
0  1.5e-07 360 0

0101000
+1659 0 *
Ve
1.5e-07
76.383 -7.1415 15
0 0

0101101
*
Ed
 1.5e-07 1 1 0
1  1149 0 0 1.05
0

0101000
+2318 0 -1657 0 *
Ed
 1.5e-07 1 1 0
1  1150 0 0 5.50257269374972
0

0101000
+1657 240 -1667 240 *
Wi

0101100
+1656 0 -1666 0 -2317 197 +1655 239 *
Fa
0  1.5e-07 361 0

0101000
+1654 0 *
Ve
1.5e-07
82.8915 2.3265 15
0 0

0101101
*
Ed
 1.5e-07 1 1 0
1  1151 0 0 1.05
0

0101000
+2316 0 -1652 0 *
Ed
 1.5e-07 1 1 0
1  1152 0 0 3.79230200537879
0

0101000
+1662 240 -1652 240 *
Wi

0101100
+1661 0 -1651 0 -2315 197 +1650 239 *
Fa
0  1.5e-07 362 0

0101000
+1649 0 *
Ve
1.5e-07
75.5535 -1.4355 15
0 0

0101101
*
Ed
 1.5e-07 1 1 0
1  1153 0 0 1.05
0

0101000
+2314 0 -1647 0 *
Ed
 1.5e-07 1 1 0
1  1154 0 0 5.76597834283134
0

0101000
+1647 240 -1657 240 *
Wi

0101100
+1646 0 -1656 0 -2313 197 +1645 239 *
Fa
0  1.5e-07 363 0

0101000
+1644 0 *
Ve
1.5e-07
84.288 5.733 15
0 0

0101101
*
Ed
 1.5e-07 1 1 0
1  1155 0 0 1.05
0

0101000
+2312 0 -1642 0 *
Ed
 1.5e-07 1 1 0
1  1156 0 0 3.68163747536337
0

0101000
+1652 240 -1642 240 *
Wi

0101100
+1651 0 -1641 0 -2311 197 +1640 239 *
Fa
0  1.5e-07 364 0

0101000
+1639 0 *
Ve
1.5e-07
76.383 4.269 15
0 0

0101101
*
Ed
 1.5e-07 1 1 0
1  1157 0 0 1.05
0

0101000
+2310 0 -1637 0 *
Ed
 1.5e-07 1 1 0
1  1158 0 0 5.76449395003586
0

0101000
+1637 240 -1647 240 *
Wi

0101100
+1636 0 -1646 0 -2309 197 +1635 239 *
Fa
0  1.5e-07 365 0

0101000
+1634 0 *
Ve
1.5e-07
86.607 8.5065 15
0 0

0101101
*
Ed
 1.5e-07 1 1 0
1  1159 0 0 1.05
0

0101000
+2308 0 -1632 0 *
Ed
 1.5e-07 1 1 0
1  1160 0 0 3.61525424417149
0

0101000
+1642 240 -1632 240 *
Wi

0101100
+1641 0 -1631 0 -2307 197 +1630 239 *
Fa
0  1.5e-07 366 0

0101000
+1629 0 *
Ve
1.5e-07
78.777 9.225 15
0 0

0101101
*
Ed
 1.5e-07 1 1 0
1  1161 0 0 1.05
0

0101000
+2306 0 -1627 0 *
Ed
 1.5e-07 1 1 0
1  1162 0 0 5.50392332795434
0

0101000
+1627 240 -1637 240 *
Wi

0101100
+1626 0 -1636 0 -2305 197 +1625 239 *
Fa
0  1.5e-07 367 0

0101000
+1624 0 *
Ve
1.5e-07
89.847 10.371 15
0 0

0101101
*
Ed
 1.5e-07 1 1 0
1  1163 0 0 1.05
0

0101000
+2304 0 -1622 0 *
Ed
 1.5e-07 1 1 0
1  1164 0 0 3.73817605925671
0

0101000
+1632 240 -1622 240 *
Wi

0101100
+1631 0 -1621 0 -2303 197 +1620 239 *
Fa
0  1.5e-07 368 0

0101000
+1619 0 *
Ve
1.5e-07
82.602 13.1325 15
0 0

0101101
*
Ed
 1.5e-07 1 1 0
1  1165 0 0 1.05
0

0101000
+2302 0 -1617 0 *
Ed
 1.5e-07 1 1 0
1  1166 0 0 5.46801437909594
0

0101000
+1617 240 -1627 240 *
Wi

0101100
+1616 0 -1626 0 -2301 197 +1615 239 *
Fa
0  1.5e-07 369 0

0101000
+1614 0 *
Ve
1.5e-07
93.999 11.055 15
0 0

0101101
*
Ed
 1.5e-07 1 1 0
1  1167 0 0 1.05
0

0101000
+2300 0 -1612 0 *
Ed
 1.5e-07 1 1 0
1  1168 0 0 4.20796387817195
0

0101000
+1622 240 -1612 240 *
Wi

0101100
+1621 0 -1611 0 -2299 197 +1610 239 *
Fa
0  1.5e-07 370 0

0101000
+1609 0 *
Ve
1.5e-07
87.723 15.6945 15
0 0

0101101
*
Ed
 1.5e-07 1 1 0
1  1169 0 0 1.05
0

0101000
+2298 0 -1607 0 *
Ed
 1.5e-07 1 1 0
1  1170 0 0 5.72612303395587
0

0101000
+1607 240 -1617 240 *
Wi

0101100
+1606 0 -1616 0 -2297 197 +1605 239 *
Fa
0  1.5e-07 371 0

0101000
+1604 0 *
Ve
1.5e-07
98.157 10.371 15
0 0

0101101
*
Ed
 1.5e-07 1 1 0
1  1171 0 0 1.05
0

0101000
+2296 0 -1602 0 *
Ed
 1.5e-07 1 1 0
1  1172 0 0 4.21388419394744
0

0101000
+1612 240 -1602 240 *
Wi

0101100
+1611 0 -1601 0 -2295 197 +1600 239 *
Fa
0  1.5e-07 372 0

0101000
+1599 0 *
Ve
1.5e-07
94.002 16.6155 15
0 0

0101101
*
Ed
 1.5e-07 1 1 0
1  1173 0 0 1.05
0

0101000
+2294 0 -1597 0 *
Ed
 1.5e-07 1 1 0
1  1174 0 0 6.34618641390245
0

0101000
+1597 240 -1607 240 *
Wi

0101100
+1596 0 -1606 0 -2293 197 +1595 239 *
Fa
0  1.5e-07 373 0

0101000
+1594 0 *
Ve
1.5e-07
101.409 8.5065 15
0 0

0101101
*
Ed
 1.5e-07 1 1 0
1  1175 0 0 1.05
0

0101000
+2292 0 -1592 0 *
Ed
 1.5e-07 1 1 0
1  1176 0 0 3.7485816317642
0

0101000
+1602 240 -1592 240 *
Wi

0101100
+1601 0 -1591 0 -2291 197 +1590 239 *
Fa
0  1.5e-07 374 0

0101000
+1589 0 *
Ve
1.5e-07
100.287 15.6945 15
0 0

0101101
*
Ed
 1.5e-07 1 1 0
1  1177 0 0 1.05
0

0101000
+2290 0 -1587 0 *
Ed
 1.5e-07 1 1 0
1  1178 0 0 6.35212295221055
0

0101000
+1587 240 -1597 240 *
Wi

0101100
+1586 0 -1596 0 -2289 197 +1585 239 *
Fa
0  1.5e-07 375 0

0101000
+1584 0 *
Ve
1.5e-07
103.7475 5.733 15
0 0

0101101
*
Ed
 1.5e-07 1 1 0
1  1179 0 0 1.05
0

0101000
+2288 0 -1582 0 *
Ed
 1.5e-07 1 1 0
1  1180 0 0 3.62779333755385
0

0101000
+1592 240 -1582 240 *
Wi

0101100
+1591 0 -1581 0 -2287 197 +1580 239 *
Fa
0  1.5e-07 376 0

0101000
+1579 0 *
Ve
1.5e-07
105.42 13.1325 15
0 0

0101101
*
Ed
 1.5e-07 1 1 0
1  1181 0 0 1.05
0

0101000
+2286 0 -1577 0 *
Ed
 1.5e-07 1 1 0
1  1182 0 0 5.73685741499647
0

0101000
+1577 240 -1587 240 *
Wi

0101100
+1576 0 -1586 0 -2285 197 +1575 239 *
Fa
0  1.5e-07 377 0

0101000
+1574 0 *
Ve
1.5e-07
105.1575 2.3265 15
0 0

0101101
*
Ed
 1.5e-07 1 1 0
1  1183 0 0 1.05
0

0101000
+2284 0 -1572 0 *
Ed
 1.5e-07 1 1 0
1  1184 0 0 3.68677938721589
0

0101000
+1582 240 -1572 240 *
Wi

0101100
+1581 0 -1571 0 -2283 197 +1570 239 *
Fa
0  1.5e-07 378 0

0101000
+1569 0 *
Ve
1.5e-07
109.26 9.225 15
0 0

0101101
*
Ed
 1.5e-07 1 1 0
1  1185 0 0 1.05
0

0101000
+2282 0 -1567 0 *
Ed
 1.5e-07 1 1 0
1  1186 0 0 5.47851770554774
0

0101000
+1567 240 -1577 240 *
Wi

0101100
+1566 0 -1576 0 -2281 197 +1565 239 *
Fa
0  1.5e-07 379 0

0101000
+1564 0 *
Ve
1.5e-07
105.63 -1.437 15
0 0

0101101
*
Ed
 1.5e-07 1 1 0
1  1187 0 0 1.05
0

0101000
+2280 0 -1562 0 *
Ed
 1.5e-07 1 1 0
1  1188 0 0 3.79304475322926
0

0101000
+1572 240 -1562 240 *
Wi

0101100
+1571 0 -1561 0 -2279 197 +1560 239 *
Fa
0  1.5e-07 380 0

0101000
+1559 0 *
Ve
1.5e-07
111.666 4.269 15
0 0

0101101
*
Ed
 1.5e-07 1 1 0
1  1189 0 0 1.05
0

0101000
+2278 0 -1557 0 *
Ed
 1.5e-07 1 1 0
1  1190 0 0 5.50915347399217
0

0101000
+1557 240 -1567 240 *
Wi

0101100
+1556 0 -1566 0 -2277 197 +1555 239 *
Fa
0  1.5e-07 381 0

0101000
+1554 0 *
Ve
1.5e-07
105.5475 -3.015 15
0 0

0101101
*
Ed
 1.5e-07 1 1 0
1  1191 0 0 1.05
0

0101000
+2276 0 -1552 0 *
Ed
 1.5e-07 1 1 0
1  1192 0 0 1.58015513478899
0

0101000
+1562 240 -1552 240 *
Wi

0101100
+1561 0 -1551 0 -2275 197 +1550 239 *
Fa
0  1.5e-07 382 0

0101000
+1549 0 *
Ve
1.5e-07
112.5 -1.4355 15
0 0

0101101
*
Ed
 1.5e-07 1 1 0
1  1193 0 0 1.05
0

0101000
+2274 0 -1547 0 *
Ed
 1.5e-07 1 1 0
1  1194 0 0 5.76514321157766
0

0101000
+1547 240 -1557 240 *
Wi

0101100
+1546 0 -1556 0 -2273 197 +1545 239 *
Fa
0  1.5e-07 383 0

0101000
+1544 0 *
Ve
1.5e-07
105.3 -4.5645 15
0 0

0101101
*
Ed
 1.5e-07 1 1 0
1  1195 0 0 1.05
0

0101000
+2272 0 -1542 0 *
Ed
 1.5e-07 1 1 0
1  1196 0 0 1.56914196298487
0

0101000
+1552 240 -1542 240 *
Wi

0101100
+1551 0 -1541 0 -2271 197 +1540 239 *
Fa
0  1.5e-07 384 0

0101000
+1539 0 *
Ve
1.5e-07
112.3365 -4.0125 15
0 0

0101101
*
Ed
 1.5e-07 1 1 0
1  1197 0 0 1.05
0

0101000
+2270 0 -1537 0 *
Ed
 1.5e-07 1 1 0
1  1198 0 0 2.58218149052308
0

0101000
+1537 240 -1547 240 *
Wi

0101100
+1536 0 -1546 0 -2269 197 +1535 239 *
Fa
0  1.5e-07 385 0

0101000
+1534 0 *
Ve
1.5e-07
104.8905 -6.063 15
0 0

0101101
*
Ed
 1.5e-07 1 1 0
1  1199 0 0 1.05
0

0101000
+2268 0 -1532 0 *
Ed
 1.5e-07 1 1 0
1  1200 0 0 1.5534453643434
0

0101000
+1542 240 -1532 240 *
Wi

0101100
+1541 0 -1531 0 -2267 197 +1530 239 *
Fa
0  1.5e-07 386 0

0101000
+1529 0 *
Ve
1.5e-07
111.855 -6.4755 15
0 0

0101101
*
Ed
 1.5e-07 1 1 0
1  1201 0 0 1.05
0

0101000
+2266 0 -1527 0 *
Ed
 1.5e-07 1 1 0
1  1202 0 0 2.50962372677659
0

0101000
+1527 240 -1537 240 *
Wi

0101100
+1526 0 -1536 0 -2265 197 +1525 239 *
Fa
0  1.5e-07 387 0

0101000
+1524 0 *
Ve
1.5e-07
104.319 -7.491 15
0 0

0101101
*
Ed
 1.5e-07 1 1 0
1  1203 0 0 1.05
0

0101000
+2264 0 -1522 0 *
Ed
 1.5e-07 1 1 0
1  1204 0 0 1.53811451134173
0

0101000
+1532 240 -1522 240 *
Wi

0101100
+1531 0 -1521 0 -2263 197 +1520 239 *
Fa
0  1.5e-07 388 0

0101000
+1519 0 *
Ve
1.5e-07
111.066 -8.802 15
0 0

0101101
*
Ed
 1.5e-07 1 1 0
1  1205 0 0 1.05
0

0101000
+2262 0 -1517 0 *
Ed
 1.5e-07 1 1 0
1  1206 0 0 2.45664878442157
0

0101000
+1517 240 -1527 240 *
Wi

0101100
+1516 0 -1526 0 -2261 197 +1515 239 *
Fa
0  1.5e-07 389 0

0101000
+1514 0 *
Ve
1.5e-07
103.587 -8.8275 15
0 0

0101101
*
Ed
 1.5e-07 1 1 0
1  1207 0 0 1.05
0

0101000
+2260 0 -1512 0 *
Ed
 1.5e-07 1 1 0
1  1208 0 0 1.52382946880548
0

0101000
+1522 240 -1512 240 *
Wi

0101100
+1521 0 -1511 0 -2259 197 +1510 239 *
Fa
0  1.5e-07 390 0

0101000
+1509 0 *
Ve
1.5e-07
109.9845 -10.965 15
0 0

0101101
*
Ed
 1.5e-07 1 1 0
1  1209 0 0 1.05
0

0101000
+2258 0 -1507 0 *
Ed
 1.5e-07 1 1 0
1  1210 0 0 2.41830751766602
0

0101000
+1507 240 -1517 240 *
Wi

0101100
+1506 0 -1516 0 -2257 197 +1505 239 *
Fa
0  1.5e-07 391 0

0101000
+1504 0 *
Ve
1.5e-07
94.278 -1.2165 15
0 0

0101101
*
Ed
 1.5e-07 1 1 0
1  1211 0 0 1.05
0

0101000
+2256 0 -1502 0 *
Ed
 1.5e-07 1 1 0
1  1212 0 0 12.0243420610028
0

0101000
+1512 240 -1502 240 *
Wi

0101100
+1511 0 -1501 0 -2255 197 +1500 239 *
Fa
0  1.5e-07 392 0

0101000
+1499 0 *
Ve
1.5e-07
108.6195 -12.942 15
0 0

0101101
*
Ed
 1.5e-07 1 1 0
1  1213 0 0 1.05
0

0101000
+2254 0 -1497 0 *
Ed
 1.5e-07 1 1 0
1  1214 0 0 2.40244750202788
0

0101000
+1497 240 -1507 240 *
Wi

0101100
+1496 0 -1506 0 -2253 197 +1495 239 *
Fa
0  1.5e-07 393 0

0101000
+1494 0 *
Ve
1.5e-07
94.2795 -7.608 15
0 0

0101101
*
Ed
 1.5e-07 1 1 0
1  1215 0 0 1.05
0

0101000
+2252 0 -1492 0 *
Ed
 1.5e-07 1 1 0
1  1216 0 0 6.39150017601502
0

0101000
+1502 240 -1492 240 *
Wi

0101100
+1501 0 -1491 0 -2251 197 +1490 239 *
Fa
0  1.5e-07 394 0

0101000
+1489 0 *
Ve
1.5e-07
112.4445 -16.0695 15
0 0

0101101
*
Ed
 1.5e-07 1 1 0
1  1217 0 0 1.05
0

0101000
+2250 0 -1487 0 *
Ed
 1.5e-07 1 1 0
1  1218 0 0 4.94083811210203
0

0101000
+1487 240 -1497 240 *
Wi

0101100
+1486 0 -1496 0 -2249 197 +1485 239 *
Fa
0  1.5e-07 395 0

0101000
+1484 0 *
Ve
1.5e-07
112.4445 -22.518 15
0 0

0101101
*
Ed
 1.5e-07 1 1 0
1  1219 0 0 1.05
0

0101000
+2248 0 -1482 0 *
Ed
 1.5e-07 1 1 0
1  1220 0 0 23.50053882361
0

0101000
+1492 240 -1482 240 *
Wi

0101100
+1491 0 -1481 0 -2247 197 +1480 239 *
Fa
0  1.5e-07 396 0

0101000
+1479 0 *
Ed
 1.5e-07 1 1 0
1  1221 0 0 6.4485
0

0101000
+1482 240 -1487 240 *
Wi

0101100
+1481 0 -1486 0 -2246 197 +1477 239 *
Fa
0  1.5e-07 397 0

0101000
+1476 0 *
Ve
1.5e-07
-95.853 13.4805 15
0 0

0101101
*
Ed
 1.5e-07 1 1 0
1  1222 0 0 1.05
0

0101000
+2244 0 -1474 0 *
Ve
1.5e-07
-96.585 14.64 15
0 0

0101101
*
Ed
 1.5e-07 1 1 0
1  1223 0 0 1.05
0

0101000
+2243 0 -1472 0 *
Ed
 1.5e-07 1 1 0
1  1224 0 0 1.37122727875433
0

0101000
+1474 243 -1472 243 *
Wi

0101100
+1473 0 -1471 0 -2242 201 +1470 242 *
Fa
0  1.5e-07 398 0

0101000
+1469 0 *
Ve
1.5e-07
-95.853 16.518 15
0 0

0101101
*
Ed
 1.5e-07 1 1 0
1  1225 0 0 1.05
0

0101000
+2241 0 -1467 0 *
Ed
 1.5e-07 1 1 0
1  1226 0 0 3.0375
0

0101000
+1467 243 -1474 243 *
Wi

0101100
+1466 0 -1473 0 -2240 201 +1465 242 *
Fa
0  1.5e-07 399 0

0101000
+1464 0 *
Ve
1.5e-07
-97.6365 15.6135 15
0 0

0101101
*
Ed
 1.5e-07 1 1 0
1  1227 0 0 1.05
0

0101000
+2239 0 -1462 0 *
Ed
 1.5e-07 1 1 0
1  1228 0 0 1.43295306971303
0

0101000
+1472 243 -1462 243 *
Wi

0101100
+1471 0 -1461 0 -2238 201 +1460 242 *
Fa
0  1.5e-07 400 0

0101000
+1459 0 *
Ve
1.5e-07
-89.3325 16.518 15
0 0

0101101
*
Ed
 1.5e-07 1 1 0
1  1229 0 0 1.05
0

0101000
+2237 0 -1457 0 *
Ed
 1.5e-07 1 1 0
1  1230 0 0 6.5205
0

0101000
+1457 243 -1467 243 *
Wi

0101100
+1456 0 -1466 0 -2236 201 +1455 242 *
Fa
0  1.5e-07 401 0

0101000
+1454 0 *
Ve
1.5e-07
-98.964 16.359 15
0 0

0101101
*
Ed
 1.5e-07 1 1 0
1  1231 0 0 1.05
0

0101000
+2235 0 -1452 0 *
Ed
 1.5e-07 1 1 0
1  1232 0 0 1.52250665023179
0

0101000
+1462 243 -1452 243 *
Wi

0101100
+1461 0 -1451 0 -2234 201 +1450 242 *
Fa
0  1.5e-07 402 0

0101000
+1449 0 *
Ve
1.5e-07
-89.3325 -3.8955 15
0 0

0101101
*
Ed
 1.5e-07 1 1 0
1  1233 0 0 1.05
0

0101000
+2233 0 -1447 0 *
Ed
 1.5e-07 1 1 0
1  1234 0 0 20.4135
0

0101000
+1447 243 -1457 243 *
Wi

0101100
+1446 0 -1456 0 -2232 201 +1445 242 *
Fa
0  1.5e-07 403 0

0101000
+1444 0 *
Ve
1.5e-07
-100.53 16.836 15
0 0

0101101
*
Ed
 1.5e-07 1 1 0
1  1235 0 0 1.05
0

0101000
+2231 0 -1442 0 *
Ed
 1.5e-07 1 1 0
1  1236 0 0 1.63703543028243
0

0101000
+1452 243 -1442 243 *
Wi

0101100
+1451 0 -1441 0 -2230 201 +1440 242 *
Fa
0  1.5e-07 404 0

0101000
+1439 0 *
Ve
1.5e-07
-95.7315 -3.8955 15
0 0

0101101
*
Ed
 1.5e-07 1 1 0
1  1237 0 0 1.05
0

0101000
+2229 0 -1437 0 *
Ed
 1.5e-07 1 1 0
1  1238 0 0 6.399
0

0101000
+1437 243 -1447 243 *
Wi

0101100
+1436 0 -1446 0 -2228 201 +1435 242 *
Fa
0  1.5e-07 405 0

0101000
+1434 0 *
Ve
1.5e-07
-102.2925 17.004 15
0 0

0101101
*
Ed
 1.5e-07 1 1 0
1  1239 0 0 1.05
0

0101000
+2227 0 -1432 0 *
Ed
 1.5e-07 1 1 0
1  1240 0 0 1.77048870371996
0

0101000
+1442 243 -1432 243 *
Wi

0101100
+1441 0 -1431 0 -2226 201 +1430 242 *
Fa
0  1.5e-07 406 0

0101000
+1429 0 *
Ve
1.5e-07
-95.7315 -0.858 15
0 0

0101101
*
Ed
 1.5e-07 1 1 0
1  1241 0 0 1.05
0

0101000
+2225 0 -1427 0 *
Ed
 1.5e-07 1 1 0
1  1242 0 0 3.0375
0

0101000
+1427 243 -1437 243 *
Wi

0101100
+1426 0 -1436 0 -2224 201 +1425 242 *
Fa
0  1.5e-07 407 0

0101000
+1424 0 *
Ve
1.5e-07
-105.6255 16.476 15
0 0

0101101
*
Ed
 1.5e-07 1 1 0
1  1243 0 0 1.05
0

0101000
+2223 0 -1422 0 *
Ed
 1.5e-07 1 1 0
1  1244 0 0 3.37456263832813
0

0101000
+1432 243 -1422 243 *
Wi

0101100
+1431 0 -1421 0 -2222 201 +1420 242 *
Fa
0  1.5e-07 408 0

0101000
+1419 0 *
Ve
1.5e-07
-96.5535 -1.971 15
0 0

0101101
*
Ed
 1.5e-07 1 1 0
1  1245 0 0 1.05
0

0101000
+2221 0 -1417 0 *
Ed
 1.5e-07 1 1 0
1  1246 0 0 1.38363759706074
0

0101000
+1417 243 -1427 243 *
Wi

0101100
+1416 0 -1426 0 -2220 201 +1415 242 *
Fa
0  1.5e-07 409 0

0101000
+1414 0 *
Ve
1.5e-07
-108.441 14.9895 15
0 0

0101101
*
Ed
 1.5e-07 1 1 0
1  1247 0 0 1.05
0

0101000
+2219 0 -1412 0 *
Ed
 1.5e-07 1 1 0
1  1248 0 0 3.18382199565239
0

0101000
+1422 243 -1412 243 *
Wi

0101100
+1421 0 -1411 0 -2218 201 +1410 242 *
Fa
0  1.5e-07 410 0

0101000
+1409 0 *
Ve
1.5e-07
-97.644 -2.9385 15
0 0

0101101
*
Ed
 1.5e-07 1 1 0
1  1249 0 0 1.05
0

0101000
+2217 0 -1407 0 *
Ed
 1.5e-07 1 1 0
1  1250 0 0 1.45782252006203
0

0101000
+1407 243 -1417 243 *
Wi

0101100
+1406 0 -1416 0 -2216 201 +1405 242 *
Fa
0  1.5e-07 411 0

0101000
+1404 0 *
Ve
1.5e-07
-110.61 12.699 15
0 0

0101101
*
Ed
 1.5e-07 1 1 0
1  1251 0 0 1.05
0

0101000
+2215 0 -1402 0 *
Ed
 1.5e-07 1 1 0
1  1252 0 0 3.15451283877558
0

0101000
+1412 243 -1402 243 *
Wi

0101100
+1411 0 -1401 0 -2214 201 +1400 242 *
Fa
0  1.5e-07 412 0

0101000
+1399 0 *
Ve
1.5e-07
-98.9805 -3.702 15
0 0

0101101
*
Ed
 1.5e-07 1 1 0
1  1253 0 0 1.05
0

0101000
+2213 0 -1397 0 *
Ed
 1.5e-07 1 1 0
1  1254 0 0 1.53920905012931
0

0101000
+1397 243 -1407 243 *
Wi

0101100
+1396 0 -1406 0 -2212 201 +1395 242 *
Fa
0  1.5e-07 413 0

0101000
+1394 0 *
Ve
1.5e-07
-112.0065 9.756 15
0 0

0101101
*
Ed
 1.5e-07 1 1 0
1  1255 0 0 1.05
0

0101000
+2211 0 -1392 0 *
Ed
 1.5e-07 1 1 0
1  1256 0 0 3.25752379116409
0

0101000
+1402 243 -1392 243 *
Wi

0101100
+1401 0 -1391 0 -2210 201 +1390 242 *
Fa
0  1.5e-07 414 0

0101000
+1389 0 *
Ve
1.5e-07
-100.5375 -4.2015 15
0 0

0101101
*
Ed
 1.5e-07 1 1 0
1  1257 0 0 1.05
0

0101000
+2209 0 -1387 0 *
Ed
 1.5e-07 1 1 0
1  1258 0 0 1.6351603132415
0

0101000
+1387 243 -1397 243 *
Wi

0101100
+1386 0 -1396 0 -2208 201 +1385 242 *
Fa
0  1.5e-07 415 0

0101000
+1384 0 *
Ve
1.5e-07
-112.5 6.3105 15
0 0

0101101
*
Ed
 1.5e-07 1 1 0
1  1259 0 0 1.05
0

0101000
+2207 0 -1382 0 *
Ed
 1.5e-07 1 1 0
1  1260 0 0 3.48066265242698
0

0101000
+1392 243 -1382 243 *
Wi

0101100
+1391 0 -1381 0 -2206 201 +1380 242 *
Fa
0  1.5e-07 416 0

0101000
+1379 0 *
Ve
1.5e-07
-102.2925 -4.3815 15
0 0

0101101
*
Ed
 1.5e-07 1 1 0
1  1261 0 0 1.05
0

0101000
+2205 0 -1377 0 *
Ed
 1.5e-07 1 1 0
1  1262 0 0 1.76420662055212
0

0101000
+1377 243 -1387 243 *
Wi

0101100
+1376 0 -1386 0 -2204 201 +1375 242 *
Fa
0  1.5e-07 417 0

0101000
+1374 0 *
Ve
1.5e-07
-112.0065 2.8665 15
0 0

0101101
*
Ed
 1.5e-07 1 1 0
1  1263 0 0 1.05
0

0101000
+2203 0 -1372 0 *
Ed
 1.5e-07 1 1 0
1  1264 0 0 3.4791778123574
0

0101000
+1382 243 -1372 243 *
Wi

0101100
+1381 0 -1371 0 -2202 201 +1370 242 *
Fa
0  1.5e-07 418 0

0101000
+1369 0 *
Ve
1.5e-07
-105.6255 -3.8535 15
0 0

0101101
*
Ed
 1.5e-07 1 1 0
1  1265 0 0 1.05
0

0101000
+2201 0 -1367 0 *
Ed
 1.5e-07 1 1 0
1  1266 0 0 3.37456263832813
0

0101000
+1367 243 -1377 243 *
Wi

0101100
+1366 0 -1376 0 -2200 201 +1365 242 *
Fa
0  1.5e-07 419 0

0101000
+1364 0 *
Ve
1.5e-07
-110.61 -0.078 15
0 0

0101101
*
Ed
 1.5e-07 1 1 0
1  1267 0 0 1.05
0

0101000
+2199 0 -1362 0 *
Ed
 1.5e-07 1 1 0
1  1268 0 0 3.25887902506369
0

0101000
+1372 243 -1362 243 *
Wi

0101100
+1371 0 -1361 0 -2198 201 +1360 242 *
Fa
0  1.5e-07 420 0

0101000
+1359 0 *
Ve
1.5e-07
-108.441 -2.367 15
0 0

0101101
*
Ed
 1.5e-07 1 1 0
1  1269 0 0 1.05
0

0101000
+2197 0 -1357 0 *
Ed
 1.5e-07 1 1 0
1  1270 0 0 3.18382199565239
0

0101000
+1357 243 -1367 243 *
Wi

0101100
+1356 0 -1366 0 -2196 201 +1355 242 *
Fa
0  1.5e-07 421 0

0101000
+1354 0 *
Ed
 1.5e-07 1 1 0
1  1271 0 0 3.1534238535281
0

0101000
+1362 243 -1357 243 *
Wi

0101100
+1361 0 -1356 0 -2195 201 +1352 242 *
Fa
0  1.5e-07 422 0

0101000
+1351 0 *
Ve
1.5e-07
-71.958 16.518 15
0 0

0101101
*
Ed
 1.5e-07 1 1 0
1  1272 0 0 1.05
0

0101000
+2193 0 -1349 0 *
Ve
1.5e-07
-71.958 4.812 15
0 0

0101101
*
Ed
 1.5e-07 1 1 0
1  1273 0 0 1.05
0

0101000
+2192 0 -1347 0 *
Ed
 1.5e-07 1 1 0
1  1274 0 0 11.706
0

0101000
+1349 246 -1347 246 *
Wi

0101100
+1348 0 -1346 0 -2191 205 +1345 245 *
Fa
0  1.5e-07 423 0

0101000
+1344 0 *
Ve
1.5e-07
-65.316 16.518 15
0 0

0101101
*
Ed
 1.5e-07 1 1 0
1  1275 0 0 1.05
0

0101000
+2190 0 -1342 0 *
Ed
 1.5e-07 1 1 0
1  1276 0 0 6.64200000000001
0

0101000
+1342 246 -1349 246 *
Wi

0101100
+1341 0 -1348 0 -2189 205 +1340 245 *
Fa
0  1.5e-07 424 0

0101000
+1339 0 *
Ve
1.5e-07
-72.102 3.606 15
0 0

0101101
*
Ed
 1.5e-07 1 1 0
1  1277 0 0 1.05
0

0101000
+2188 0 -1337 0 *
Ed
 1.5e-07 1 1 0
1  1278 0 0 1.21456658936429
0

0101000
+1347 246 -1337 246 *
Wi

0101100
+1346 0 -1336 0 -2187 205 +1335 245 *
Fa
0  1.5e-07 425 0

0101000
+1334 0 *
Ve
1.5e-07
-65.316 -3.8955 15
0 0

0101101
*
Ed
 1.5e-07 1 1 0
1  1279 0 0 1.05
0

0101000
+2186 0 -1332 0 *
Ed
 1.5e-07 1 1 0
1  1280 0 0 20.4135
0

0101000
+1332 246 -1342 246 *
Wi

0101100
+1331 0 -1341 0 -2185 205 +1330 245 *
Fa
0  1.5e-07 426 0

0101000
+1329 0 *
Ve
1.5e-07
-72.522 2.628 15
0 0

0101101
*
Ed
 1.5e-07 1 1 0
1  1281 0 0 1.05
0

0101000
+2184 0 -1327 0 *
Ed
 1.5e-07 1 1 0
1  1282 0 0 1.06437023633696
0

0101000
+1337 246 -1327 246 *
Wi

0101100
+1336 0 -1326 0 -2183 205 +1325 245 *
Fa
0  1.5e-07 427 0

0101000
+1324 0 *
Ve
1.5e-07
-71.7555 -3.8955 15
0 0

0101101
*
Ed
 1.5e-07 1 1 0
1  1283 0 0 1.05
0

0101000
+2182 0 -1322 0 *
Ed
 1.5e-07 1 1 0
1  1284 0 0 6.43950000000001
0

0101000
+1322 246 -1332 246 *
Wi

0101100
+1321 0 -1331 0 -2181 205 +1320 245 *
Fa
0  1.5e-07 428 0

0101000
+1319 0 *
Ve
1.5e-07
-73.2015 1.899 15
0 0

0101101
*
Ed
 1.5e-07 1 1 0
1  1285 0 0 1.05
0

0101000
+2180 0 -1317 0 *
Ed
 1.5e-07 1 1 0
1  1286 0 0 0.996574758861575
0

0101000
+1327 246 -1317 246 *
Wi

0101100
+1326 0 -1316 0 -2179 205 +1315 245 *
Fa
0  1.5e-07 429 0

0101000
+1314 0 *
Ve
1.5e-07
-71.7555 -0.858 15
0 0

0101101
*
Ed
 1.5e-07 1 1 0
1  1287 0 0 1.05
0

0101000
+2178 0 -1312 0 *
Ed
 1.5e-07 1 1 0
1  1288 0 0 3.0375
0

0101000
+1312 246 -1322 246 *
Wi

0101100
+1311 0 -1321 0 -2177 205 +1310 245 *
Fa
0  1.5e-07 430 0

0101000
+1309 0 *
Ve
1.5e-07
-74.1255 1.446 15
0 0

0101101
*
Ed
 1.5e-07 1 1 0
1  1289 0 0 1.05
0

0101000
+2176 0 -1307 0 *
Ed
 1.5e-07 1 1 0
1  1290 0 0 1.02906996846667
0

0101000
+1317 246 -1307 246 *
Wi

0101100
+1316 0 -1306 0 -2175 205 +1305 245 *
Fa
0  1.5e-07 431 0

0101000
+1304 0 *
Ve
1.5e-07
-72.4575 -1.971 15
0 0

0101101
*
Ed
 1.5e-07 1 1 0
1  1291 0 0 1.05
0

0101000
+2174 0 -1302 0 *
Ed
 1.5e-07 1 1 0
1  1292 0 0 1.31589247281075
0

0101000
+1302 246 -1312 246 *
Wi

0101100
+1301 0 -1311 0 -2173 205 +1300 245 *
Fa
0  1.5e-07 432 0

0101000
+1299 0 *
Ve
1.5e-07
-75.2805 1.2885 15
0 0

0101101
*
Ed
 1.5e-07 1 1 0
1  1293 0 0 1.05
0

0101000
+2172 0 -1297 0 *
Ed
 1.5e-07 1 1 0
1  1294 0 0 1.16568917383666
0

0101000
+1307 246 -1297 246 *
Wi

0101100
+1306 0 -1296 0 -2171 205 +1295 245 *
Fa
0  1.5e-07 433 0

0101000
+1294 0 *
Ve
1.5e-07
-73.4625 -2.9385 15
0 0

0101101
*
Ed
 1.5e-07 1 1 0
1  1295 0 0 1.05
0

0101000
+2170 0 -1292 0 *
Ed
 1.5e-07 1 1 0
1  1296 0 0 1.39502016114464
0

0101000
+1292 246 -1302 246 *
Wi

0101100
+1291 0 -1301 0 -2169 205 +1290 245 *
Fa
0  1.5e-07 434 0

0101000
+1289 0 *
Ve
1.5e-07
-76.464 1.458 15
0 0

0101101
*
Ed
 1.5e-07 1 1 0
1  1297 0 0 1.05
0

0101000
+2168 0 -1287 0 *
Ed
 1.5e-07 1 1 0
1  1298 0 0 1.19557622090773
0

0101000
+1297 246 -1287 246 *
Wi

0101100
+1296 0 -1286 0 -2167 205 +1285 245 *
Fa
0  1.5e-07 435 0

0101000
+1284 0 *
Ve
1.5e-07
-74.7255 -3.702 15
0 0

0101101
*
Ed
 1.5e-07 1 1 0
1  1299 0 0 1.05
0

0101000
+2166 0 -1282 0 *
Ed
 1.5e-07 1 1 0
1  1300 0 0 1.47583916806676
0

0101000
+1282 246 -1292 246 *
Wi

0101100
+1281 0 -1291 0 -2165 205 +1280 245 *
Fa
0  1.5e-07 436 0

0101000
+1279 0 *
Ve
1.5e-07
-77.3535 1.9365 15
0 0

0101101
*
Ed
 1.5e-07 1 1 0
1  1301 0 0 1.05
0

0101000
+2164 0 -1277 0 *
Ed
 1.5e-07 1 1 0
1  1302 0 0 1.01003589045143
0

0101000
+1287 246 -1277 246 *
Wi

0101100
+1286 0 -1276 0 -2163 205 +1275 245 *
Fa
0  1.5e-07 437 0

0101000
+1274 0 *
Ve
1.5e-07
-76.197 -4.2015 15
0 0

0101101
*
Ed
 1.5e-07 1 1 0
1  1303 0 0 1.05
0

0101000
+2162 0 -1272 0 *
Ed
 1.5e-07 1 1 0
1  1304 0 0 1.55396669848488
0

0101000
+1272 246 -1282 246 *
Wi

0101100
+1271 0 -1281 0 -2161 205 +1270 245 *
Fa
0  1.5e-07 438 0

0101000
+1269 0 *
Ve
1.5e-07
-77.9685 2.688 15
0 0

0101101
*
Ed
 1.5e-07 1 1 0
1  1305 0 0 1.05
0

0101000
+2160 0 -1267 0 *
Ed
 1.5e-07 1 1 0
1  1306 0 0 0.971070157094735
0

0101000
+1277 246 -1267 246 *
Wi

0101100
+1276 0 -1266 0 -2159 205 +1265 245 *
Fa
0  1.5e-07 439 0

0101000
+1264 0 *
Ve
1.5e-07
-77.832 -4.3815 15
0 0

0101101
*
Ed
 1.5e-07 1 1 0
1  1307 0 0 1.05
0

0101000
+2158 0 -1262 0 *
Ed
 1.5e-07 1 1 0
1  1308 0 0 1.64487841495959
0

0101000
+1262 246 -1272 246 *
Wi

0101100
+1261 0 -1271 0 -2157 205 +1260 245 *
Fa
0  1.5e-07 440 0

0101000
+1259 0 *
Ve
1.5e-07
-78.324 3.6735 15
0 0

0101101
*
Ed
 1.5e-07 1 1 0
1  1309 0 0 1.05
0

0101000
+2156 0 -1257 0 *
Ed
 1.5e-07 1 1 0
1  1310 0 0 1.04765953439083
0

0101000
+1267 246 -1257 246 *
Wi

0101100
+1266 0 -1256 0 -2155 205 +1255 245 *
Fa
0  1.5e-07 441 0

0101000
+1254 0 *
Ve
1.5e-07
-80.4675 -3.993 15
0 0

0101101
*
Ed
 1.5e-07 1 1 0
1  1311 0 0 1.05
0

0101000
+2154 0 -1252 0 *
Ed
 1.5e-07 1 1 0
1  1312 0 0 2.66398057425351
0

0101000
+1252 246 -1262 246 *
Wi

0101100
+1251 0 -1261 0 -2153 205 +1250 245 *
Fa
0  1.5e-07 442 0

0101000
+1249 0 *
Ve
1.5e-07
-78.4395 4.8525 15
0 0

0101101
*
Ed
 1.5e-07 1 1 0
1  1313 0 0 1.05
0

0101000
+2152 0 -1247 0 *
Ed
 1.5e-07 1 1 0
1  1314 0 0 1.18464393384679
0

0101000
+1257 246 -1247 246 *
Wi

0101100
+1256 0 -1246 0 -2151 205 +1245 245 *
Fa
0  1.5e-07 443 0

0101000
+1244 0 *
Ve
1.5e-07
-82.5015 -2.8875 15
0 0

0101101
*
Ed
 1.5e-07 1 1 0
1  1315 0 0 1.05
0

0101000
+2150 0 -1242 0 *
Ed
 1.5e-07 1 1 0
1  1316 0 0 2.31501322890388
0

0101000
+1242 246 -1252 246 *
Wi

0101100
+1241 0 -1251 0 -2149 205 +1240 245 *
Fa
0  1.5e-07 444 0

0101000
+1239 0 *
Ve
1.5e-07
-78.4395 16.518 15
0 0

0101101
*
Ed
 1.5e-07 1 1 0
1  1317 0 0 1.05
0

0101000
+2148 0 -1237 0 *
Ed
 1.5e-07 1 1 0
1  1318 0 0 11.6655
0

0101000
+1247 246 -1237 246 *
Wi

0101100
+1246 0 -1236 0 -2147 205 +1235 245 *
Fa
0  1.5e-07 445 0

0101000
+1234 0 *
Ve
1.5e-07
-83.9415 -1.1535 15
0 0

0101101
*
Ed
 1.5e-07 1 1 0
1  1319 0 0 1.05
0

0101000
+2146 0 -1232 0 *
Ed
 1.5e-07 1 1 0
1  1320 0 0 2.2539645072627
0

0101000
+1232 246 -1242 246 *
Wi

0101100
+1231 0 -1241 0 -2145 205 +1230 245 *
Fa
0  1.5e-07 446 0

0101000
+1229 0 *
Ve
1.5e-07
-85.0815 16.518 15
0 0

0101101
*
Ed
 1.5e-07 1 1 0
1  1321 0 0 1.05
0

0101000
+2144 0 -1227 0 *
Ed
 1.5e-07 1 1 0
1  1322 0 0 6.642
0

0101000
+1237 246 -1227 246 *
Wi

0101100
+1236 0 -1226 0 -2143 205 +1225 245 *
Fa
0  1.5e-07 447 0

0101000
+1224 0 *
Ve
1.5e-07
-84.798 1.119 15
0 0

0101101
*
Ed
 1.5e-07 1 1 0
1  1323 0 0 1.05
0

0101000
+2142 0 -1222 0 *
Ed
 1.5e-07 1 1 0
1  1324 0 0 2.42854864064939
0

0101000
+1222 246 -1232 246 *
Wi

0101100
+1221 0 -1231 0 -2141 205 +1220 245 *
Fa
0  1.5e-07 448 0

0101000
+1219 0 *
Ve
1.5e-07
-85.0815 3.84 15
0 0

0101101
*
Ed
 1.5e-07 1 1 0
1  1325 0 0 1.05
0

0101000
+2140 0 -1217 0 *
Ed
 1.5e-07 1 1 0
1  1326 0 0 12.678
0

0101000
+1227 246 -1217 246 *
Wi

0101100
+1226 0 -1216 0 -2139 205 +1215 245 *
Fa
0  1.5e-07 449 0

0101000
+1214 0 *
Ed
 1.5e-07 1 1 0
1  1327 0 0 2.73572901618563
0

0101000
+1217 246 -1222 246 *
Wi

0101100
+1216 0 -1221 0 -2138 205 +1212 245 *
Fa
0  1.5e-07 450 0

0101000
+1211 0 *
Ve
1.5e-07
-24.0375 6.3105 15
0 0

0101101
*
Ed
 1.5e-07 1 1 0
1  1328 0 0 1.05
0

0101000
+2136 0 -1209 0 *
Ve
1.5e-07
-24.5205 9.5385 15
0 0

0101101
*
Ed
 1.5e-07 1 1 0
1  1329 0 0 1.05
0

0101000
+2135 0 -1207 0 *
Ed
 1.5e-07 1 1 0
1  1330 0 0 3.26393520156268
0

0101000
+1209 249 -1207 249 *
Wi

0101100
+1208 0 -1206 0 -2134 209 +1205 248 *
Fa
0  1.5e-07 451 0

0101000
+1204 0 *
Ve
1.5e-07
-24.5205 3.084 15
0 0

0101101
*
Ed
 1.5e-07 1 1 0
1  1331 0 0 1.05
0

0101000
+2133 0 -1202 0 *
Ed
 1.5e-07 1 1 0
1  1332 0 0 3.26245172378075
0

0101000
+1202 249 -1209 249 *
Wi

0101100
+1201 0 -1208 0 -2132 209 +1200 248 *
Fa
0  1.5e-07 452 0

0101000
+1199 0 *
Ve
1.5e-07
-25.941 12.4545 15
0 0

0101101
*
Ed
 1.5e-07 1 1 0
1  1333 0 0 1.05
0

0101000
+2131 0 -1197 0 *
Ed
 1.5e-07 1 1 0
1  1334 0 0 3.24359002495692
0

0101000
+1207 249 -1197 249 *
Wi

0101100
+1206 0 -1196 0 -2130 209 +1195 248 *
Fa
0  1.5e-07 453 0

0101000
+1194 0 *
Ve
1.5e-07
-25.941 0.168 15
0 0

0101101
*
Ed
 1.5e-07 1 1 0
1  1335 0 0 1.05
0

0101000
+2129 0 -1192 0 *
Ed
 1.5e-07 1 1 0
1  1336 0 0 3.24359002495691
0

0101000
+1192 249 -1202 249 *
Wi

0101100
+1191 0 -1201 0 -2128 209 +1190 248 *
Fa
0  1.5e-07 454 0

0101000
+1189 0 *
Ve
1.5e-07
-28.254 14.826 15
0 0

0101101
*
Ed
 1.5e-07 1 1 0
1  1337 0 0 1.05
0

0101000
+2127 0 -1187 0 *
Ed
 1.5e-07 1 1 0
1  1338 0 0 3.31269999396263
0

0101000
+1197 249 -1187 249 *
Wi

0101100
+1196 0 -1186 0 -2126 209 +1185 248 *
Fa
0  1.5e-07 455 0

0101000
+1184 0 *
Ve
1.5e-07
-28.254 -2.205 15
0 0

0101101
*
Ed
 1.5e-07 1 1 0
1  1339 0 0 1.05
0

0101000
+2125 0 -1182 0 *
Ed
 1.5e-07 1 1 0
1  1340 0 0 3.31377398142963
0

0101000
+1182 249 -1192 249 *
Wi

0101100
+1181 0 -1191 0 -2124 209 +1180 248 *
Fa
0  1.5e-07 456 0

0101000
+1179 0 *
Ve
1.5e-07
-31.4145 16.4205 15
0 0

0101101
*
Ed
 1.5e-07 1 1 0
1  1341 0 0 1.05
0

0101000
+2123 0 -1177 0 *
Ed
 1.5e-07 1 1 0
1  1342 0 0 3.53994216054444
0

0101000
+1187 249 -1177 249 *
Wi

0101100
+1186 0 -1176 0 -2122 209 +1175 248 *
Fa
0  1.5e-07 457 0

0101000
+1174 0 *
Ve
1.5e-07
-31.4145 -3.798 15
0 0

0101101
*
Ed
 1.5e-07 1 1 0
1  1343 0 0 1.05
0

0101000
+2121 0 -1172 0 *
Ed
 1.5e-07 1 1 0
1  1344 0 0 3.53926676728387
0

0101000
+1172 249 -1182 249 *
Wi

0101100
+1171 0 -1181 0 -2120 209 +1170 248 *
Fa
0  1.5e-07 458 0

0101000
+1169 0 *
Ve
1.5e-07
-35.3775 17.004 15
0 0

0101101
*
Ed
 1.5e-07 1 1 0
1  1345 0 0 1.05
0

0101000
+2119 0 -1167 0 *
Ed
 1.5e-07 1 1 0
1  1346 0 0 4.00572605778278
0

0101000
+1177 249 -1167 249 *
Wi

0101100
+1176 0 -1166 0 -2118 209 +1165 248 *
Fa
0  1.5e-07 459 0

0101000
+1164 0 *
Ve
1.5e-07
-35.3775 -4.3815 15
0 0

0101101
*
Ed
 1.5e-07 1 1 0
1  1347 0 0 1.05
0

0101000
+2117 0 -1162 0 *
Ed
 1.5e-07 1 1 0
1  1348 0 0 4.00572605778278
0

0101000
+1162 249 -1172 249 *
Wi

0101100
+1161 0 -1171 0 -2116 209 +1160 248 *
Fa
0  1.5e-07 460 0

0101000
+1159 0 *
Ve
1.5e-07
-39.3405 16.4205 15
0 0

0101101
*
Ed
 1.5e-07 1 1 0
1  1349 0 0 1.05
0

0101000
+2115 0 -1157 0 *
Ed
 1.5e-07 1 1 0
1  1350 0 0 4.00572605778278
0

0101000
+1167 249 -1157 249 *
Wi

0101100
+1166 0 -1156 0 -2114 209 +1155 248 *
Fa
0  1.5e-07 461 0

0101000
+1154 0 *
Ve
1.5e-07
-39.3405 -3.798 15
0 0

0101101
*
Ed
 1.5e-07 1 1 0
1  1351 0 0 1.05
0

0101000
+2113 0 -1152 0 *
Ed
 1.5e-07 1 1 0
1  1352 0 0 4.00572605778278
0

0101000
+1152 249 -1162 249 *
Wi

0101100
+1151 0 -1161 0 -2112 209 +1150 248 *
Fa
0  1.5e-07 462 0

0101000
+1149 0 *
Ve
1.5e-07
-42.5025 14.826 15
0 0

0101101
*
Ed
 1.5e-07 1 1 0
1  1353 0 0 1.05
0

0101000
+2111 0 -1147 0 *
Ed
 1.5e-07 1 1 0
1  1354 0 0 3.54128144179476
0

0101000
+1157 249 -1147 249 *
Wi

0101100
+1156 0 -1146 0 -2110 209 +1145 248 *
Fa
0  1.5e-07 463 0

0101000
+1144 0 *
Ve
1.5e-07
-42.5025 -2.205 15
0 0

0101101
*
Ed
 1.5e-07 1 1 0
1  1355 0 0 1.05
0

0101000
+2109 0 -1142 0 *
Ed
 1.5e-07 1 1 0
1  1356 0 0 3.54060630401066
0

0101000
+1142 249 -1152 249 *
Wi

0101100
+1141 0 -1151 0 -2108 209 +1140 248 *
Fa
0  1.5e-07 464 0

0101000
+1139 0 *
Ve
1.5e-07
-44.8155 12.4545 15
0 0

0101101
*
Ed
 1.5e-07 1 1 0
1  1357 0 0 1.05
0

0101000
+2107 0 -1137 0 *
Ed
 1.5e-07 1 1 0
1  1358 0 0 3.31269999396263
0

0101000
+1147 249 -1137 249 *
Wi

0101100
+1146 0 -1136 0 -2106 209 +1135 248 *
Fa
0  1.5e-07 465 0

0101000
+1134 0 *
Ve
1.5e-07
-44.8155 0.168 15
0 0

0101101
*
Ed
 1.5e-07 1 1 0
1  1359 0 0 1.05
0

0101000
+2105 0 -1132 0 *
Ed
 1.5e-07 1 1 0
1  1360 0 0 3.31377398142963
0

0101000
+1132 249 -1142 249 *
Wi

0101100
+1131 0 -1141 0 -2104 209 +1130 248 *
Fa
0  1.5e-07 466 0

0101000
+1129 0 *
Ve
1.5e-07
-46.236 9.5385 15
0 0

0101101
*
Ed
 1.5e-07 1 1 0
1  1361 0 0 1.05
0

0101000
+2103 0 -1127 0 *
Ed
 1.5e-07 1 1 0
1  1362 0 0 3.24359002495692
0

0101000
+1137 249 -1127 249 *
Wi

0101100
+1136 0 -1126 0 -2102 209 +1125 248 *
Fa
0  1.5e-07 467 0

0101000
+1124 0 *
Ve
1.5e-07
-46.236 3.084 15
0 0

0101101
*
Ed
 1.5e-07 1 1 0
1  1363 0 0 1.05
0

0101000
+2101 0 -1122 0 *
Ed
 1.5e-07 1 1 0
1  1364 0 0 3.24359002495692
0

0101000
+1122 249 -1132 249 *
Wi

0101100
+1121 0 -1131 0 -2100 209 +1120 248 *
Fa
0  1.5e-07 468 0

0101000
+1119 0 *
Ve
1.5e-07
-46.719 6.3105 15
0 0

0101101
*
Ed
 1.5e-07 1 1 0
1  1365 0 0 1.05
0

0101000
+2099 0 -1117 0 *
Ed
 1.5e-07 1 1 0
1  1366 0 0 3.26393520156268
0

0101000
+1127 249 -1117 249 *
Wi

0101100
+1126 0 -1116 0 -2098 209 +1115 248 *
Fa
0  1.5e-07 469 0

0101000
+1114 0 *
Ed
 1.5e-07 1 1 0
1  1367 0 0 3.26245172378075
0

0101000
+1117 249 -1122 249 *
Wi

0101100
+1116 0 -1121 0 -2097 209 +1112 248 *
Fa
0  1.5e-07 470 0

0101000
+1111 0 *
Ve
1.5e-07
-60.69 2.961 15
0 0

0101101
*
Ed
 1.5e-07 1 1 0
1  1368 0 0 1.05
0

0101000
+2095 0 -1109 0 *
Ve
1.5e-07
-60.42 0.4695 15
0 0

0101101
*
Ed
 1.5e-07 1 1 0
1  1369 0 0 1.05
0

0101000
+2094 0 -1107 0 *
Ed
 1.5e-07 1 1 0
1  1370 0 0 2.50608703958981
0

0101000
+1109 252 -1107 252 *
Wi

0101100
+1108 0 -1106 0 -2093 213 +1105 251 *
Fa
0  1.5e-07 471 0

0101000
+1104 0 *
Ve
1.5e-07
-59.595 -1.5795 15
0 0

0101101
*
Ed
 1.5e-07 1 1 0
1  1371 0 0 1.05
0

0101000
+2092 0 -1102 0 *
Ed
 1.5e-07 1 1 0
1  1372 0 0 2.2088517378946
0

0101000
+1107 252 -1102 252 *
Wi

0101100
+1106 0 -1101 0 -2091 213 +1100 251 *
Fa
0  1.5e-07 472 0

0101000
+1099 0 *
Ve
1.5e-07
-58.194 -3.123 15
0 0

0101101
*
Ed
 1.5e-07 1 1 0
1  1373 0 0 1.05
0

0101000
+2090 0 -1097 0 *
Ed
 1.5e-07 1 1 0
1  1374 0 0 2.08451271284202
0

0101000
+1102 252 -1097 252 *
Wi

0101100
+1101 0 -1096 0 -2089 213 +1095 251 *
Fa
0  1.5e-07 473 0

0101000
+1094 0 *
Ve
1.5e-07
-56.196 -4.095 15
0 0

0101101
*
Ed
 1.5e-07 1 1 0
1  1375 0 0 1.05
0

0101000
+2088 0 -1092 0 *
Ed
 1.5e-07 1 1 0
1  1376 0 0 2.22188838603563
0

0101000
+1097 252 -1092 252 *
Wi

0101100
+1096 0 -1091 0 -2087 213 +1090 251 *
Fa
0  1.5e-07 474 0

0101000
+1089 0 *
Ve
1.5e-07
-53.5785 -4.434 15
0 0

0101101
*
Ed
 1.5e-07 1 1 0
1  1377 0 0 1.05
0

0101000
+2086 0 -1087 0 *
Ed
 1.5e-07 1 1 0
1  1378 0 0 2.6393611442923
0

0101000
+1092 252 -1087 252 *
Wi

0101100
+1091 0 -1086 0 -2085 213 +1085 251 *
Fa
0  1.5e-07 475 0

0101000
+1084 0 *
Ve
1.5e-07
-52.71 -4.4025 15
0 0

0101101
*
Ed
 1.5e-07 1 1 0
1  1379 0 0 1.05
0

0101000
+2084 0 -1082 0 *
Ed
 1.5e-07 1 1 0
1  1380 0 0 0.869071055783128
0

0101000
+1087 252 -1082 252 *
Wi

0101100
+1086 0 -1081 0 -2083 213 +1080 251 *
Fa
0  1.5e-07 476 0

0101000
+1079 0 *
Ve
1.5e-07
-51.8025 -4.317 15
0 0

0101101
*
Ed
 1.5e-07 1 1 0
1  1381 0 0 1.05
0

0101000
+2082 0 -1077 0 *
Ed
 1.5e-07 1 1 0
1  1382 0 0 0.911518787518947
0

0101000
+1082 252 -1077 252 *
Wi

0101100
+1081 0 -1076 0 -2081 213 +1075 251 *
Fa
0  1.5e-07 477 0

0101000
+1074 0 *
Ve
1.5e-07
-50.94 -4.1895 15
0 0

0101101
*
Ed
 1.5e-07 1 1 0
1  1383 0 0 1.05
0

0101000
+2080 0 -1072 0 *
Ed
 1.5e-07 1 1 0
1  1384 0 0 0.87187298386863
0

0101000
+1077 252 -1072 252 *
Wi

0101100
+1076 0 -1071 0 -2079 213 +1070 251 *
Fa
0  1.5e-07 478 0

0101000
+1069 0 *
Ve
1.5e-07
-50.199 -4.035 15
0 0

0101101
*
Ed
 1.5e-07 1 1 0
1  1385 0 0 1.05
0

0101000
+2078 0 -1067 0 *
Ed
 1.5e-07 1 1 0
1  1386 0 0 0.756935433177758
0

0101000
+1072 252 -1067 252 *
Wi

0101100
+1071 0 -1066 0 -2077 213 +1065 251 *
Fa
0  1.5e-07 479 0

0101000
+1064 0 *
Ve
1.5e-07
-49.659 -3.8685 15
0 0

0101101
*
Ed
 1.5e-07 1 1 0
1  1387 0 0 1.05
0

0101000
+2076 0 -1062 0 *
Ed
 1.5e-07 1 1 0
1  1388 0 0 0.565086055393335
0

0101000
+1067 252 -1062 252 *
Wi

0101100
+1066 0 -1061 0 -2075 213 +1060 251 *
Fa
0  1.5e-07 480 0

0101000
+1059 0 *
Ve
1.5e-07
-49.659 1.3845 15
0 0

0101101
*
Ed
 1.5e-07 1 1 0
1  1389 0 0 1.05
0

0101000
+2074 0 -1057 0 *
Ed
 1.5e-07 1 1 0
1  1390 0 0 5.253
0

0101000
+1062 252 -1057 252 *
Wi

0101100
+1061 0 -1056 0 -2073 213 +1055 251 *
Fa
0  1.5e-07 481 0

0101000
+1054 0 *
Ve
1.5e-07
-50.0475 1.2735 15
0 0

0101101
*
Ed
 1.5e-07 1 1 0
1  1391 0 0 1.05
0

0101000
+2072 0 -1052 0 *
Ed
 1.5e-07 1 1 0
1  1392 0 0 0.404046098855069
0

0101000
+1057 252 -1052 252 *
Wi

0101100
+1056 0 -1051 0 -2071 213 +1050 251 *
Fa
0  1.5e-07 482 0

0101000
+1049 0 *
Ve
1.5e-07
-50.445 1.1835 15
0 0

0101101
*
Ed
 1.5e-07 1 1 0
1  1393 0 0 1.05
0

0101000
+2070 0 -1047 0 *
Ed
 1.5e-07 1 1 0
1  1394 0 0 0.407561345075807
0

0101000
+1052 252 -1047 252 *
Wi

0101100
+1051 0 -1046 0 -2069 213 +1045 251 *
Fa
0  1.5e-07 483 0

0101000
+1044 0 *
Ve
1.5e-07
-50.8575 1.1175 15
0 0

0101101
*
Ed
 1.5e-07 1 1 0
1  1395 0 0 1.05
0

0101000
+2068 0 -1042 0 *
Ed
 1.5e-07 1 1 0
1  1396 0 0 0.417746633738679
0

0101000
+1047 252 -1042 252 *
Wi

0101100
+1046 0 -1041 0 -2067 213 +1040 251 *
Fa
0  1.5e-07 484 0

0101000
+1039 0 *
Ve
1.5e-07
-51.294 1.0755 15
0 0

0101101
*
Ed
 1.5e-07 1 1 0
1  1397 0 0 1.05
0

0101000
+2066 0 -1037 0 *
Ed
 1.5e-07 1 1 0
1  1398 0 0 0.438515963221404
0

0101000
+1042 252 -1037 252 *
Wi

0101100
+1041 0 -1036 0 -2065 213 +1035 251 *
Fa
0  1.5e-07 485 0

0101000
+1034 0 *
Ve
1.5e-07
-51.7605 1.062 15
0 0

0101101
*
Ed
 1.5e-07 1 1 0
1  1399 0 0 1.05
0

0101000
+2064 0 -1032 0 *
Ed
 1.5e-07 1 1 0
1  1400 0 0 0.466695296740818
0

0101000
+1037 252 -1032 252 *
Wi

0101100
+1036 0 -1031 0 -2063 213 +1030 251 *
Fa
0  1.5e-07 486 0

0101000
+1029 0 *
Ve
1.5e-07
-52.605 1.1505 15
0 0

0101101
*
Ed
 1.5e-07 1 1 0
1  1401 0 0 1.05
0

0101000
+2062 0 -1027 0 *
Ed
 1.5e-07 1 1 0
1  1402 0 0 0.849124549168145
0

0101000
+1032 252 -1027 252 *
Wi

0101100
+1031 0 -1026 0 -2061 213 +1025 251 *
Fa
0  1.5e-07 487 0

0101000
+1024 0 *
Ve
1.5e-07
-53.2515 1.419 15
0 0

0101101
*
Ed
 1.5e-07 1 1 0
1  1403 0 0 1.05
0

0101000
+2060 0 -1022 0 *
Ed
 1.5e-07 1 1 0
1  1404 0 0 0.700038927489033
0

0101000
+1027 252 -1022 252 *
Wi

0101100
+1026 0 -1021 0 -2059 213 +1020 251 *
Fa
0  1.5e-07 488 0

0101000
+1019 0 *
Ve
1.5e-07
-53.706 1.8735 15
0 0

0101101
*
Ed
 1.5e-07 1 1 0
1  1405 0 0 1.05
0

0101000
+2058 0 -1017 0 *
Ed
 1.5e-07 1 1 0
1  1406 0 0 0.642760064098576
0

0101000
+1022 252 -1017 252 *
Wi

0101100
+1021 0 -1016 0 -2057 213 +1015 251 *
Fa
0  1.5e-07 489 0

0101000
+1014 0 *
Ve
1.5e-07
-53.9745 2.52 15
0 0

0101101
*
Ed
 1.5e-07 1 1 0
1  1407 0 0 1.05
0

0101000
+2056 0 -1012 0 *
Ed
 1.5e-07 1 1 0
1  1408 0 0 0.700038927489033
0

0101000
+1017 252 -1012 252 *
Wi

0101100
+1016 0 -1011 0 -2055 213 +1010 251 *
Fa
0  1.5e-07 490 0

0101000
+1009 0 *
Ve
1.5e-07
-54.063 3.3645 15
0 0

0101101
*
Ed
 1.5e-07 1 1 0
1  1409 0 0 1.05
0

0101000
+2054 0 -1007 0 *
Ed
 1.5e-07 1 1 0
1  1410 0 0 0.849124549168142
0

0101000
+1012 252 -1007 252 *
Wi

0101100
+1011 0 -1006 0 -2053 213 +1005 251 *
Fa
0  1.5e-07 491 0

0101000
+1004 0 *
Ve
1.5e-07
-54.063 10.962 15
0 0

0101101
*
Ed
 1.5e-07 1 1 0
1  1411 0 0 1.05
0

0101000
+2052 0 -1002 0 *
Ed
 1.5e-07 1 1 0
1  1412 0 0 7.5975
0

0101000
+1007 252 -1002 252 *
Wi

0101100
+1006 0 -1001 0 -2051 213 +1000 251 *
Fa
0  1.5e-07 492 0

0101000
+999 0 *
Ve
1.5e-07
-49.4565 10.962 15
0 0

0101101
*
Ed
 1.5e-07 1 1 0
1  1413 0 0 1.05
0

0101000
+2050 0 -997 0 *
Ed
 1.5e-07 1 1 0
1  1414 0 0 4.60650000000001
0

0101000
+1002 252 -997 252 *
Wi

0101100
+1001 0 -996 0 -2049 213 +995 251 *
Fa
0  1.5e-07 493 0

0101000
+994 0 *
Ve
1.5e-07
-49.4565 16.4175 15
0 0

0101101
*
Ed
 1.5e-07 1 1 0
1  1415 0 0 1.05
0

0101000
+2048 0 -992 0 *
Ed
 1.5e-07 1 1 0
1  1416 0 0 5.4555
0

0101000
+997 252 -992 252 *
Wi

0101100
+996 0 -991 0 -2047 213 +990 251 *
Fa
0  1.5e-07 494 0

0101000
+989 0 *
Ve
1.5e-07
-54.063 16.4175 15
0 0

0101101
*
Ed
 1.5e-07 1 1 0
1  1417 0 0 1.05
0

0101000
+2046 0 -987 0 *
Ed
 1.5e-07 1 1 0
1  1418 0 0 4.60650000000001
0

0101000
+992 252 -987 252 *
Wi

0101100
+991 0 -986 0 -2045 213 +985 251 *
Fa
0  1.5e-07 495 0

0101000
+984 0 *
Ve
1.5e-07
-54.063 22.518 15
0 0

0101101
*
Ed
 1.5e-07 1 1 0
1  1419 0 0 1.05
0

0101000
+2044 0 -982 0 *
Ed
 1.5e-07 1 1 0
1  1420 0 0 6.1005
0

0101000
+987 252 -982 252 *
Wi

0101100
+986 0 -981 0 -2043 213 +980 251 *
Fa
0  1.5e-07 496 0

0101000
+979 0 *
Ve
1.5e-07
-60.69 22.518 15
0 0

0101101
*
Ed
 1.5e-07 1 1 0
1  1421 0 0 1.05
0

0101000
+2042 0 -977 0 *
Ed
 1.5e-07 1 1 0
1  1422 0 0 6.627
0

0101000
+982 252 -977 252 *
Wi

0101100
+981 0 -976 0 -2041 213 +975 251 *
Fa
0  1.5e-07 497 0

0101000
+974 0 *
Ed
 1.5e-07 1 1 0
1  1423 0 0 19.557
0

0101000
+977 254 -1109 254 *
Wi

0101100
+976 0 -1108 0 -2040 187 +972 253 *
Fa
0  1.5e-07 498 0

0101000
+971 0 *
Ve
1.5e-07
-14.034 -3.8955 15
0 0

0101101
*
Ed
 1.5e-07 1 1 0
1  1424 0 0 1.05
0

0101000
+2038 0 -969 0 *
Ve
1.5e-07
-14.034 7.7295 15
0 0

0101101
*
Ed
 1.5e-07 1 1 0
1  1425 0 0 1.05
0

0101000
+2037 0 -967 0 *
Ed
 1.5e-07 1 1 0
1  1426 0 0 11.625
0

0101000
+969 257 -967 257 *
Wi

0101100
+968 0 -966 0 -2036 218 +965 256 *
Fa
0  1.5e-07 499 0

0101000
+964 0 *
Ve
1.5e-07
-20.6775 -3.8955 15
0 0

0101101
*
Ed
 1.5e-07 1 1 0
1  1427 0 0 1.05
0

0101000
+2035 0 -962 0 *
Ed
 1.5e-07 1 1 0
1  1428 0 0 6.6435
0

0101000
+962 257 -969 257 *
Wi

0101100
+961 0 -968 0 -2034 218 +960 256 *
Fa
0  1.5e-07 500 0

0101000
+959 0 *
Ve
1.5e-07
-13.8795 8.967 15
0 0

0101101
*
Ed
 1.5e-07 1 1 0
1  1429 0 0 1.05
0

0101000
+2033 0 -957 0 *
Ed
 1.5e-07 1 1 0
1  1430 0 0 1.24710725280547
0

0101000
+967 257 -957 257 *
Wi

0101100
+966 0 -956 0 -2032 218 +955 256 *
Fa
0  1.5e-07 501 0

0101000
+954 0 *
Ve
1.5e-07
-20.6775 16.518 15
0 0

0101101
*
Ed
 1.5e-07 1 1 0
1  1431 0 0 1.05
0

0101000
+2031 0 -952 0 *
Ed
 1.5e-07 1 1 0
1  1432 0 0 20.4135
0

0101000
+952 257 -962 257 *
Wi

0101100
+951 0 -961 0 -2030 218 +950 256 *
Fa
0  1.5e-07 502 0

0101000
+949 0 *
Ve
1.5e-07
-13.4325 9.9495 15
0 0

0101101
*
Ed
 1.5e-07 1 1 0
1  1433 0 0 1.05
0

0101000
+2029 0 -947 0 *
Ed
 1.5e-07 1 1 0
1  1434 0 0 1.07940504445736
0

0101000
+957 257 -947 257 *
Wi

0101100
+956 0 -946 0 -2028 218 +945 256 *
Fa
0  1.5e-07 503 0

0101000
+944 0 *
Ve
1.5e-07
-14.2365 16.518 15
0 0

0101101
*
Ed
 1.5e-07 1 1 0
1  1435 0 0 1.05
0

0101000
+2027 0 -942 0 *
Ed
 1.5e-07 1 1 0
1  1436 0 0 6.441
0

0101000
+942 257 -952 257 *
Wi

0101100
+941 0 -951 0 -2026 218 +940 256 *
Fa
0  1.5e-07 504 0

0101000
+939 0 *
Ve
1.5e-07
-12.723 10.665 15
0 0

0101101
*
Ed
 1.5e-07 1 1 0
1  1437 0 0 1.05
0

0101000
+2025 0 -937 0 *
Ed
 1.5e-07 1 1 0
1  1438 0 0 1.00763609502638
0

0101000
+947 257 -937 257 *
Wi

0101100
+946 0 -936 0 -2024 218 +935 256 *
Fa
0  1.5e-07 505 0

0101000
+934 0 *
Ve
1.5e-07
-14.2365 13.4805 15
0 0

0101101
*
Ed
 1.5e-07 1 1 0
1  1439 0 0 1.05
0

0101000
+2023 0 -932 0 *
Ed
 1.5e-07 1 1 0
1  1440 0 0 3.0375
0

0101000
+932 257 -942 257 *
Wi

0101100
+931 0 -941 0 -2022 218 +930 256 *
Fa
0  1.5e-07 506 0

0101000
+929 0 *
Ve
1.5e-07
-11.7795 11.1045 15
0 0

0101101
*
Ed
 1.5e-07 1 1 0
1  1441 0 0 1.05
0

0101000
+2021 0 -927 0 *
Ed
 1.5e-07 1 1 0
1  1442 0 0 1.04084220706118
0

0101000
+937 257 -927 257 *
Wi

0101100
+936 0 -926 0 -2020 218 +925 256 *
Fa
0  1.5e-07 507 0

0101000
+924 0 *
Ve
1.5e-07
-13.527 14.5935 15
0 0

0101101
*
Ed
 1.5e-07 1 1 0
1  1443 0 0 1.05
0

0101000
+2019 0 -922 0 *
Ed
 1.5e-07 1 1 0
1  1444 0 0 1.31990880366789
0

0101000
+922 257 -932 257 *
Wi

0101100
+921 0 -931 0 -2018 218 +920 256 *
Fa
0  1.5e-07 508 0

0101000
+919 0 *
Ve
1.5e-07
-10.632 11.253 15
0 0

0101101
*
Ed
 1.5e-07 1 1 0
1  1445 0 0 1.05
0

0101000
+2017 0 -917 0 *
Ed
 1.5e-07 1 1 0
1  1446 0 0 1.15706892620967
0

0101000
+927 257 -917 257 *
Wi

0101100
+926 0 -916 0 -2016 218 +915 256 *
Fa
0  1.5e-07 509 0

0101000
+914 0 *
Ve
1.5e-07
-12.5025 15.561 15
0 0

0101101
*
Ed
 1.5e-07 1 1 0
1  1447 0 0 1.05
0

0101000
+2015 0 -912 0 *
Ed
 1.5e-07 1 1 0
1  1448 0 0 1.40913324423207
0

0101000
+912 257 -922 257 *
Wi

0101100
+911 0 -921 0 -2014 218 +910 256 *
Fa
0  1.5e-07 510 0

0101000
+909 0 *
Ve
1.5e-07
-9.4395 11.0835 15
0 0

0101101
*
Ed
 1.5e-07 1 1 0
1  1449 0 0 1.05
0

0101000
+2013 0 -907 0 *
Ed
 1.5e-07 1 1 0
1  1450 0 0 1.20448598995588
0

0101000
+917 257 -907 257 *
Wi

0101100
+916 0 -906 0 -2012 218 +905 256 *
Fa
0  1.5e-07 511 0

0101000
+904 0 *
Ve
1.5e-07
-11.2155 16.3245 15
0 0

0101101
*
Ed
 1.5e-07 1 1 0
1  1451 0 0 1.05
0

0101000
+2011 0 -902 0 *
Ed
 1.5e-07 1 1 0
1  1452 0 0 1.49642950051113
0

0101000
+902 257 -912 257 *
Wi

0101100
+901 0 -911 0 -2010 218 +900 256 *
Fa
0  1.5e-07 512 0

0101000
+899 0 *
Ve
1.5e-07
-8.529 10.605 15
0 0

0101101
*
Ed
 1.5e-07 1 1 0
1  1453 0 0 1.05
0

0101000
+2009 0 -897 0 *
Ed
 1.5e-07 1 1 0
1  1454 0 0 1.02857790176535
0

0101000
+907 257 -897 257 *
Wi

0101100
+906 0 -896 0 -2008 218 +895 256 *
Fa
0  1.5e-07 513 0

0101000
+894 0 *
Ve
1.5e-07
-9.7245 16.824 15
0 0

0101101
*
Ed
 1.5e-07 1 1 0
1  1455 0 0 1.05
0

0101000
+2007 0 -892 0 *
Ed
 1.5e-07 1 1 0
1  1456 0 0 1.5724443551363
0

0101000
+892 257 -902 257 *
Wi

0101100
+891 0 -901 0 -2006 218 +890 256 *
Fa
0  1.5e-07 514 0

0101000
+889 0 *
Ve
1.5e-07
-7.8915 9.8535 15
0 0

0101101
*
Ed
 1.5e-07 1 1 0
1  1457 0 0 1.05
0

0101000
+2005 0 -887 0 *
Ed
 1.5e-07 1 1 0
1  1458 0 0 0.985473743942476
0

0101000
+897 257 -887 257 *
Wi

0101100
+896 0 -886 0 -2004 218 +885 256 *
Fa
0  1.5e-07 515 0

0101000
+884 0 *
Ve
1.5e-07
-8.0805 17.004 15
0 0

0101101
*
Ed
 1.5e-07 1 1 0
1  1459 0 0 1.05
0

0101000
+2003 0 -882 0 *
Ed
 1.5e-07 1 1 0
1  1460 0 0 1.65382465817873
0

0101000
+882 257 -892 257 *
Wi

0101100
+881 0 -891 0 -2002 218 +880 256 *
Fa
0  1.5e-07 516 0

0101000
+879 0 *
Ve
1.5e-07
-7.515 8.868 15
0 0

0101101
*
Ed
 1.5e-07 1 1 0
1  1461 0 0 1.05
0

0101000
+2001 0 -877 0 *
Ed
 1.5e-07 1 1 0
1  1462 0 0 1.05497037873108
0

0101000
+887 257 -877 257 *
Wi

0101100
+886 0 -876 0 -2000 218 +875 256 *
Fa
0  1.5e-07 517 0

0101000
+874 0 *
Ve
1.5e-07
-5.436 16.6155 15
0 0

0101101
*
Ed
 1.5e-07 1 1 0
1  1463 0 0 1.05
0

0101000
+1999 0 -872 0 *
Ed
 1.5e-07 1 1 0
1  1464 0 0 2.67288467764698
0

0101000
+872 257 -882 257 *
Wi

0101100
+871 0 -881 0 -1998 218 +870 256 *
Fa
0  1.5e-07 518 0

0101000
+869 0 *
Ve
1.5e-07
-7.392 7.689 15
0 0

0101101
*
Ed
 1.5e-07 1 1 0
1  1465 0 0 1.05
0

0101000
+1997 0 -867 0 *
Ed
 1.5e-07 1 1 0
1  1466 0 0 1.18539866711584
0

0101000
+877 257 -867 257 *
Wi

0101100
+876 0 -866 0 -1996 218 +865 256 *
Fa
0  1.5e-07 519 0

0101000
+864 0 *
Ve
1.5e-07
-3.3825 15.51 15
0 0

0101101
*
Ed
 1.5e-07 1 1 0
1  1467 0 0 1.05
0

0101000
+1995 0 -862 0 *
Ed
 1.5e-07 1 1 0
1  1468 0 0 2.33216476690649
0

0101000
+862 257 -872 257 *
Wi

0101100
+861 0 -871 0 -1994 218 +860 256 *
Fa
0  1.5e-07 520 0

0101000
+859 0 *
Ve
1.5e-07
-7.392 -3.8955 15
0 0

0101101
*
Ed
 1.5e-07 1 1 0
1  1469 0 0 1.05
0

0101000
+1993 0 -857 0 *
Ed
 1.5e-07 1 1 0
1  1470 0 0 11.5845
0

0101000
+867 257 -857 257 *
Wi

0101100
+866 0 -856 0 -1992 218 +855 256 *
Fa
0  1.5e-07 521 0

0101000
+854 0 *
Ve
1.5e-07
-1.9185 13.776 15
0 0

0101101
*
Ed
 1.5e-07 1 1 0
1  1471 0 0 1.05
0

0101000
+1991 0 -852 0 *
Ed
 1.5e-07 1 1 0
1  1472 0 0 2.269372600522
0

0101000
+852 257 -862 257 *
Wi

0101100
+851 0 -861 0 -1990 218 +850 256 *
Fa
0  1.5e-07 522 0

0101000
+849 0 *
Ve
1.5e-07
-0.75 -3.8955 15
0 0

0101101
*
Ed
 1.5e-07 1 1 0
1  1473 0 0 1.05
0

0101000
+1989 0 -847 0 *
Ed
 1.5e-07 1 1 0
1  1474 0 0 6.642
0

0101000
+857 257 -847 257 *
Wi

0101100
+856 0 -846 0 -1988 218 +845 256 *
Fa
0  1.5e-07 523 0

0101000
+844 0 *
Ve
1.5e-07
-1.041 11.5035 15
0 0

0101101
*
Ed
 1.5e-07 1 1 0
1  1475 0 0 1.05
0

0101000
+1987 0 -842 0 *
Ed
 1.5e-07 1 1 0
1  1476 0 0 2.43603417463713
0

0101000
+842 257 -852 257 *
Wi

0101100
+841 0 -851 0 -1986 218 +840 256 *
Fa
0  1.5e-07 524 0

0101000
+839 0 *
Ve
1.5e-07
-0.75 8.7825 15
0 0

0101101
*
Ed
 1.5e-07 1 1 0
1  1477 0 0 1.05
0

0101000
+1985 0 -837 0 *
Ed
 1.5e-07 1 1 0
1  1478 0 0 12.678
0

0101000
+847 257 -837 257 *
Wi

0101100
+846 0 -836 0 -1984 218 +835 256 *
Fa
0  1.5e-07 525 0

0101000
+834 0 *
Ed
 1.5e-07 1 1 0
1  1479 0 0 2.73651639863531
0

0101000
+837 257 -842 257 *
Wi

0101100
+836 0 -841 0 -1983 218 +832 256 *
Fa
0  1.5e-07 526 0

0101000
+831 0 *
Ve
1.5e-07
25.089 6.3105 15
0 0

0101101
*
Ed
 1.5e-07 1 1 0
1  1480 0 0 1.05
0

0101000
+1981 0 -829 0 *
Ve
1.5e-07
24.606 9.5385 15
0 0

0101101
*
Ed
 1.5e-07 1 1 0
1  1481 0 0 1.05
0

0101000
+1980 0 -827 0 *
Ed
 1.5e-07 1 1 0
1  1482 0 0 3.26393520156268
0

0101000
+829 260 -827 260 *
Wi

0101100
+828 0 -826 0 -1979 222 +825 259 *
Fa
0  1.5e-07 527 0

0101000
+824 0 *
Ve
1.5e-07
24.606 3.084 15
0 0

0101101
*
Ed
 1.5e-07 1 1 0
1  1483 0 0 1.05
0

0101000
+1978 0 -822 0 *
Ed
 1.5e-07 1 1 0
1  1484 0 0 3.26245172378075
0

0101000
+822 260 -829 260 *
Wi

0101100
+821 0 -828 0 -1977 222 +820 259 *
Fa
0  1.5e-07 528 0

0101000
+819 0 *
Ve
1.5e-07
23.1855 12.4545 15
0 0

0101101
*
Ed
 1.5e-07 1 1 0
1  1485 0 0 1.05
0

0101000
+1976 0 -817 0 *
Ed
 1.5e-07 1 1 0
1  1486 0 0 3.24359002495692
0

0101000
+827 260 -817 260 *
Wi

0101100
+826 0 -816 0 -1975 222 +815 259 *
Fa
0  1.5e-07 529 0

0101000
+814 0 *
Ve
1.5e-07
23.1855 0.168 15
0 0

0101101
*
Ed
 1.5e-07 1 1 0
1  1487 0 0 1.05
0

0101000
+1974 0 -812 0 *
Ed
 1.5e-07 1 1 0
1  1488 0 0 3.24359002495691
0

0101000
+812 260 -822 260 *
Wi

0101100
+811 0 -821 0 -1973 222 +810 259 *
Fa
0  1.5e-07 530 0

0101000
+809 0 *
Ve
1.5e-07
20.8725 14.826 15
0 0

0101101
*
Ed
 1.5e-07 1 1 0
1  1489 0 0 1.05
0

0101000
+1972 0 -807 0 *
Ed
 1.5e-07 1 1 0
1  1490 0 0 3.31269999396263
0

0101000
+817 260 -807 260 *
Wi

0101100
+816 0 -806 0 -1971 222 +805 259 *
Fa
0  1.5e-07 531 0

0101000
+804 0 *
Ve
1.5e-07
20.8725 -2.205 15
0 0

0101101
*
Ed
 1.5e-07 1 1 0
1  1491 0 0 1.05
0

0101000
+1970 0 -802 0 *
Ed
 1.5e-07 1 1 0
1  1492 0 0 3.31377398142963
0

0101000
+802 260 -812 260 *
Wi

0101100
+801 0 -811 0 -1969 222 +800 259 *
Fa
0  1.5e-07 532 0

0101000
+799 0 *
Ve
1.5e-07
17.712 16.4205 15
0 0

0101101
*
Ed
 1.5e-07 1 1 0
1  1493 0 0 1.05
0

0101000
+1968 0 -797 0 *
Ed
 1.5e-07 1 1 0
1  1494 0 0 3.53994216054443
0

0101000
+807 260 -797 260 *
Wi

0101100
+806 0 -796 0 -1967 222 +795 259 *
Fa
0  1.5e-07 533 0

0101000
+794 0 *
Ve
1.5e-07
17.712 -3.798 15
0 0

0101101
*
Ed
 1.5e-07 1 1 0
1  1495 0 0 1.05
0

0101000
+1966 0 -792 0 *
Ed
 1.5e-07 1 1 0
1  1496 0 0 3.53926676728387
0

0101000
+792 260 -802 260 *
Wi

0101100
+791 0 -801 0 -1965 222 +790 259 *
Fa
0  1.5e-07 534 0

0101000
+789 0 *
Ve
1.5e-07
13.749 17.004 15
0 0

0101101
*
Ed
 1.5e-07 1 1 0
1  1497 0 0 1.05
0

0101000
+1964 0 -787 0 *
Ed
 1.5e-07 1 1 0
1  1498 0 0 4.00572605778278
0

0101000
+797 260 -787 260 *
Wi

0101100
+796 0 -786 0 -1963 222 +785 259 *
Fa
0  1.5e-07 535 0

0101000
+784 0 *
Ve
1.5e-07
13.749 -4.3815 15
0 0

0101101
*
Ed
 1.5e-07 1 1 0
1  1499 0 0 1.05
0

0101000
+1962 0 -782 0 *
Ed
 1.5e-07 1 1 0
1  1500 0 0 4.00572605778278
0

0101000
+782 260 -792 260 *
Wi

0101100
+781 0 -791 0 -1961 222 +780 259 *
Fa
0  1.5e-07 536 0

0101000
+779 0 *
Ve
1.5e-07
9.7845 16.4205 15
0 0

0101101
*
Ed
 1.5e-07 1 1 0
1  1501 0 0 1.05
0

0101000
+1960 0 -777 0 *
Ed
 1.5e-07 1 1 0
1  1502 0 0 4.00721006437147
0

0101000
+787 260 -777 260 *
Wi

0101100
+786 0 -776 0 -1959 222 +775 259 *
Fa
0  1.5e-07 537 0

0101000
+774 0 *
Ve
1.5e-07
9.7845 -3.798 15
0 0

0101101
*
Ed
 1.5e-07 1 1 0
1  1503 0 0 1.05
0

0101000
+1958 0 -772 0 *
Ed
 1.5e-07 1 1 0
1  1504 0 0 4.00721006437147
0

0101000
+772 260 -782 260 *
Wi

0101100
+771 0 -781 0 -1957 222 +770 259 *
Fa
0  1.5e-07 538 0

0101000
+769 0 *
Ve
1.5e-07
6.624 14.826 15
0 0

0101101
*
Ed
 1.5e-07 1 1 0
1  1505 0 0 1.05
0

0101000
+1956 0 -767 0 *
Ed
 1.5e-07 1 1 0
1  1506 0 0 3.53994216054443
0

0101000
+777 260 -767 260 *
Wi

0101100
+776 0 -766 0 -1955 222 +765 259 *
Fa
0  1.5e-07 539 0

0101000
+764 0 *
Ve
1.5e-07
6.624 -2.205 15
0 0

0101101
*
Ed
 1.5e-07 1 1 0
1  1507 0 0 1.05
0

0101000
+1954 0 -762 0 *
Ed
 1.5e-07 1 1 0
1  1508 0 0 3.53926676728387
0

0101000
+762 260 -772 260 *
Wi

0101100
+761 0 -771 0 -1953 222 +760 259 *
Fa
0  1.5e-07 540 0

0101000
+759 0 *
Ve
1.5e-07
4.311 12.4545 15
0 0

0101101
*
Ed
 1.5e-07 1 1 0
1  1509 0 0 1.05
0

0101000
+1952 0 -757 0 *
Ed
 1.5e-07 1 1 0
1  1510 0 0 3.31269999396263
0

0101000
+767 260 -757 260 *
Wi

0101100
+766 0 -756 0 -1951 222 +755 259 *
Fa
0  1.5e-07 541 0

0101000
+754 0 *
Ve
1.5e-07
4.311 0.168 15
0 0

0101101
*
Ed
 1.5e-07 1 1 0
1  1511 0 0 1.05
0

0101000
+1950 0 -752 0 *
Ed
 1.5e-07 1 1 0
1  1512 0 0 3.31377398142963
0

0101000
+752 260 -762 260 *
Wi

0101100
+751 0 -761 0 -1949 222 +750 259 *
Fa
0  1.5e-07 542 0

0101000
+749 0 *
Ve
1.5e-07
2.8905 9.5385 15
0 0

0101101
*
Ed
 1.5e-07 1 1 0
1  1513 0 0 1.05
0

0101000
+1948 0 -747 0 *
Ed
 1.5e-07 1 1 0
1  1514 0 0 3.24359002495692
0

0101000
+757 260 -747 260 *
Wi

0101100
+756 0 -746 0 -1947 222 +745 259 *
Fa
0  1.5e-07 543 0

0101000
+744 0 *
Ve
1.5e-07
2.8905 3.084 15
0 0

0101101
*
Ed
 1.5e-07 1 1 0
1  1515 0 0 1.05
0

0101000
+1946 0 -742 0 *
Ed
 1.5e-07 1 1 0
1  1516 0 0 3.24359002495691
0

0101000
+742 260 -752 260 *
Wi

0101100
+741 0 -751 0 -1945 222 +740 259 *
Fa
0  1.5e-07 544 0

0101000
+739 0 *
Ve
1.5e-07
2.4075 6.3105 15
0 0

0101101
*
Ed
 1.5e-07 1 1 0
1  1517 0 0 1.05
0

0101000
+1944 0 -737 0 *
Ed
 1.5e-07 1 1 0
1  1518 0 0 3.26393520156268
0

0101000
+747 260 -737 260 *
Wi

0101100
+746 0 -736 0 -1943 222 +735 259 *
Fa
0  1.5e-07 545 0

0101000
+734 0 *
Ed
 1.5e-07 1 1 0
1  1519 0 0 3.26245172378075
0

0101000
+737 260 -742 260 *
Wi

0101100
+736 0 -741 0 -1942 222 +732 259 *
Fa
0  1.5e-07 546 0

0101000
+731 0 *
Ve
1.5e-07
35.091 -3.8955 15
0 0

0101101
*
Ed
 1.5e-07 1 1 0
1  1520 0 0 1.05
0

0101000
+1940 0 -729 0 *
Ve
1.5e-07
35.091 7.7295 15
0 0

0101101
*
Ed
 1.5e-07 1 1 0
1  1521 0 0 1.05
0

0101000
+1939 0 -727 0 *
Ed
 1.5e-07 1 1 0
1  1522 0 0 11.625
0

0101000
+729 263 -727 263 *
Wi

0101100
+728 0 -726 0 -1938 226 +725 262 *
Fa
0  1.5e-07 547 0

0101000
+724 0 *
Ve
1.5e-07
28.449 -3.8955 15
0 0

0101101
*
Ed
 1.5e-07 1 1 0
1  1523 0 0 1.05
0

0101000
+1937 0 -722 0 *
Ed
 1.5e-07 1 1 0
1  1524 0 0 6.642
0

0101000
+722 263 -729 263 *
Wi

0101100
+721 0 -728 0 -1936 226 +720 262 *
Fa
0  1.5e-07 548 0

0101000
+719 0 *
Ve
1.5e-07
35.2335 8.967 15
0 0

0101101
*
Ed
 1.5e-07 1 1 0
1  1525 0 0 1.05
0

0101000
+1935 0 -717 0 *
Ed
 1.5e-07 1 1 0
1  1526 0 0 1.2456775264891
0

0101000
+727 263 -717 263 *
Wi

0101100
+726 0 -716 0 -1934 226 +715 262 *
Fa
0  1.5e-07 549 0

0101000
+714 0 *
Ve
1.5e-07
28.449 16.518 15
0 0

0101101
*
Ed
 1.5e-07 1 1 0
1  1527 0 0 1.05
0

0101000
+1933 0 -712 0 *
Ed
 1.5e-07 1 1 0
1  1528 0 0 20.4135
0

0101000
+712 263 -722 263 *
Wi

0101100
+711 0 -721 0 -1932 226 +710 262 *
Fa
0  1.5e-07 550 0

0101000
+709 0 *
Ve
1.5e-07
35.6505 9.9495 15
0 0

0101101
*
Ed
 1.5e-07 1 1 0
1  1529 0 0 1.05
0

0101000
+1931 0 -707 0 *
Ed
 1.5e-07 1 1 0
1  1530 0 0 1.06733089995558
0

0101000
+717 263 -707 263 *
Wi

0101100
+716 0 -706 0 -1930 226 +705 262 *
Fa
0  1.5e-07 551 0

0101000
+704 0 *
Ve
1.5e-07
34.8885 16.518 15
0 0

0101101
*
Ed
 1.5e-07 1 1 0
1  1531 0 0 1.05
0

0101000
+1929 0 -702 0 *
Ed
 1.5e-07 1 1 0
1  1532 0 0 6.4395
0

0101000
+702 263 -712 263 *
Wi

0101100
+701 0 -711 0 -1928 226 +700 262 *
Fa
0  1.5e-07 552 0

0101000
+699 0 *
Ve
1.5e-07
36.324 10.665 15
0 0

0101101
*
Ed
 1.5e-07 1 1 0
1  1533 0 0 1.05
0

0101000
+1927 0 -697 0 *
Ed
 1.5e-07 1 1 0
1  1534 0 0 0.982620221652294
0

0101000
+707 263 -697 263 *
Wi

0101100
+706 0 -696 0 -1926 226 +695 262 *
Fa
0  1.5e-07 553 0

0101000
+694 0 *
Ve
1.5e-07
34.8885 13.4805 15
0 0

0101101
*
Ed
 1.5e-07 1 1 0
1  1535 0 0 1.05
0

0101000
+1925 0 -692 0 *
Ed
 1.5e-07 1 1 0
1  1536 0 0 3.0375
0

0101000
+692 263 -702 263 *
Wi

0101100
+691 0 -701 0 -1924 226 +690 262 *
Fa
0  1.5e-07 554 0

0101000
+689 0 *
Ve
1.5e-07
37.2375 11.1045 15
0 0

0101101
*
Ed
 1.5e-07 1 1 0
1  1537 0 0 1.05
0

0101000
+1923 0 -687 0 *
Ed
 1.5e-07 1 1 0
1  1538 0 0 1.01372703426514
0

0101000
+697 263 -687 263 *
Wi

0101100
+696 0 -686 0 -1922 226 +685 262 *
Fa
0  1.5e-07 555 0

0101000
+684 0 *
Ve
1.5e-07
35.5815 14.5935 15
0 0

0101101
*
Ed
 1.5e-07 1 1 0
1  1539 0 0 1.05
0

0101000
+1921 0 -682 0 *
Ed
 1.5e-07 1 1 0
1  1540 0 0 1.31111326741819
0

0101000
+682 263 -692 263 *
Wi

0101100
+681 0 -691 0 -1920 226 +680 262 *
Fa
0  1.5e-07 556 0

0101000
+679 0 *
Ve
1.5e-07
38.3715 11.253 15
0 0

0101101
*
Ed
 1.5e-07 1 1 0
1  1541 0 0 1.05
0

0101000
+1919 0 -677 0 *
Ed
 1.5e-07 1 1 0
1  1542 0 0 1.14368188321753
0

0101000
+687 263 -677 263 *
Wi

0101100
+686 0 -676 0 -1918 226 +675 262 *
Fa
0  1.5e-07 557 0

0101000
+674 0 *
Ve
1.5e-07
36.567 15.561 15
0 0

0101101
*
Ed
 1.5e-07 1 1 0
1  1543 0 0 1.05
0

0101000
+1917 0 -672 0 *
Ed
 1.5e-07 1 1 0
1  1544 0 0 1.3810381964305
0

0101000
+672 263 -682 263 *
Wi

0101100
+671 0 -681 0 -1916 226 +670 262 *
Fa
0  1.5e-07 558 0

0101000
+669 0 *
Ve
1.5e-07
39.552 11.0835 15
0 0

0101101
*
Ed
 1.5e-07 1 1 0
1  1545 0 0 1.05
0

0101000
+1915 0 -667 0 *
Ed
 1.5e-07 1 1 0
1  1546 0 0 1.19260659900908
0

0101000
+677 263 -667 263 *
Wi

0101100
+676 0 -666 0 -1914 226 +665 262 *
Fa
0  1.5e-07 559 0

0101000
+664 0 *
Ve
1.5e-07
37.8045 16.3245 15
0 0

0101101
*
Ed
 1.5e-07 1 1 0
1  1547 0 0 1.05
0

0101000
+1913 0 -662 0 *
Ed
 1.5e-07 1 1 0
1  1548 0 0 1.45407651105435
0

0101000
+662 263 -672 263 *
Wi

0101100
+661 0 -671 0 -1912 226 +660 262 *
Fa
0  1.5e-07 560 0

0101000
+659 0 *
Ve
1.5e-07
40.4325 10.605 15
0 0

0101101
*
Ed
 1.5e-07 1 1 0
1  1549 0 0 1.05
0

0101000
+1911 0 -657 0 *
Ed
 1.5e-07 1 1 0
1  1550 0 0 1.0021190049091
0

0101000
+667 263 -657 263 *
Wi

0101100
+666 0 -656 0 -1910 226 +655 262 *
Fa
0  1.5e-07 561 0

0101000
+654 0 *
Ve
1.5e-07
39.2565 16.824 15
0 0

0101101
*
Ed
 1.5e-07 1 1 0
1  1551 0 0 1.05
0

0101000
+1909 0 -652 0 *
Ed
 1.5e-07 1 1 0
1  1552 0 0 1.53551432751375
0

0101000
+652 263 -662 263 *
Wi

0101100
+651 0 -661 0 -1908 226 +650 262 *
Fa
0  1.5e-07 562 0

0101000
+649 0 *
Ve
1.5e-07
41.034 9.8535 15
0 0

0101101
*
Ed
 1.5e-07 1 1 0
1  1553 0 0 1.05
0

0101000
+1907 0 -647 0 *
Ed
 1.5e-07 1 1 0
1  1554 0 0 0.962577009906224
0

0101000
+657 263 -647 263 *
Wi

0101100
+656 0 -646 0 -1906 226 +645 262 *
Fa
0  1.5e-07 563 0

0101000
+644 0 *
Ve
1.5e-07
40.884 17.004 15
0 0

0101101
*
Ed
 1.5e-07 1 1 0
1  1555 0 0 1.05
0

0101000
+1905 0 -642 0 *
Ed
 1.5e-07 1 1 0
1  1556 0 0 1.63742366234277
0

0101000
+642 263 -652 263 *
Wi

0101100
+641 0 -651 0 -1904 226 +640 262 *
Fa
0  1.5e-07 564 0

0101000
+639 0 *
Ve
1.5e-07
41.3805 8.868 15
0 0

0101101
*
Ed
 1.5e-07 1 1 0
1  1557 0 0 1.05
0

0101000
+1903 0 -637 0 *
Ed
 1.5e-07 1 1 0
1  1558 0 0 1.04463989010568
0

0101000
+647 263 -637 263 *
Wi

0101100
+646 0 -636 0 -1902 226 +635 262 *
Fa
0  1.5e-07 565 0

0101000
+634 0 *
Ve
1.5e-07
42.609 16.848 15
0 0

0101101
*
Ed
 1.5e-07 1 1 0
1  1559 0 0 1.05
0

0101000
+1901 0 -632 0 *
Ed
 1.5e-07 1 1 0
1  1560 0 0 1.73203954920204
0

0101000
+632 263 -642 263 *
Wi

0101100
+631 0 -641 0 -1900 226 +630 262 *
Fa
0  1.5e-07 566 0

0101000
+629 0 *
Ve
1.5e-07
41.4915 7.689 15
0 0

0101101
*
Ed
 1.5e-07 1 1 0
1  1561 0 0 1.05
0

0101000
+1899 0 -627 0 *
Ed
 1.5e-07 1 1 0
1  1562 0 0 1.18421366315374
0

0101000
+637 263 -627 263 *
Wi

0101100
+636 0 -626 0 -1898 226 +625 262 *
Fa
0  1.5e-07 567 0

0101000
+624 0 *
Ve
1.5e-07
44.094 16.3935 15
0 0

0101101
*
Ed
 1.5e-07 1 1 0
1  1563 0 0 1.05
0

0101000
+1897 0 -622 0 *
Ed
 1.5e-07 1 1 0
1  1564 0 0 1.55299557307805
0

0101000
+622 263 -632 263 *
Wi

0101100
+621 0 -631 0 -1896 226 +620 262 *
Fa
0  1.5e-07 568 0

0101000
+619 0 *
Ve
1.5e-07
41.4915 -3.8955 15
0 0

0101101
*
Ed
 1.5e-07 1 1 0
1  1565 0 0 1.05
0

0101000
+1895 0 -617 0 *
Ed
 1.5e-07 1 1 0
1  1566 0 0 11.5845
0

0101000
+627 263 -617 263 *
Wi

0101100
+626 0 -616 0 -1894 226 +615 262 *
Fa
0  1.5e-07 569 0

0101000
+614 0 *
Ve
1.5e-07
45.339 15.666 15
0 0

0101101
*
Ed
 1.5e-07 1 1 0
1  1567 0 0 1.05
0

0101000
+1893 0 -612 0 *
Ed
 1.5e-07 1 1 0
1  1568 0 0 1.44197130692673
0

0101000
+612 263 -622 263 *
Wi

0101100
+611 0 -621 0 -1892 226 +610 262 *
Fa
0  1.5e-07 570 0

0101000
+609 0 *
Ve
1.5e-07
48.1335 -3.8955 15
0 0

0101101
*
Ed
 1.5e-07 1 1 0
1  1569 0 0 1.05
0

0101000
+1891 0 -607 0 *
Ed
 1.5e-07 1 1 0
1  1570 0 0 6.642
0

0101000
+617 263 -607 263 *
Wi

0101100
+616 0 -606 0 -1890 226 +605 262 *
Fa
0  1.5e-07 571 0

0101000
+604 0 *
Ve
1.5e-07
46.347 14.6865 15
0 0

0101101
*
Ed
 1.5e-07 1 1 0
1  1571 0 0 1.05
0

0101000
+1889 0 -602 0 *
Ed
 1.5e-07 1 1 0
1  1572 0 0 1.40551921011419
0

0101000
+602 263 -612 263 *
Wi

0101100
+601 0 -611 0 -1888 226 +600 262 *
Fa
0  1.5e-07 572 0

0101000
+599 0 *
Ve
1.5e-07
48.1335 7.932 15
0 0

0101101
*
Ed
 1.5e-07 1 1 0
1  1573 0 0 1.05
0

0101000
+1887 0 -597 0 *
Ed
 1.5e-07 1 1 0
1  1574 0 0 11.8275
0

0101000
+607 263 -597 263 *
Wi

0101100
+606 0 -596 0 -1886 226 +595 262 *
Fa
0  1.5e-07 573 0

0101000
+594 0 *
Ve
1.5e-07
47.121 13.4805 15
0 0

0101101
*
Ed
 1.5e-07 1 1 0
1  1575 0 0 1.05
0

0101000
+1885 0 -592 0 *
Ed
 1.5e-07 1 1 0
1  1576 0 0 1.43300802509965
0

0101000
+592 263 -602 263 *
Wi

0101100
+591 0 -601 0 -1884 226 +590 262 *
Fa
0  1.5e-07 574 0

0101000
+589 0 *
Ve
1.5e-07
48.2835 9.0705 15
0 0

0101101
*
Ed
 1.5e-07 1 1 0
1  1577 0 0 1.05
0

0101000
+1883 0 -587 0 *
Ed
 1.5e-07 1 1 0
1  1578 0 0 1.14833890903339
0

0101000
+597 263 -587 263 *
Wi

0101100
+596 0 -586 0 -1882 226 +585 262 *
Fa
0  1.5e-07 575 0

0101000
+584 0 *
Ve
1.5e-07
48.0075 14.625 15
0 0

0101101
*
Ed
 1.5e-07 1 1 0
1  1579 0 0 1.05
0

0101000
+1881 0 -582 0 *
Ed
 1.5e-07 1 1 0
1  1580 0 0 1.44767485990467
0

0101000
+582 263 -592 263 *
Wi

0101100
+581 0 -591 0 -1880 226 +580 262 *
Fa
0  1.5e-07 576 0

0101000
+579 0 *
Ve
1.5e-07
48.717 9.993 15
0 0

0101101
*
Ed
 1.5e-07 1 1 0
1  1581 0 0 1.05
0

0101000
+1879 0 -577 0 *
Ed
 1.5e-07 1 1 0
1  1582 0 0 1.0192784212373
0

0101000
+587 263 -577 263 *
Wi

0101100
+586 0 -576 0 -1878 226 +575 262 *
Fa
0  1.5e-07 577 0

0101000
+574 0 *
Ve
1.5e-07
49.149 15.5955 15
0 0

0101101
*
Ed
 1.5e-07 1 1 0
1  1583 0 0 1.05
0

0101000
+1877 0 -572 0 *
Ed
 1.5e-07 1 1 0
1  1584 0 0 1.49829653273309
0

0101000
+572 263 -582 263 *
Wi

0101100
+571 0 -581 0 -1876 226 +570 262 *
Fa
0  1.5e-07 578 0

0101000
+569 0 *
Ve
1.5e-07
49.4025 10.6785 15
0 0

0101101
*
Ed
 1.5e-07 1 1 0
1  1585 0 0 1.05
0

0101000
+1875 0 -567 0 *
Ed
 1.5e-07 1 1 0
1  1586 0 0 0.969443397006757
0

0101000
+577 263 -567 263 *
Wi

0101100
+576 0 -566 0 -1874 226 +565 262 *
Fa
0  1.5e-07 579 0

0101000
+564 0 *
Ve
1.5e-07
50.5275 16.347 15
0 0

0101101
*
Ed
 1.5e-07 1 1 0
1  1587 0 0 1.05
0

0101000
+1873 0 -562 0 *
Ed
 1.5e-07 1 1 0
1  1588 0 0 1.5700364645447
0

0101000
+562 263 -572 263 *
Wi

0101100
+561 0 -571 0 -1872 226 +560 262 *
Fa
0  1.5e-07 580 0

0101000
+559 0 *
Ve
1.5e-07
50.31 11.106 15
0 0

0101101
*
Ed
 1.5e-07 1 1 0
1  1589 0 0 1.05
0

0101000
+1871 0 -557 0 *
Ed
 1.5e-07 1 1 0
1  1590 0 0 1.00315128470236
0

0101000
+567 263 -557 263 *
Wi

0101100
+566 0 -556 0 -1870 226 +555 262 *
Fa
0  1.5e-07 581 0

0101000
+554 0 *
Ve
1.5e-07
52.125 16.8315 15
0 0

0101101
*
Ed
 1.5e-07 1 1 0
1  1591 0 0 1.05
0

0101000
+1869 0 -552 0 *
Ed
 1.5e-07 1 1 0
1  1592 0 0 1.66935511500699
0

0101000
+552 263 -562 263 *
Wi

0101100
+551 0 -561 0 -1868 226 +550 262 *
Fa
0  1.5e-07 582 0

0101000
+549 0 *
Ve
1.5e-07
51.414 11.253 15
0 0

0101101
*
Ed
 1.5e-07 1 1 0
1  1593 0 0 1.05
0

0101000
+1867 0 -547 0 *
Ed
 1.5e-07 1 1 0
1  1594 0 0 1.1137436868508
0

0101000
+557 263 -547 263 *
Wi

0101100
+556 0 -546 0 -1866 226 +545 262 *
Fa
0  1.5e-07 583 0

0101000
+544 0 *
Ve
1.5e-07
53.925 17.004 15
0 0

0101101
*
Ed
 1.5e-07 1 1 0
1  1595 0 0 1.05
0

0101000
+1865 0 -542 0 *
Ed
 1.5e-07 1 1 0
1  1596 0 0 1.8082467337175
0

0101000
+542 263 -552 263 *
Wi

0101100
+541 0 -551 0 -1864 226 +540 262 *
Fa
0  1.5e-07 584 0

0101000
+539 0 *
Ve
1.5e-07
52.593 11.0835 15
0 0

0101101
*
Ed
 1.5e-07 1 1 0
1  1597 0 0 1.05
0

0101000
+1863 0 -537 0 *
Ed
 1.5e-07 1 1 0
1  1598 0 0 1.1911218451527
0

0101000
+547 263 -537 263 *
Wi

0101100
+546 0 -536 0 -1862 226 +535 262 *
Fa
0  1.5e-07 585 0

0101000
+534 0 *
Ve
1.5e-07
56.5605 16.6155 15
0 0

0101101
*
Ed
 1.5e-07 1 1 0
1  1599 0 0 1.05
0

0101000
+1861 0 -532 0 *
Ed
 1.5e-07 1 1 0
1  1600 0 0 2.6639805742535
0

0101000
+532 263 -542 263 *
Wi

0101100
+531 0 -541 0 -1860 226 +530 262 *
Fa
0  1.5e-07 586 0

0101000
+529 0 *
Ve
1.5e-07
53.4735 10.605 15
0 0

0101101
*
Ed
 1.5e-07 1 1 0
1  1601 0 0 1.05
0

0101000
+1859 0 -527 0 *
Ed
 1.5e-07 1 1 0
1  1602 0 0 1.0021190049091
0

0101000
+537 263 -527 263 *
Wi

0101100
+536 0 -526 0 -1858 226 +525 262 *
Fa
0  1.5e-07 587 0

0101000
+524 0 *
Ve
1.5e-07
58.5945 15.51 15
0 0

0101101
*
Ed
 1.5e-07 1 1 0
1  1603 0 0 1.05
0

0101000
+1857 0 -522 0 *
Ed
 1.5e-07 1 1 0
1  1604 0 0 2.31501322890389
0

0101000
+522 263 -532 263 *
Wi

0101100
+521 0 -531 0 -1856 226 +520 262 *
Fa
0  1.5e-07 588 0

0101000
+519 0 *
Ve
1.5e-07
54.0765 9.8535 15
0 0

0101101
*
Ed
 1.5e-07 1 1 0
1  1605 0 0 1.05
0

0101000
+1855 0 -517 0 *
Ed
 1.5e-07 1 1 0
1  1606 0 0 0.963515049181902
0

0101000
+527 263 -517 263 *
Wi

0101100
+526 0 -516 0 -1854 226 +515 262 *
Fa
0  1.5e-07 589 0

0101000
+514 0 *
Ve
1.5e-07
60.0345 13.776 15
0 0

0101101
*
Ed
 1.5e-07 1 1 0
1  1607 0 0 1.05
0

0101000
+1853 0 -512 0 *
Ed
 1.5e-07 1 1 0
1  1608 0 0 2.2539645072627
0

0101000
+512 263 -522 263 *
Wi

0101100
+511 0 -521 0 -1852 226 +510 262 *
Fa
0  1.5e-07 590 0

0101000
+509 0 *
Ve
1.5e-07
54.423 8.868 15
0 0

0101101
*
Ed
 1.5e-07 1 1 0
1  1609 0 0 1.05
0

0101000
+1851 0 -507 0 *
Ed
 1.5e-07 1 1 0
1  1610 0 0 1.04463989010567
0

0101000
+517 263 -507 263 *
Wi

0101100
+516 0 -506 0 -1850 226 +505 262 *
Fa
0  1.5e-07 591 0

0101000
+504 0 *
Ve
1.5e-07
60.8925 11.5035 15
0 0

0101101
*
Ed
 1.5e-07 1 1 0
1  1611 0 0 1.05
0

0101000
+1849 0 -502 0 *
Ed
 1.5e-07 1 1 0
1  1612 0 0 2.42907806585132
0

0101000
+502 263 -512 263 *
Wi

0101100
+501 0 -511 0 -1848 226 +500 262 *
Fa
0  1.5e-07 592 0

0101000
+499 0 *
Ve
1.5e-07
54.5325 7.689 15
0 0

0101101
*
Ed
 1.5e-07 1 1 0
1  1613 0 0 1.05
0

0101000
+1847 0 -497 0 *
Ed
 1.5e-07 1 1 0
1  1614 0 0 1.18407400528852
0

0101000
+507 263 -497 263 *
Wi

0101100
+506 0 -496 0 -1846 226 +495 262 *
Fa
0  1.5e-07 593 0

0101000
+494 0 *
Ve
1.5e-07
61.176 8.7825 15
0 0

0101101
*
Ed
 1.5e-07 1 1 0
1  1615 0 0 1.05
0

0101000
+1845 0 -492 0 *
Ed
 1.5e-07 1 1 0
1  1616 0 0 2.73572901618563
0

0101000
+492 263 -502 263 *
Wi

0101100
+491 0 -501 0 -1844 226 +490 262 *
Fa
0  1.5e-07 594 0

0101000
+489 0 *
Ve
1.5e-07
54.5325 -3.8955 15
0 0

0101101
*
Ed
 1.5e-07 1 1 0
1  1617 0 0 1.05
0

0101000
+1843 0 -487 0 *
Ed
 1.5e-07 1 1 0
1  1618 0 0 11.5845
0

0101000
+497 263 -487 263 *
Wi

0101100
+496 0 -486 0 -1842 226 +485 262 *
Fa
0  1.5e-07 595 0

0101000
+484 0 *
Ve
1.5e-07
61.176 -3.8955 15
0 0

0101101
*
Ed
 1.5e-07 1 1 0
1  1619 0 0 1.05
0

0101000
+1841 0 -482 0 *
Ed
 1.5e-07 1 1 0
1  1620 0 0 12.678
0

0101000
+482 263 -492 263 *
Wi

0101100
+481 0 -491 0 -1840 226 +480 262 *
Fa
0  1.5e-07 596 0

0101000
+479 0 *
Ed
 1.5e-07 1 1 0
1  1621 0 0 6.6435
0

0101000
+487 263 -482 263 *
Wi

0101100
+486 0 -481 0 -1839 226 +477 262 *
Fa
0  1.5e-07 597 0

0101000
+476 0 *
Ve
1.5e-07
71.901 -7.725 15
0 0

0101101
*
Ed
 1.5e-07 1 1 0
1  1622 0 0 1.05
0

0101000
+1837 0 -474 0 *
Ve
1.5e-07
71.8605 16.5645 15
0 0

0101101
*
Ed
 1.5e-07 1 1 0
1  1623 0 0 1.05
0

0101000
+1836 0 -472 0 *
Ed
 1.5e-07 1 1 0
1  1624 0 0 24.2895337645662
0

0101000
+474 266 -472 266 *
Wi

0101100
+473 0 -471 0 -1835 230 +470 265 *
Fa
0  1.5e-07 598 0

0101000
+469 0 *
Ve
1.5e-07
65.3595 16.5645 15
0 0

0101101
*
Ed
 1.5e-07 1 1 0
1  1625 0 0 1.05
0

0101000
+1834 0 -467 0 *
Ed
 1.5e-07 1 1 0
1  1626 0 0 6.50099999999999
0

0101000
+472 266 -467 266 *
Wi

0101100
+471 0 -466 0 -1833 230 +465 265 *
Fa
0  1.5e-07 599 0

0101000
+464 0 *
Ve
1.5e-07
65.3925 -2.2995 15
0 0

0101101
*
Ed
 1.5e-07 1 1 0
1  1627 0 0 1.05
0

0101000
+1832 0 -462 0 *
Ed
 1.5e-07 1 1 0
1  1628 0 0 18.8640288644817
0

0101000
+467 266 -462 266 *
Wi

0101100
+466 0 -461 0 -1831 230 +460 265 *
Fa
0  1.5e-07 600 0

0101000
+459 0 *
Ed
 1.5e-07 1 1 0
1  1629 0 0 8.4732887652906
0

0101000
+462 266 -474 266 *
Wi

0101100
+461 0 -473 0 -1830 230 +457 265 *
Fa
0  1.5e-07 601 0

0101000
+456 0 *
Wi

0101100
+1785 0 +1780 0 +1777 0 *
Fa
0  1.5e-07 602 0

0111000
+454 0 *
Wi

0101100
+1770 0 +1765 0 +1760 0 +1757 0 *
Fa
0  1.5e-07 603 0

0111000
+452 0 *
Wi

0101100
+1750 0 +1740 0 +1730 0 +1720 0 +1710 0 +1700 0 +1690 0 +1680 0 +1670 0 +1660 0 
+1650 0 +1640 0 +1630 0 +1620 0 +1610 0 +1600 0 +1590 0 +1580 0 +1570 0 +1560 0 
+1550 0 +1540 0 +1530 0 +1520 0 +1510 0 +1500 0 +1490 0 +1480 0 +1477 0 +1485 0 
+1495 0 +1505 0 +1515 0 +1525 0 +1535 0 +1545 0 +1555 0 +1565 0 +1575 0 +1585 0 
+1595 0 +1605 0 +1615 0 +1625 0 +1635 0 +1645 0 +1655 0 +1665 0 +1675 0 +1685 0 
+1695 0 +1705 0 +1715 0 +1725 0 +1735 0 +1745 0 *
Fa
0  1.5e-07 604 0

0111000
+450 0 *
Wi

0101100
+1470 268 +1465 268 +1460 268 +1455 268 +1450 268 +1445 268 +1440 268 +1435 268 +1430 268 +1425 268 
+1420 268 +1415 268 +1410 268 +1405 268 +1400 268 +1395 268 +1390 268 +1385 268 +1380 268 +1375 268 
+1370 268 +1365 268 +1360 268 +1355 268 +1352 268 *
Ve
1.5e-07
-95.9745 6.3105 15
0 0

0101101
*
Ve
1.5e-07
-96.213 8.001 15
0 0

0101101
*
Ed
 1.5e-07 1 1 0
1  1630 0 0 1.70724119561355
0

0101000
+447 272 -446 272 *
Ve
1.5e-07
-96.888 9.4305 15
0 0

0101101
*
Ed
 1.5e-07 1 1 0
1  1631 0 0 1.58085269712267
0

0101000
+446 272 -444 272 *
Ve
1.5e-07
-97.9425 10.5345 15
0 0

0101101
*
Ed
 1.5e-07 1 1 0
1  1632 0 0 1.52669127527474
0

0101000
+444 272 -442 272 *
Ve
1.5e-07
-99.318 11.244 15
0 0

0101101
*
Ed
 1.5e-07 1 1 0
1  1633 0 0 1.54770491373518
0

0101000
+442 272 -440 272 *
Ve
1.5e-07
-100.956 11.496 15
0 0

0101101
*
Ed
 1.5e-07 1 1 0
1  1634 0 0 1.6572712511837
0

0101000
+440 272 -438 272 *
Ve
1.5e-07
-102.57 11.241 15
0 0

0101101
*
Ed
 1.5e-07 1 1 0
1  1635 0 0 1.63401988971982
0

0101000
+438 272 -436 272 *
Ve
1.5e-07
-103.9245 10.5225 15
0 0

0101101
*
Ed
 1.5e-07 1 1 0
1  1636 0 0 1.53326856747278
0

0101000
+436 272 -434 272 *
Ve
1.5e-07
-104.961 9.414 15
0 0

0101101
*
Ed
 1.5e-07 1 1 0
1  1637 0 0 1.51759826699954
0

0101000
+434 272 -432 272 *
Ve
1.5e-07
-105.624 7.986 15
0 0

0101101
*
Ed
 1.5e-07 1 1 0
1  1638 0 0 1.57440560212418
0

0101000
+432 272 -430 272 *
Ve
1.5e-07
-105.8565 6.3105 15
0 0

0101101
*
Ed
 1.5e-07 1 1 0
1  1639 0 0 1.69155446261715
0

0101000
+430 272 -428 272 *
Ve
1.5e-07
-105.624 4.6365 15
0 0

0101101
*
Ed
 1.5e-07 1 1 0
1  1640 0 0 1.69006871162092
0

0101000
+428 272 -426 272 *
Ve
1.5e-07
-104.961 3.2085 15
0 0

0101101
*
Ed
 1.5e-07 1 1 0
1  1641 0 0 1.57440560212418
0

0101000
+426 272 -424 272 *
Ve
1.5e-07
-103.9245 2.1 15
0 0

0101101
*
Ed
 1.5e-07 1 1 0
1  1642 0 0 1.51759826699954
0

0101000
+424 272 -422 272 *
Ve
1.5e-07
-102.57 1.3815 15
0 0

0101101
*
Ed
 1.5e-07 1 1 0
1  1643 0 0 1.53326856747278
0

0101000
+422 272 -420 272 *
Ve
1.5e-07
-100.956 1.1265 15
0 0

0101101
*
Ed
 1.5e-07 1 1 0
1  1644 0 0 1.63401988971982
0

0101000
+420 272 -418 272 *
Ve
1.5e-07
-99.318 1.3785 15
0 0

0101101
*
Ed
 1.5e-07 1 1 0
1  1645 0 0 1.6572712511837
0

0101000
+418 272 -416 272 *
Ve
1.5e-07
-97.9425 2.088 15
0 0

0101101
*
Ed
 1.5e-07 1 1 0
1  1646 0 0 1.54770491373518
0

0101000
+416 272 -414 272 *
Ve
1.5e-07
-96.888 3.192 15
0 0

0101101
*
Ed
 1.5e-07 1 1 0
1  1647 0 0 1.52669127527474
0

0101000
+414 272 -412 272 *
Ve
1.5e-07
-96.213 4.6215 15
0 0

0101101
*
Ed
 1.5e-07 1 1 0
1  1648 0 0 1.58085269712267
0

0101000
+412 272 -410 272 *
Ed
 1.5e-07 1 1 0
1  1649 0 0 1.70575591747471
0

0101000
+410 272 -447 272 *
Wi

0101100
-445 271 -443 271 -441 271 -439 271 -437 271 -435 271 -433 271 -431 271 -429 271 -427 271 
-425 271 -423 271 -421 271 -419 271 -417 271 -415 271 -413 271 -411 271 -409 271 -408 271 
*
Fa
0  1.5e-07 605 268

0101000
+448 0 +407 0 *
Wi

0101100
+1345 0 +1335 0 +1325 0 +1315 0 +1305 0 +1295 0 +1285 0 +1275 0 +1265 0 +1255 0 
+1245 0 +1235 0 +1225 0 +1215 0 +1212 0 +1220 0 +1230 0 +1240 0 +1250 0 +1260 0 
+1270 0 +1280 0 +1290 0 +1300 0 +1310 0 +1320 0 +1330 0 +1340 0 *
Fa
0  1.5e-07 606 0

0111000
+405 0 *
Wi

0101100
+1205 274 +1200 274 +1195 274 +1190 274 +1185 274 +1180 274 +1175 274 +1170 274 +1165 274 +1160 274 
+1155 274 +1150 274 +1145 274 +1140 274 +1135 274 +1130 274 +1125 274 +1120 274 +1115 274 +1112 274 
*
Ve
1.5e-07
-30.5175 6.3105 15
0 0

0101101
*
Ve
1.5e-07
-30.7125 7.893 15
0 0

0101101
*
Ed
 1.5e-07 1 1 0
1  1650 0 0 1.5944689554833
0

0101000
+402 278 -401 278 *
Ve
1.5e-07
-31.2945 9.309 15
0 0

0101101
*
Ed
 1.5e-07 1 1 0
1  1651 0 0 1.5309408871671
0

0101000
+401 278 -399 278 *
Ve
1.5e-07
-32.2665 10.452 15
0 0

0101101
*
Ed
 1.5e-07 1 1 0
1  1652 0 0 1.50041094370842
0

0101000
+399 278 -397 278 *
Ve
1.5e-07
-33.6285 11.217 15
0 0

0101101
*
Ed
 1.5e-07 1 1 0
1  1653 0 0 1.56213603761004
0

0101000
+397 278 -395 278 *
Ve
1.5e-07
-35.3775 11.496 15
0 0

0101101
*
Ed
 1.5e-07 1 1 0
1  1654 0 0 1.77111320925569
0

0101000
+395 278 -393 278 *
Ve
1.5e-07
-37.128 11.217 15
0 0

0101101
*
Ed
 1.5e-07 1 1 0
1  1655 0 0 1.77259449677584
0

0101000
+393 278 -391 278 *
Ve
1.5e-07
-38.4885 10.452 15
0 0

0101101
*
Ed
 1.5e-07 1 1 0
1  1656 0 0 1.56082838582594
0

0101000
+391 278 -389 278 *
Ve
1.5e-07
-39.4605 9.309 15
0 0

0101101
*
Ed
 1.5e-07 1 1 0
1  1657 0 0 1.50041094370842
0

0101000
+389 278 -387 278 *
Ve
1.5e-07
-40.044 7.893 15
0 0

0101101
*
Ed
 1.5e-07 1 1 0
1  1658 0 0 1.53151175313806
0

0101000
+387 278 -385 278 *
Ve
1.5e-07
-40.2375 6.3105 15
0 0

0101101
*
Ed
 1.5e-07 1 1 0
1  1659 0 0 1.59428620391697
0

0101000
+385 278 -383 278 *
Ve
1.5e-07
-40.044 4.7295 15
0 0

0101101
*
Ed
 1.5e-07 1 1 0
1  1660 0 0 1.59279730348843
0

0101000
+383 278 -381 278 *
Ve
1.5e-07
-39.4605 3.3135 15
0 0

0101101
*
Ed
 1.5e-07 1 1 0
1  1661 0 0 1.53151175313806
0

0101000
+381 278 -379 278 *
Ve
1.5e-07
-38.4885 2.1705 15
0 0

0101101
*
Ed
 1.5e-07 1 1 0
1  1662 0 0 1.50041094370842
0

0101000
+379 278 -377 278 *
Ve
1.5e-07
-37.128 1.4055 15
0 0

0101101
*
Ed
 1.5e-07 1 1 0
1  1663 0 0 1.56082838582594
0

0101000
+377 278 -375 278 *
Ve
1.5e-07
-35.3775 1.1265 15
0 0

0101101
*
Ed
 1.5e-07 1 1 0
1  1664 0 0 1.77259449677584
0

0101000
+375 278 -373 278 *
Ve
1.5e-07
-33.6285 1.4055 15
0 0

0101101
*
Ed
 1.5e-07 1 1 0
1  1665 0 0 1.77111320925569
0

0101000
+373 278 -371 278 *
Ve
1.5e-07
-32.2665 2.1705 15
0 0

0101101
*
Ed
 1.5e-07 1 1 0
1  1666 0 0 1.56213603761004
0

0101000
+371 278 -369 278 *
Ve
1.5e-07
-31.2945 3.3135 15
0 0

0101101
*
Ed
 1.5e-07 1 1 0
1  1667 0 0 1.50041094370842
0

0101000
+369 278 -367 278 *
Ve
1.5e-07
-30.7125 4.7295 15
0 0

0101101
*
Ed
 1.5e-07 1 1 0
1  1668 0 0 1.5309408871671
0

0101000
+367 278 -365 278 *
Ed
 1.5e-07 1 1 0
1  1669 0 0 1.59298022586597
0

0101000
+365 278 -402 278 *
Wi

0101100
-400 277 -398 277 -396 277 -394 277 -392 277 -390 277 -388 277 -386 277 -384 277 -382 277 
-380 277 -378 277 -376 277 -374 277 -372 277 -370 277 -368 277 -366 277 -364 277 -363 277 
*
Fa
0  1.5e-07 607 274

0101000
+403 0 +362 0 *
Wi

0101100
+1105 0 +1100 0 +1095 0 +1090 0 +1085 0 +1080 0 +1075 0 +1070 0 +1065 0 +1060 0 
+1055 0 +1050 0 +1045 0 +1040 0 +1035 0 +1030 0 +1025 0 +1020 0 +1015 0 +1010 0 
+1005 0 +1000 0 +995 0 +990 0 +985 0 +980 0 +975 0 +972 279 *
Fa
0  1.5e-07 608 0

0111000
+360 0 *
Wi

0101100
+965 0 +955 0 +945 0 +935 0 +925 0 +915 0 +905 0 +895 0 +885 0 +875 0 
+865 0 +855 0 +845 0 +835 0 +832 0 +840 0 +850 0 +860 0 +870 0 +880 0 
+890 0 +900 0 +910 0 +920 0 +930 0 +940 0 +950 0 +960 0 *
Fa
0  1.5e-07 609 0

0111000
+358 0 *
Wi

0101100
+825 281 +820 281 +815 281 +810 281 +805 281 +800 281 +795 281 +790 281 +785 281 +780 281 
+775 281 +770 281 +765 281 +760 281 +755 281 +750 281 +745 281 +740 281 +735 281 +732 281 
*
Ve
1.5e-07
18.609 6.3105 15
0 0

0101101
*
Ve
1.5e-07
18.414 7.893 15
0 0

0101101
*
Ed
 1.5e-07 1 1 0
1  1670 0 0 1.5944689554833
0

0101000
+355 285 -354 285 *
Ve
1.5e-07
17.8305 9.309 15
0 0

0101101
*
Ed
 1.5e-07 1 1 0
1  1671 0 0 1.53151175313806
0

0101000
+354 285 -352 285 *
Ve
1.5e-07
16.8585 10.452 15
0 0

0101101
*
Ed
 1.5e-07 1 1 0
1  1672 0 0 1.50041094370842
0

0101000
+352 285 -350 285 *
Ve
1.5e-07
15.498 11.217 15
0 0

0101101
*
Ed
 1.5e-07 1 1 0
1  1673 0 0 1.56082838582594
0

0101000
+350 285 -348 285 *
Ve
1.5e-07
13.749 11.496 15
0 0

0101101
*
Ed
 1.5e-07 1 1 0
1  1674 0 0 1.77111320925569
0

0101000
+348 285 -346 285 *
Ve
1.5e-07
11.9985 11.217 15
0 0

0101101
*
Ed
 1.5e-07 1 1 0
1  1675 0 0 1.77259449677584
0

0101000
+346 285 -344 285 *
Ve
1.5e-07
10.638 10.452 15
0 0

0101101
*
Ed
 1.5e-07 1 1 0
1  1676 0 0 1.56082838582594
0

0101000
+344 285 -342 285 *
Ve
1.5e-07
9.666 9.309 15
0 0

0101101
*
Ed
 1.5e-07 1 1 0
1  1677 0 0 1.50041094370842
0

0101000
+342 285 -340 285 *
Ve
1.5e-07
9.0825 7.893 15
0 0

0101101
*
Ed
 1.5e-07 1 1 0
1  1678 0 0 1.53151175313806
0

0101000
+340 285 -338 285 *
Ve
1.5e-07
8.8875 6.3105 15
0 0

0101101
*
Ed
 1.5e-07 1 1 0
1  1679 0 0 1.5944689554833
0

0101000
+338 285 -336 285 *
Ve
1.5e-07
9.0825 4.7295 15
0 0

0101101
*
Ed
 1.5e-07 1 1 0
1  1680 0 0 1.59298022586597
0

0101000
+336 285 -334 285 *
Ve
1.5e-07
9.666 3.3135 15
0 0

0101101
*
Ed
 1.5e-07 1 1 0
1  1681 0 0 1.53151175313806
0

0101000
+334 285 -332 285 *
Ve
1.5e-07
10.638 2.1705 15
0 0

0101101
*
Ed
 1.5e-07 1 1 0
1  1682 0 0 1.50041094370842
0

0101000
+332 285 -330 285 *
Ve
1.5e-07
11.9985 1.4055 15
0 0

0101101
*
Ed
 1.5e-07 1 1 0
1  1683 0 0 1.56082838582594
0

0101000
+330 285 -328 285 *
Ve
1.5e-07
13.749 1.1265 15
0 0

0101101
*
Ed
 1.5e-07 1 1 0
1  1684 0 0 1.77259449677584
0

0101000
+328 285 -326 285 *
Ve
1.5e-07
15.498 1.4055 15
0 0

0101101
*
Ed
 1.5e-07 1 1 0
1  1685 0 0 1.77111320925569
0

0101000
+326 285 -324 285 *
Ve
1.5e-07
16.8585 2.1705 15
0 0

0101101
*
Ed
 1.5e-07 1 1 0
1  1686 0 0 1.56082838582594
0

0101000
+324 285 -322 285 *
Ve
1.5e-07
17.8305 3.3135 15
0 0

0101101
*
Ed
 1.5e-07 1 1 0
1  1687 0 0 1.50041094370842
0

0101000
+322 285 -320 285 *
Ve
1.5e-07
18.414 4.7295 15
0 0

0101101
*
Ed
 1.5e-07 1 1 0
1  1688 0 0 1.53151175313806
0

0101000
+320 285 -318 285 *
Ed
 1.5e-07 1 1 0
1  1689 0 0 1.59298022586597
0

0101000
+318 285 -355 285 *
Wi

0101100
-353 284 -351 284 -349 284 -347 284 -345 284 -343 284 -341 284 -339 284 -337 284 -335 284 
-333 284 -331 284 -329 284 -327 284 -325 284 -323 284 -321 284 -319 284 -317 284 -316 284 
*
Fa
0  1.5e-07 610 281

0101000
+356 0 +315 0 *
Wi

0101100
+725 0 +715 0 +705 0 +695 0 +685 0 +675 0 +665 0 +655 0 +645 0 +635 0 
+625 0 +615 0 +605 0 +595 0 +585 0 +575 0 +565 0 +555 0 +545 0 +535 0 
+525 0 +515 0 +505 0 +495 0 +485 0 +477 0 +480 0 +490 0 +500 0 +510 0 
+520 0 +530 0 +540 0 +550 0 +560 0 +570 0 +580 0 +590 0 +600 0 +610 0 
+620 0 +630 0 +640 0 +650 0 +660 0 +670 0 +680 0 +690 0 +700 0 +710 0 
+720 0 *
Fa
0  1.5e-07 611 0

0111000
+313 0 *
Wi

0101100
+470 0 +465 0 +460 0 +457 0 *
Fa
0  1.5e-07 612 0

0111000
+311 0 *
Ve
1.5e-07
-95.9745 6.3105 13.95
0 0

0101101
*
Ed
 1.5e-07 1 1 0
1  1690 0 0 1.05
0

0101000
+309 0 -447 0 *
Ve
1.5e-07
-96.213 8.001 13.95
0 0

0101101
*
Ed
 1.5e-07 1 1 0
1  1691 0 0 1.05
0

0101000
+307 0 -446 0 *
Ed
 1.5e-07 1 1 0
1  1692 0 0 1.70724119561355
0

0101000
+309 287 -307 287 *
Wi

0101100
+308 0 -306 0 -305 286 +445 288 *
Fa
0  1.5e-07 613 0

0101000
+304 0 *
Ve
1.5e-07
-96.888 9.4305 13.95
0 0

0101101
*
Ed
 1.5e-07 1 1 0
1  1693 0 0 1.05
0

0101000
+302 0 -444 0 *
Ed
 1.5e-07 1 1 0
1  1694 0 0 1.58085269712267
0

0101000
+307 287 -302 287 *
Wi

0101100
+306 0 -301 0 -300 286 +443 288 *
Fa
0  1.5e-07 614 0

0101000
+299 0 *
Ve
1.5e-07
-97.9425 10.5345 13.95
0 0

0101101
*
Ed
 1.5e-07 1 1 0
1  1695 0 0 1.05
0

0101000
+297 0 -442 0 *
Ed
 1.5e-07 1 1 0
1  1696 0 0 1.52669127527474
0

0101000
+302 287 -297 287 *
Wi

0101100
+301 0 -296 0 -295 286 +441 288 *
Fa
0  1.5e-07 615 0

0101000
+294 0 *
Ve
1.5e-07
-99.318 11.244 13.95
0 0

0101101
*
Ed
 1.5e-07 1 1 0
1  1697 0 0 1.05
0

0101000
+292 0 -440 0 *
Ed
 1.5e-07 1 1 0
1  1698 0 0 1.54770491373518
0

0101000
+297 287 -292 287 *
Wi

0101100
+296 0 -291 0 -290 286 +439 288 *
Fa
0  1.5e-07 616 0

0101000
+289 0 *
Ve
1.5e-07
-100.956 11.496 13.95
0 0

0101101
*
Ed
 1.5e-07 1 1 0
1  1699 0 0 1.05
0

0101000
+287 0 -438 0 *
Ed
 1.5e-07 1 1 0
1  1700 0 0 1.6572712511837
0

0101000
+292 287 -287 287 *
Wi

0101100
+291 0 -286 0 -285 286 +437 288 *
Fa
0  1.5e-07 617 0

0101000
+284 0 *
Ve
1.5e-07
-102.57 11.241 13.95
0 0

0101101
*
Ed
 1.5e-07 1 1 0
1  1701 0 0 1.05
0

0101000
+282 0 -436 0 *
Ed
 1.5e-07 1 1 0
1  1702 0 0 1.63401988971982
0

0101000
+287 287 -282 287 *
Wi

0101100
+286 0 -281 0 -280 286 +435 288 *
Fa
0  1.5e-07 618 0

0101000
+279 0 *
Ve
1.5e-07
-103.9245 10.5225 13.95
0 0

0101101
*
Ed
 1.5e-07 1 1 0
1  1703 0 0 1.05
0

0101000
+277 0 -434 0 *
Ed
 1.5e-07 1 1 0
1  1704 0 0 1.53326856747278
0

0101000
+282 287 -277 287 *
Wi

0101100
+281 0 -276 0 -275 286 +433 288 *
Fa
0  1.5e-07 619 0

0101000
+274 0 *
Ve
1.5e-07
-104.961 9.414 13.95
0 0

0101101
*
Ed
 1.5e-07 1 1 0
1  1705 0 0 1.05
0

0101000
+272 0 -432 0 *
Ed
 1.5e-07 1 1 0
1  1706 0 0 1.51759826699954
0

0101000
+277 287 -272 287 *
Wi

0101100
+276 0 -271 0 -270 286 +431 288 *
Fa
0  1.5e-07 620 0

0101000
+269 0 *
Ve
1.5e-07
-105.624 7.986 13.95
0 0

0101101
*
Ed
 1.5e-07 1 1 0
1  1707 0 0 1.05
0

0101000
+267 0 -430 0 *
Ed
 1.5e-07 1 1 0
1  1708 0 0 1.57440560212418
0

0101000
+272 287 -267 287 *
Wi

0101100
+271 0 -266 0 -265 286 +429 288 *
Fa
0  1.5e-07 621 0

0101000
+264 0 *
Ve
1.5e-07
-105.8565 6.3105 13.95
0 0

0101101
*
Ed
 1.5e-07 1 1 0
1  1709 0 0 1.05
0

0101000
+262 0 -428 0 *
Ed
 1.5e-07 1 1 0
1  1710 0 0 1.69155446261715
0

0101000
+267 287 -262 287 *
Wi

0101100
+266 0 -261 0 -260 286 +427 288 *
Fa
0  1.5e-07 622 0

0101000
+259 0 *
Ve
1.5e-07
-105.624 4.6365 13.95
0 0

0101101
*
Ed
 1.5e-07 1 1 0
1  1711 0 0 1.05
0

0101000
+257 0 -426 0 *
Ed
 1.5e-07 1 1 0
1  1712 0 0 1.69006871162092
0

0101000
+262 287 -257 287 *
Wi

0101100
+261 0 -256 0 -255 286 +425 288 *
Fa
0  1.5e-07 623 0

0101000
+254 0 *
Ve
1.5e-07
-104.961 3.2085 13.95
0 0

0101101
*
Ed
 1.5e-07 1 1 0
1  1713 0 0 1.05
0

0101000
+252 0 -424 0 *
Ed
 1.5e-07 1 1 0
1  1714 0 0 1.57440560212418
0

0101000
+257 287 -252 287 *
Wi

0101100
+256 0 -251 0 -250 286 +423 288 *
Fa
0  1.5e-07 624 0

0101000
+249 0 *
Ve
1.5e-07
-103.9245 2.1 13.95
0 0

0101101
*
Ed
 1.5e-07 1 1 0
1  1715 0 0 1.05
0

0101000
+247 0 -422 0 *
Ed
 1.5e-07 1 1 0
1  1716 0 0 1.51759826699954
0

0101000
+252 287 -247 287 *
Wi

0101100
+251 0 -246 0 -245 286 +421 288 *
Fa
0  1.5e-07 625 0

0101000
+244 0 *
Ve
1.5e-07
-102.57 1.3815 13.95
0 0

0101101
*
Ed
 1.5e-07 1 1 0
1  1717 0 0 1.05
0

0101000
+242 0 -420 0 *
Ed
 1.5e-07 1 1 0
1  1718 0 0 1.53326856747278
0

0101000
+247 287 -242 287 *
Wi

0101100
+246 0 -241 0 -240 286 +419 288 *
Fa
0  1.5e-07 626 0

0101000
+239 0 *
Ve
1.5e-07
-100.956 1.1265 13.95
0 0

0101101
*
Ed
 1.5e-07 1 1 0
1  1719 0 0 1.05
0

0101000
+237 0 -418 0 *
Ed
 1.5e-07 1 1 0
1  1720 0 0 1.63401988971982
0

0101000
+242 287 -237 287 *
Wi

0101100
+241 0 -236 0 -235 286 +417 288 *
Fa
0  1.5e-07 627 0

0101000
+234 0 *
Ve
1.5e-07
-99.318 1.3785 13.95
0 0

0101101
*
Ed
 1.5e-07 1 1 0
1  1721 0 0 1.05
0

0101000
+232 0 -416 0 *
Ed
 1.5e-07 1 1 0
1  1722 0 0 1.6572712511837
0

0101000
+237 287 -232 287 *
Wi

0101100
+236 0 -231 0 -230 286 +415 288 *
Fa
0  1.5e-07 628 0

0101000
+229 0 *
Ve
1.5e-07
-97.9425 2.088 13.95
0 0

0101101
*
Ed
 1.5e-07 1 1 0
1  1723 0 0 1.05
0

0101000
+227 0 -414 0 *
Ed
 1.5e-07 1 1 0
1  1724 0 0 1.54770491373518
0

0101000
+232 287 -227 287 *
Wi

0101100
+231 0 -226 0 -225 286 +413 288 *
Fa
0  1.5e-07 629 0

0101000
+224 0 *
Ve
1.5e-07
-96.888 3.192 13.95
0 0

0101101
*
Ed
 1.5e-07 1 1 0
1  1725 0 0 1.05
0

0101000
+222 0 -412 0 *
Ed
 1.5e-07 1 1 0
1  1726 0 0 1.52669127527474
0

0101000
+227 287 -222 287 *
Wi

0101100
+226 0 -221 0 -220 286 +411 288 *
Fa
0  1.5e-07 630 0

0101000
+219 0 *
Ve
1.5e-07
-96.213 4.6215 13.95
0 0

0101101
*
Ed
 1.5e-07 1 1 0
1  1727 0 0 1.05
0

0101000
+217 0 -410 0 *
Ed
 1.5e-07 1 1 0
1  1728 0 0 1.58085269712267
0

0101000
+222 287 -217 287 *
Wi

0101100
+221 0 -216 0 -215 286 +409 288 *
Fa
0  1.5e-07 631 0

0101000
+214 0 *
Ed
 1.5e-07 1 1 0
1  1729 0 0 1.70575591747471
0

0101000
+217 287 -309 287 *
Wi

0101100
+216 0 -308 0 -212 286 +408 288 *
Fa
0  1.5e-07 632 0

0101000
+211 0 *
Ve
1.5e-07
-30.5175 6.3105 13.95
0 0

0101101
*
Ed
 1.5e-07 1 1 0
1  1730 0 0 1.05
0

0101000
+209 0 -402 0 *
Ve
1.5e-07
-30.7125 7.893 13.95
0 0

0101101
*
Ed
 1.5e-07 1 1 0
1  1731 0 0 1.05
0

0101000
+207 0 -401 0 *
Ed
 1.5e-07 1 1 0
1  1732 0 0 1.5944689554833
0

0101000
+209 290 -207 290 *
Wi

0101100
+208 0 -206 0 -205 289 +400 291 *
Fa
0  1.5e-07 633 0

0101000
+204 0 *
Ve
1.5e-07
-31.2945 9.309 13.95
0 0

0101101
*
Ed
 1.5e-07 1 1 0
1  1733 0 0 1.05
0

0101000
+202 0 -399 0 *
Ed
 1.5e-07 1 1 0
1  1734 0 0 1.5309408871671
0

0101000
+207 290 -202 290 *
Wi

0101100
+206 0 -201 0 -200 289 +398 291 *
Fa
0  1.5e-07 634 0

0101000
+199 0 *
Ve
1.5e-07
-32.2665 10.452 13.95
0 0

0101101
*
Ed
 1.5e-07 1 1 0
1  1735 0 0 1.05
0

0101000
+197 0 -397 0 *
Ed
 1.5e-07 1 1 0
1  1736 0 0 1.50041094370842
0

0101000
+202 290 -197 290 *
Wi

0101100
+201 0 -196 0 -195 289 +396 291 *
Fa
0  1.5e-07 635 0

0101000
+194 0 *
Ve
1.5e-07
-33.6285 11.217 13.95
0 0

0101101
*
Ed
 1.5e-07 1 1 0
1  1737 0 0 1.05
0

0101000
+192 0 -395 0 *
Ed
 1.5e-07 1 1 0
1  1738 0 0 1.56213603761004
0

0101000
+197 290 -192 290 *
Wi

0101100
+196 0 -191 0 -190 289 +394 291 *
Fa
0  1.5e-07 636 0

0101000
+189 0 *
Ve
1.5e-07
-35.3775 11.496 13.95
0 0

0101101
*
Ed
 1.5e-07 1 1 0
1  1739 0 0 1.05
0

0101000
+187 0 -393 0 *
Ed
 1.5e-07 1 1 0
1  1740 0 0 1.77111320925569
0

0101000
+192 290 -187 290 *
Wi

0101100
+191 0 -186 0 -185 289 +392 291 *
Fa
0  1.5e-07 637 0

0101000
+184 0 *
Ve
1.5e-07
-37.128 11.217 13.95
0 0

0101101
*
Ed
 1.5e-07 1 1 0
1  1741 0 0 1.05
0

0101000
+182 0 -391 0 *
Ed
 1.5e-07 1 1 0
1  1742 0 0 1.77259449677584
0

0101000
+187 290 -182 290 *
Wi

0101100
+186 0 -181 0 -180 289 +390 291 *
Fa
0  1.5e-07 638 0

0101000
+179 0 *
Ve
1.5e-07
-38.4885 10.452 13.95
0 0

0101101
*
Ed
 1.5e-07 1 1 0
1  1743 0 0 1.05
0

0101000
+177 0 -389 0 *
Ed
 1.5e-07 1 1 0
1  1744 0 0 1.56082838582594
0

0101000
+182 290 -177 290 *
Wi

0101100
+181 0 -176 0 -175 289 +388 291 *
Fa
0  1.5e-07 639 0

0101000
+174 0 *
Ve
1.5e-07
-39.4605 9.309 13.95
0 0

0101101
*
Ed
 1.5e-07 1 1 0
1  1745 0 0 1.05
0

0101000
+172 0 -387 0 *
Ed
 1.5e-07 1 1 0
1  1746 0 0 1.50041094370842
0

0101000
+177 290 -172 290 *
Wi

0101100
+176 0 -171 0 -170 289 +386 291 *
Fa
0  1.5e-07 640 0

0101000
+169 0 *
Ve
1.5e-07
-40.044 7.893 13.95
0 0

0101101
*
Ed
 1.5e-07 1 1 0
1  1747 0 0 1.05
0

0101000
+167 0 -385 0 *
Ed
 1.5e-07 1 1 0
1  1748 0 0 1.53151175313806
0

0101000
+172 290 -167 290 *
Wi

0101100
+171 0 -166 0 -165 289 +384 291 *
Fa
0  1.5e-07 641 0

0101000
+164 0 *
Ve
1.5e-07
-40.2375 6.3105 13.95
0 0

0101101
*
Ed
 1.5e-07 1 1 0
1  1749 0 0 1.05
0

0101000
+162 0 -383 0 *
Ed
 1.5e-07 1 1 0
1  1750 0 0 1.59428620391697
0

0101000
+167 290 -162 290 *
Wi

0101100
+166 0 -161 0 -160 289 +382 291 *
Fa
0  1.5e-07 642 0

0101000
+159 0 *
Ve
1.5e-07
-40.044 4.7295 13.95
0 0

0101101
*
Ed
 1.5e-07 1 1 0
1  1751 0 0 1.05
0

0101000
+157 0 -381 0 *
Ed
 1.5e-07 1 1 0
1  1752 0 0 1.59279730348843
0

0101000
+162 290 -157 290 *
Wi

0101100
+161 0 -156 0 -155 289 +380 291 *
Fa
0  1.5e-07 643 0

0101000
+154 0 *
Ve
1.5e-07
-39.4605 3.3135 13.95
0 0

0101101
*
Ed
 1.5e-07 1 1 0
1  1753 0 0 1.05
0

0101000
+152 0 -379 0 *
Ed
 1.5e-07 1 1 0
1  1754 0 0 1.53151175313806
0

0101000
+157 290 -152 290 *
Wi

0101100
+156 0 -151 0 -150 289 +378 291 *
Fa
0  1.5e-07 644 0

0101000
+149 0 *
Ve
1.5e-07
-38.4885 2.1705 13.95
0 0

0101101
*
Ed
 1.5e-07 1 1 0
1  1755 0 0 1.05
0

0101000
+147 0 -377 0 *
Ed
 1.5e-07 1 1 0
1  1756 0 0 1.50041094370842
0

0101000
+152 290 -147 290 *
Wi

0101100
+151 0 -146 0 -145 289 +376 291 *
Fa
0  1.5e-07 645 0

0101000
+144 0 *
Ve
1.5e-07
-37.128 1.4055 13.95
0 0

0101101
*
Ed
 1.5e-07 1 1 0
1  1757 0 0 1.05
0

0101000
+142 0 -375 0 *
Ed
 1.5e-07 1 1 0
1  1758 0 0 1.56082838582594
0

0101000
+147 290 -142 290 *
Wi

0101100
+146 0 -141 0 -140 289 +374 291 *
Fa
0  1.5e-07 646 0

0101000
+139 0 *
Ve
1.5e-07
-35.3775 1.1265 13.95
0 0

0101101
*
Ed
 1.5e-07 1 1 0
1  1759 0 0 1.05
0

0101000
+137 0 -373 0 *
Ed
 1.5e-07 1 1 0
1  1760 0 0 1.77259449677584
0

0101000
+142 290 -137 290 *
Wi

0101100
+141 0 -136 0 -135 289 +372 291 *
Fa
0  1.5e-07 647 0

0101000
+134 0 *
Ve
1.5e-07
-33.6285 1.4055 13.95
0 0

0101101
*
Ed
 1.5e-07 1 1 0
1  1761 0 0 1.05
0

0101000
+132 0 -371 0 *
Ed
 1.5e-07 1 1 0
1  1762 0 0 1.77111320925569
0

0101000
+137 290 -132 290 *
Wi

0101100
+136 0 -131 0 -130 289 +370 291 *
Fa
0  1.5e-07 648 0

0101000
+129 0 *
Ve
1.5e-07
-32.2665 2.1705 13.95
0 0

0101101
*
Ed
 1.5e-07 1 1 0
1  1763 0 0 1.05
0

0101000
+127 0 -369 0 *
Ed
 1.5e-07 1 1 0
1  1764 0 0 1.56213603761004
0

0101000
+132 290 -127 290 *
Wi

0101100
+131 0 -126 0 -125 289 +368 291 *
Fa
0  1.5e-07 649 0

0101000
+124 0 *
Ve
1.5e-07
-31.2945 3.3135 13.95
0 0

0101101
*
Ed
 1.5e-07 1 1 0
1  1765 0 0 1.05
0

0101000
+122 0 -367 0 *
Ed
 1.5e-07 1 1 0
1  1766 0 0 1.50041094370842
0

0101000
+127 290 -122 290 *
Wi

0101100
+126 0 -121 0 -120 289 +366 291 *
Fa
0  1.5e-07 650 0

0101000
+119 0 *
Ve
1.5e-07
-30.7125 4.7295 13.95
0 0

0101101
*
Ed
 1.5e-07 1 1 0
1  1767 0 0 1.05
0

0101000
+117 0 -365 0 *
Ed
 1.5e-07 1 1 0
1  1768 0 0 1.5309408871671
0

0101000
+122 290 -117 290 *
Wi

0101100
+121 0 -116 0 -115 289 +364 291 *
Fa
0  1.5e-07 651 0

0101000
+114 0 *
Ed
 1.5e-07 1 1 0
1  1769 0 0 1.59298022586597
0

0101000
+117 290 -209 290 *
Wi

0101100
+116 0 -208 0 -112 289 +363 291 *
Fa
0  1.5e-07 652 0

0101000
+111 0 *
Ve
1.5e-07
18.609 6.3105 13.95
0 0

0101101
*
Ed
 1.5e-07 1 1 0
1  1770 0 0 1.05
0

0101000
+109 0 -355 0 *
Ve
1.5e-07
18.414 7.893 13.95
0 0

0101101
*
Ed
 1.5e-07 1 1 0
1  1771 0 0 1.05
0

0101000
+107 0 -354 0 *
Ed
 1.5e-07 1 1 0
1  1772 0 0 1.5944689554833
0

0101000
+109 293 -107 293 *
Wi

0101100
+108 0 -106 0 -105 292 +353 294 *
Fa
0  1.5e-07 653 0

0101000
+104 0 *
Ve
1.5e-07
17.8305 9.309 13.95
0 0

0101101
*
Ed
 1.5e-07 1 1 0
1  1773 0 0 1.05
0

0101000
+102 0 -352 0 *
Ed
 1.5e-07 1 1 0
1  1774 0 0 1.53151175313806
0

0101000
+107 293 -102 293 *
Wi

0101100
+106 0 -101 0 -100 292 +351 294 *
Fa
0  1.5e-07 654 0

0101000
+99 0 *
Ve
1.5e-07
16.8585 10.452 13.95
0 0

0101101
*
Ed
 1.5e-07 1 1 0
1  1775 0 0 1.05
0

0101000
+97 0 -350 0 *
Ed
 1.5e-07 1 1 0
1  1776 0 0 1.50041094370842
0

0101000
+102 293 -97 293 *
Wi

0101100
+101 0 -96 0 -95 292 +349 294 *
Fa
0  1.5e-07 655 0

0101000
+94 0 *
Ve
1.5e-07
15.498 11.217 13.95
0 0

0101101
*
Ed
 1.5e-07 1 1 0
1  1777 0 0 1.05
0

0101000
+92 0 -348 0 *
Ed
 1.5e-07 1 1 0
1  1778 0 0 1.56082838582594
0

0101000
+97 293 -92 293 *
Wi

0101100
+96 0 -91 0 -90 292 +347 294 *
Fa
0  1.5e-07 656 0

0101000
+89 0 *
Ve
1.5e-07
13.749 11.496 13.95
0 0

0101101
*
Ed
 1.5e-07 1 1 0
1  1779 0 0 1.05
0

0101000
+87 0 -346 0 *
Ed
 1.5e-07 1 1 0
1  1780 0 0 1.77111320925569
0

0101000
+92 293 -87 293 *
Wi

0101100
+91 0 -86 0 -85 292 +345 294 *
Fa
0  1.5e-07 657 0

0101000
+84 0 *
Ve
1.5e-07
11.9985 11.217 13.95
0 0

0101101
*
Ed
 1.5e-07 1 1 0
1  1781 0 0 1.05
0

0101000
+82 0 -344 0 *
Ed
 1.5e-07 1 1 0
1  1782 0 0 1.77259449677584
0

0101000
+87 293 -82 293 *
Wi

0101100
+86 0 -81 0 -80 292 +343 294 *
Fa
0  1.5e-07 658 0

0101000
+79 0 *
Ve
1.5e-07
10.638 10.452 13.95
0 0

0101101
*
Ed
 1.5e-07 1 1 0
1  1783 0 0 1.05
0

0101000
+77 0 -342 0 *
Ed
 1.5e-07 1 1 0
1  1784 0 0 1.56082838582594
0

0101000
+82 293 -77 293 *
Wi

0101100
+81 0 -76 0 -75 292 +341 294 *
Fa
0  1.5e-07 659 0

0101000
+74 0 *
Ve
1.5e-07
9.666 9.309 13.95
0 0

0101101
*
Ed
 1.5e-07 1 1 0
1  1785 0 0 1.05
0

0101000
+72 0 -340 0 *
Ed
 1.5e-07 1 1 0
1  1786 0 0 1.50041094370842
0

0101000
+77 293 -72 293 *
Wi

0101100
+76 0 -71 0 -70 292 +339 294 *
Fa
0  1.5e-07 660 0

0101000
+69 0 *
Ve
1.5e-07
9.0825 7.893 13.95
0 0

0101101
*
Ed
 1.5e-07 1 1 0
1  1787 0 0 1.05
0

0101000
+67 0 -338 0 *
Ed
 1.5e-07 1 1 0
1  1788 0 0 1.53151175313806
0

0101000
+72 293 -67 293 *
Wi

0101100
+71 0 -66 0 -65 292 +337 294 *
Fa
0  1.5e-07 661 0

0101000
+64 0 *
Ve
1.5e-07
8.8875 6.3105 13.95
0 0

0101101
*
Ed
 1.5e-07 1 1 0
1  1789 0 0 1.05
0

0101000
+62 0 -336 0 *
Ed
 1.5e-07 1 1 0
1  1790 0 0 1.5944689554833
0

0101000
+67 293 -62 293 *
Wi

0101100
+66 0 -61 0 -60 292 +335 294 *
Fa
0  1.5e-07 662 0

0101000
+59 0 *
Ve
1.5e-07
9.0825 4.7295 13.95
0 0

0101101
*
Ed
 1.5e-07 1 1 0
1  1791 0 0 1.05
0

0101000
+57 0 -334 0 *
Ed
 1.5e-07 1 1 0
1  1792 0 0 1.59298022586597
0

0101000
+62 293 -57 293 *
Wi

0101100
+61 0 -56 0 -55 292 +333 294 *
Fa
0  1.5e-07 663 0

0101000
+54 0 *
Ve
1.5e-07
9.666 3.3135 13.95
0 0

0101101
*
Ed
 1.5e-07 1 1 0
1  1793 0 0 1.05
0

0101000
+52 0 -332 0 *
Ed
 1.5e-07 1 1 0
1  1794 0 0 1.53151175313806
0

0101000
+57 293 -52 293 *
Wi

0101100
+56 0 -51 0 -50 292 +331 294 *
Fa
0  1.5e-07 664 0

0101000
+49 0 *
Ve
1.5e-07
10.638 2.1705 13.95
0 0

0101101
*
Ed
 1.5e-07 1 1 0
1  1795 0 0 1.05
0

0101000
+47 0 -330 0 *
Ed
 1.5e-07 1 1 0
1  1796 0 0 1.50041094370842
0

0101000
+52 293 -47 293 *
Wi

0101100
+51 0 -46 0 -45 292 +329 294 *
Fa
0  1.5e-07 665 0

0101000
+44 0 *
Ve
1.5e-07
11.9985 1.4055 13.95
0 0

0101101
*
Ed
 1.5e-07 1 1 0
1  1797 0 0 1.05
0

0101000
+42 0 -328 0 *
Ed
 1.5e-07 1 1 0
1  1798 0 0 1.56082838582594
0

0101000
+47 293 -42 293 *
Wi

0101100
+46 0 -41 0 -40 292 +327 294 *
Fa
0  1.5e-07 666 0

0101000
+39 0 *
Ve
1.5e-07
13.749 1.1265 13.95
0 0

0101101
*
Ed
 1.5e-07 1 1 0
1  1799 0 0 1.05
0

0101000
+37 0 -326 0 *
Ed
 1.5e-07 1 1 0
1  1800 0 0 1.77259449677584
0

0101000
+42 293 -37 293 *
Wi

0101100
+41 0 -36 0 -35 292 +325 294 *
Fa
0  1.5e-07 667 0

0101000
+34 0 *
Ve
1.5e-07
15.498 1.4055 13.95
0 0

0101101
*
Ed
 1.5e-07 1 1 0
1  1801 0 0 1.05
0

0101000
+32 0 -324 0 *
Ed
 1.5e-07 1 1 0
1  1802 0 0 1.77111320925569
0

0101000
+37 293 -32 293 *
Wi

0101100
+36 0 -31 0 -30 292 +323 294 *
Fa
0  1.5e-07 668 0

0101000
+29 0 *
Ve
1.5e-07
16.8585 2.1705 13.95
0 0

0101101
*
Ed
 1.5e-07 1 1 0
1  1803 0 0 1.05
0

0101000
+27 0 -322 0 *
Ed
 1.5e-07 1 1 0
1  1804 0 0 1.56082838582594
0

0101000
+32 293 -27 293 *
Wi

0101100
+31 0 -26 0 -25 292 +321 294 *
Fa
0  1.5e-07 669 0

0101000
+24 0 *
Ve
1.5e-07
17.8305 3.3135 13.95
0 0

0101101
*
Ed
 1.5e-07 1 1 0
1  1805 0 0 1.05
0

0101000
+22 0 -320 0 *
Ed
 1.5e-07 1 1 0
1  1806 0 0 1.50041094370842
0

0101000
+27 293 -22 293 *
Wi

0101100
+26 0 -21 0 -20 292 +319 294 *
Fa
0  1.5e-07 670 0

0101000
+19 0 *
Ve
1.5e-07
18.414 4.7295 13.95
0 0

0101101
*
Ed
 1.5e-07 1 1 0
1  1807 0 0 1.05
0

0101000
+17 0 -318 0 *
Ed
 1.5e-07 1 1 0
1  1808 0 0 1.53151175313806
0

0101000
+22 293 -17 293 *
Wi

0101100
+21 0 -16 0 -15 292 +317 294 *
Fa
0  1.5e-07 671 0

0101000
+14 0 *
Ed
 1.5e-07 1 1 0
1  1809 0 0 1.59298022586597
0

0101000
+17 293 -109 293 *
Wi

0101100
+16 0 -108 0 -12 292 +316 294 *
Fa
0  1.5e-07 672 0

0101000
+11 0 *
Wi

0101100
+212 286 +215 286 +220 286 +225 286 +230 286 +235 286 +240 286 +245 286 +250 286 +255 286 
+260 286 +265 286 +270 286 +275 286 +280 286 +285 286 +290 286 +295 286 +300 286 +305 286 
*
Fa
0  1.5e-07 673 183

0101000
+9 0 *
Wi

0101100
+112 289 +115 289 +120 289 +125 289 +130 289 +135 289 +140 289 +145 289 +150 289 +155 289 
+160 289 +165 289 +170 289 +175 289 +180 289 +185 289 +190 289 +195 289 +200 289 +205 289 
*
Fa
0  1.5e-07 674 183

0101000
+7 0 *
Wi

0101100
+12 292 +15 292 +20 292 +25 292 +30 292 +35 292 +40 292 +45 292 +50 292 +55 292 
+60 292 +65 292 +70 292 +75 292 +80 292 +85 292 +90 292 +95 292 +100 292 +105 292 
*
Fa
0  1.5e-07 675 183

0101000
+5 0 *
Sh

0101100
-4437 0 -4430 0 -4423 0 -4376 0 +4288 0 -4285 0 -4282 0 -4279 0 -4276 0 +4273 0 
-4270 0 -4267 0 -4264 0 -4261 0 +4258 0 -4255 0 -4252 0 -4249 0 -4246 0 -4243 0 
-4240 0 -4238 0 +4235 0 +4232 0 +4229 0 +4226 0 -4215 0 -4210 0 -4205 0 -4200 0 
-4195 0 +4190 0 -4185 0 -4180 0 -4171 0 -4166 0 -4161 0 -4152 0 -4147 0 -4142 0 
+4137 0 -4132 0 -4127 0 -4122 0 -4117 0 -4110 0 +4013 0 -4008 0 +3675 0 -3670 0 
+3575 0 -3572 0 -3569 0 -3567 0 -3560 40 -3555 40 -3550 40 -3547 40 -3540 44 -3535 44 
-3530 44 -3527 44 -3520 47 -3515 47 -3510 47 -3507 47 -3500 50 -3495 50 -3490 50 -3487 50 
-3480 0 -3475 0 -3470 0 -3467 0 +3460 0 +3455 0 +3450 0 +3447 0 +3440 54 +3435 54 
+3430 54 +3427 54 +3420 57 +3415 57 +3410 57 +3407 57 +3400 60 +3395 60 +3390 60 +3387 60 
+3380 63 +3375 63 +3370 63 +3367 63 -3365 0 -3358 0 -3353 0 -3348 0 -3345 0 -3338 71 
-3333 71 -3328 71 -3325 71 -3318 74 -3313 74 -3308 74 -3305 74 -3298 77 -3293 77 -3288 77 
-3285 77 -3278 80 -3273 80 -3268 80 -3265 80 -3258 83 -3253 83 -3248 83 -3245 83 -3238 86 
-3233 86 -3228 86 -3225 86 -3218 89 -3213 89 -3208 89 -3205 89 -3198 92 -3193 92 -3188 92 
-3185 92 -3178 95 -3173 95 -3168 95 -3165 95 -3158 98 -3153 98 -3148 98 -3145 98 -3138 101 
-3133 101 -3128 101 -3125 101 -3118 104 -3113 104 -3108 104 -3105 104 -3098 107 -3093 107 -3088 107 
-3085 107 -3078 110 -3073 110 -3068 110 -3065 110 -3058 113 -3053 113 -3048 113 -3045 113 -3038 116 
-3033 116 -3028 116 -3025 116 +3018 0 +3013 0 +3008 0 +3005 0 +2998 71 +2993 71 +2988 71 
+2985 71 +2978 74 +2973 74 +2968 74 +2965 74 +2958 77 +2953 77 +2948 77 +2945 77 +2938 80 
+2933 80 +2928 80 +2925 80 +2918 83 +2913 83 +2908 83 +2905 83 +2898 86 +2893 86 +2888 86 
+2885 86 +2878 89 +2873 89 +2868 89 +2865 89 -2858 0 -2853 0 -2848 0 -2843 0 -2838 0 
-2833 0 -2828 0 -2825 0 +2818 92 +2813 92 +2808 92 +2805 92 +2798 95 +2793 95 +2788 95 
+2785 95 +2778 98 +2773 98 +2768 98 +2765 98 +2758 101 +2753 101 +2748 101 +2745 101 +2738 104 
+2733 104 +2728 104 +2725 104 +2718 107 +2713 107 +2708 107 +2705 107 +2698 110 +2693 110 +2688 110 
+2685 110 +2678 113 +2673 113 +2668 113 +2665 113 +2658 116 +2653 116 +2648 116 +2645 116 +2638 40 
+2633 40 +2628 40 +2625 40 +2618 44 +2613 44 +2608 44 +2605 44 +2598 47 +2593 47 +2588 47 
+2585 47 +2578 50 +2573 50 +2568 50 +2565 50 +2558 0 +2553 0 +2548 0 +2545 0 -2538 0 
-2533 0 -2528 0 -2525 0 -2518 54 -2513 54 -2508 54 -2505 54 -2498 57 -2493 57 -2488 57 
-2485 57 -2478 60 -2473 60 -2468 60 -2465 60 -2458 63 -2453 63 -2448 63 -2445 63 +2443 40 
+2441 44 +2439 47 +2437 50 +2435 0 -2433 0 -2431 54 -2429 57 -2427 60 -2425 63 +2423 0 
+2421 71 +2419 74 +2417 77 +2415 80 +2413 83 +2411 86 +2409 89 +2407 92 +2405 95 +2403 98 
+2401 101 +2399 104 +2397 107 +2395 110 +2393 113 +2391 116 -2389 0 -2387 71 -2385 74 -2383 77 
-2381 80 -2379 83 -2377 86 -2375 89 +1828 0 -1826 92 -1824 95 -1822 98 -1820 101 -1818 104 
-1816 107 -1814 110 -1812 113 -1810 116 -1808 40 -1806 44 -1804 47 -1802 50 -1800 0 +1798 0 
+1796 54 +1794 57 +1792 60 +1790 63 -1783 0 -1778 0 -1775 0 -1768 0 -1763 0 -1758 0 
-1755 0 -1748 0 -1743 0 -1738 0 -1733 0 -1728 0 -1723 0 -1718 0 -1713 0 -1708 0 
-1703 0 -1698 0 -1693 0 -1688 0 -1683 0 -1678 0 -1673 0 -1668 0 -1663 0 -1658 0 
-1653 0 -1648 0 -1643 0 -1638 0 -1633 0 -1628 0 -1623 0 -1618 0 -1613 0 -1608 0 
-1603 0 -1598 0 -1593 0 -1588 0 -1583 0 -1578 0 -1573 0 -1568 0 -1563 0 -1558 0 
-1553 0 -1548 0 -1543 0 -1538 0 -1533 0 -1528 0 -1523 0 -1518 0 -1513 0 -1508 0 
-1503 0 -1498 0 -1493 0 -1488 0 -1483 0 -1478 0 -1475 0 -1468 0 -1463 0 -1458 0 
-1453 0 -1448 0 -1443 0 -1438 0 -1433 0 -1428 0 -1423 0 -1418 0 -1413 0 -1408 0 
-1403 0 -1398 0 -1393 0 -1388 0 -1383 0 -1378 0 -1373 0 -1368 0 -1363 0 -1358 0 
-1353 0 -1350 0 -1343 0 -1338 0 -1333 0 -1328 0 -1323 0 -1318 0 -1313 0 -1308 0 
-1303 0 -1298 0 -1293 0 -1288 0 -1283 0 -1278 0 -1273 0 -1268 0 -1263 0 -1258 0 
-1253 0 -1248 0 -1243 0 -1238 0 -1233 0 -1228 0 -1223 0 -1218 0 -1213 0 -1210 0 
-1203 0 -1198 0 -1193 0 -1188 0 -1183 0 -1178 0 -1173 0 -1168 0 -1163 0 -1158 0 
-1153 0 -1148 0 -1143 0 -1138 0 -1133 0 -1128 0 -1123 0 -1118 0 -1113 0 -1110 0 
-1103 0 -1098 0 -1093 0 -1088 0 -1083 0 -1078 0 -1073 0 -1068 0 -1063 0 -1058 0 
-1053 0 -1048 0 -1043 0 -1038 0 -1033 0 -1028 0 -1023 0 -1018 0 -1013 0 -1008 0 
-1003 0 -998 0 -993 0 -988 0 -983 0 -978 0 -973 0 -970 0 -963 0 -958 0 
-953 0 -948 0 -943 0 -938 0 -933 0 -928 0 -923 0 -918 0 -913 0 -908 0 
-903 0 -898 0 -893 0 -888 0 -883 0 -878 0 -873 0 -868 0 -863 0 -858 0 
-853 0 -848 0 -843 0 -838 0 -833 0 -830 0 -823 0 -818 0 -813 0 -808 0 
-803 0 -798 0 -793 0 -788 0 -783 0 -778 0 -773 0 -768 0 -763 0 -758 0 
-753 0 -748 0 -743 0 -738 0 -733 0 -730 0 -723 0 -718 0 -713 0 -708 0 
-703 0 -698 0 -693 0 -688 0 -683 0 -678 0 -673 0 -668 0 -663 0 -658 0 
-653 0 -648 0 -643 0 -638 0 -633 0 -628 0 -623 0 -618 0 -613 0 -608 0 
-603 0 -598 0 -593 0 -588 0 -583 0 -578 0 -573 0 -568 0 -563 0 -558 0 
-553 0 -548 0 -543 0 -538 0 -533 0 -528 0 -523 0 -518 0 -513 0 -508 0 
-503 0 -498 0 -493 0 -488 0 -483 0 -478 0 -475 0 -468 0 -463 0 -458 0 
-455 0 +453 233 +451 236 +449 239 +406 267 +404 245 +361 273 +359 251 +357 256 +314 280 
+312 262 +310 265 +303 0 +298 0 +293 0 +288 0 +283 0 +278 0 +273 0 +268 0 
+263 0 +258 0 +253 0 +248 0 +243 0 +238 0 +233 0 +228 0 +223 0 +218 0 
+213 0 +210 0 +203 0 +198 0 +193 0 +188 0 +183 0 +178 0 +173 0 +168 0 
+163 0 +158 0 +153 0 +148 0 +143 0 +138 0 +133 0 +128 0 +123 0 +118 0 
+113 0 +110 0 +103 0 +98 0 +93 0 +88 0 +83 0 +78 0 +73 0 +68 0 
+63 0 +58 0 +53 0 +48 0 +43 0 +38 0 +33 0 +28 0 +23 0 +18 0 
+13 0 +10 0 +8 0 +6 0 +4 0 *
So

0100000
+3 0 *
Co

0100000
+2 0 *

+1 0 